sequence,width,height,qp,gop,operation,mode,metric,n,mean,sample_std,cv_percent,minimum,maximum,ci95_low,ci95_high
akiyo-qcif,176,144,0,1,decode,memory,process_peak_rss_mib,10,1377.0953125,2.360184136227731,0.17138858253340625,1374.21875,1382.2421875,1375.40693847883,1378.7836865211702
akiyo-qcif,176,144,0,1,decode,throughput,codec_seconds,10,2.4681362563030236,0.02458966624880272,0.9962847952987465,2.4307520920046954,2.501764728996932,2.4505458687368735,2.4857266438691736
akiyo-qcif,176,144,0,1,decode,throughput,throughput_fps,10,40.52003161408919,0.40484086781317435,0.9991129120254868,39.97178425330763,41.13953057118539,40.2304259034872,40.80963732469118
akiyo-qcif,176,144,0,1,decode,throughput,process_seconds,10,12.480445031999398,0.15382430302219122,1.2325225793454593,12.300225350998517,12.760389935000148,12.370405754529132,12.590484309469664
akiyo-qcif,176,144,0,1,encode,memory,process_peak_rss_mib,10,1402.141796875,2.9810566204770446,0.21260735733868177,1397.61328125,1405.55078125,1400.009277434506,1404.274316315494
akiyo-qcif,176,144,0,1,encode,throughput,codec_seconds,10,2.678838655494064,0.0400703485789309,1.4958104511725674,2.6320607680008834,2.74342066598183,2.650174054914199,2.707503256073929
akiyo-qcif,176,144,0,1,encode,throughput,throughput_fps,10,37.33707856987212,0.5548765937729977,1.4861275038822572,36.45084446581271,37.993043783693686,36.940143766565164,37.734013373179074
akiyo-qcif,176,144,0,1,encode,throughput,process_seconds,10,12.6670964189997,0.18097679942071315,1.4287157327488362,12.464360424997722,12.984217297000214,12.537633415716899,12.7965594222825
akiyo-qcif,176,144,0,100,decode,memory,process_peak_rss_mib,10,1404.36875,2.5203061227703984,0.17946184880362784,1401.078125,1409.24609375,1402.5658316099618,1406.1716683900383
akiyo-qcif,176,144,0,100,decode,throughput,codec_seconds,10,1.61334458299998,0.01822234606099074,1.1294763842146278,1.5869675049834768,1.641186017003747,1.6003091019025926,1.6263800640973674
akiyo-qcif,176,144,0,100,decode,throughput,throughput_fps,10,61.990153636721374,0.6999477496503046,1.1291273026232242,60.93154521421424,63.01326251859277,61.489441180203066,62.49086609323968
akiyo-qcif,176,144,0,100,decode,throughput,process_seconds,10,11.649658184299733,0.17420524030205786,1.4953678257859497,11.431481651000468,11.931783918000292,11.525039262596529,11.774277106002938
akiyo-qcif,176,144,0,100,encode,memory,process_peak_rss_mib,10,1473.862109375,3.0271379578351,0.2053881389975332,1469.73828125,1479.609375,1471.6966253315916,1476.0275934184085
akiyo-qcif,176,144,0,100,encode,throughput,codec_seconds,10,1.663658854504638,0.020707825570035834,1.2447158570980996,1.6299238849915128,1.696787248016335,1.6488453684758517,1.6784723405334243
akiyo-qcif,176,144,0,100,encode,throughput,throughput_fps,10,60.11686416575037,0.7487421970447949,1.2454777996743325,58.934907789357275,61.35255819048306,59.58124626431628,60.652482067184465
akiyo-qcif,176,144,0,100,encode,throughput,process_seconds,10,11.636969738800417,0.15775232869103262,1.355613464947399,11.482407855000929,11.93253957500201,11.524120521041187,11.749818956559647
akiyo-qcif,176,144,0,30,decode,memory,process_peak_rss_mib,10,1405.913671875,1.8891783897598193,0.13437371209573004,1403.046875,1408.953125,1404.562235067309,1407.265108682691
akiyo-qcif,176,144,0,30,decode,throughput,codec_seconds,10,1.628010987402695,0.025364314235726222,1.5579940450028584,1.5957616020023124,1.6594326459999138,1.609866450049417,1.6461555247559727
akiyo-qcif,176,144,0,30,decode,throughput,throughput_fps,10,61.438049020605405,0.955839363635937,1.5557775334229165,60.26156002236755,62.66600216130222,60.75428273084712,62.12181531036369
akiyo-qcif,176,144,0,30,decode,throughput,process_seconds,10,11.584847476099867,0.12242502372514906,1.0567685416464752,11.423254758999974,11.882509701001254,11.497269889916675,11.67242506228306
akiyo-qcif,176,144,0,30,encode,memory,process_peak_rss_mib,10,1474.305859375,2.681717076654605,0.18189692861910353,1469.8203125,1479.7421875,1472.387474544404,1476.2242442055958
akiyo-qcif,176,144,0,30,encode,throughput,codec_seconds,10,1.706409931402959,0.015892479777662498,0.9313400892244091,1.6829467580173514,1.7330704439991678,1.6950411362412965,1.7177787265646216
akiyo-qcif,176,144,0,30,encode,throughput,throughput_fps,10,58.607132239386104,0.5448276517823516,0.9296268746898484,57.701059034417426,59.419586224942826,58.21738601612967,58.996878462642535
akiyo-qcif,176,144,0,30,encode,throughput,process_seconds,10,11.742124660900254,0.11646196823012156,0.9918304531199941,11.499177429001065,11.905843853000988,11.658812787646008,11.8254365341545
akiyo-qcif,176,144,21,1,decode,memory,process_peak_rss_mib,10,1375.6984375,2.6841258393129337,0.1951100449158527,1372.19140625,1378.52734375,1373.7783295444017,1377.6185454555982
akiyo-qcif,176,144,21,1,decode,throughput,codec_seconds,10,2.453712840199819,0.06291783255448813,2.564188910930767,2.3141777830278443,2.5285086130024865,2.4087041341743984,2.4987215462252395
akiyo-qcif,176,144,21,1,decode,throughput,throughput_fps,10,40.77924733409032,1.0700821893248662,2.624085188620701,39.54900508772823,43.21189181462157,40.01375665001993,41.544738018160714
akiyo-qcif,176,144,21,1,decode,throughput,process_seconds,10,12.496292642700269,0.19892704740997785,1.5918885152404096,12.272333031000016,12.789936342000146,12.353988805554787,12.63859647984575
akiyo-qcif,176,144,21,1,encode,memory,process_peak_rss_mib,10,1401.321484375,2.6947815814159464,0.19230288063540532,1397.578125,1407.3671875,1399.3937537607003,1403.2492149892996
akiyo-qcif,176,144,21,1,encode,throughput,codec_seconds,10,2.6659206705000313,0.03537733206137316,1.3270211845702684,2.610769753995555,2.7137316610096605,2.6406132516957506,2.691228089304312
akiyo-qcif,176,144,21,1,encode,throughput,throughput_fps,10,37.5164404870427,0.4979647819847636,1.327324169137925,36.84962718929785,38.30287977212802,37.16021794132873,37.87266303275667
akiyo-qcif,176,144,21,1,encode,throughput,process_seconds,10,12.698465116300394,0.13882615322105024,1.0932514437736727,12.53709706600057,12.972256880000714,12.599154868866886,12.797775363733901
akiyo-qcif,176,144,21,100,decode,memory,process_peak_rss_mib,10,1405.358984375,2.120678025750194,0.15089938224526417,1403.05078125,1408.9765625,1403.8419427039778,1406.8760260460224
akiyo-qcif,176,144,21,100,decode,throughput,codec_seconds,10,1.6072311449039263,0.014766972966896117,0.9187834004908377,1.5893545819963038,1.6335592879895557,1.5966674888120422,1.6177948009958103
akiyo-qcif,176,144,21,100,decode,throughput,throughput_fps,10,62.22351213837959,0.5693562652714192,0.9150178858519289,61.216021196923556,62.91862189392333,61.816219202070315,62.630805074688865
akiyo-qcif,176,144,21,100,decode,throughput,process_seconds,10,11.556102109900394,0.06128031564263521,0.5302853424091405,11.425069643000825,11.630280635001327,11.512264812906482,11.599939406894306
akiyo-qcif,176,144,21,100,encode,memory,process_peak_rss_mib,10,1474.299609375,1.6432044557868613,0.11145661610013348,1471.578125,1475.76171875,1473.124131719661,1475.4750870303392
akiyo-qcif,176,144,21,100,encode,throughput,codec_seconds,10,1.6625978173051408,0.014348695723150305,0.8630286635650534,1.6356494659976306,1.6830552579967843,1.652333378728173,1.6728622558821085
akiyo-qcif,176,144,21,100,encode,throughput,throughput_fps,10,60.15088074445714,0.5206302380562929,0.8655405068266911,59.41575567698388,61.13779393374305,59.77844430821584,60.52331718069844
akiyo-qcif,176,144,21,100,encode,throughput,process_seconds,10,11.693861979700433,0.12678017120045038,1.0841599757251297,11.489003991002392,11.872543565000342,11.603168908694341,11.784555050706524
akiyo-qcif,176,144,21,30,decode,memory,process_peak_rss_mib,10,1406.9421875,2.418929380281325,0.17192812908535554,1403.11328125,1411.0859375,1405.2117896628042,1408.6725853371959
akiyo-qcif,176,144,21,30,decode,throughput,codec_seconds,10,1.6402670069007854,0.020777812483226445,1.2667335498313312,1.6050704230005977,1.6678603479958838,1.6254034552503218,1.655130558551249
akiyo-qcif,176,144,21,30,decode,throughput,throughput_fps,10,60.97450602133092,0.7738728803347313,1.26917449739405,59.95705822742349,62.302562284497824,60.42091071205406,61.528101330607775
akiyo-qcif,176,144,21,30,decode,throughput,process_seconds,10,11.683284551299858,0.18953199873444,1.6222492733291602,11.379868627000178,11.966871680000622,11.547701527106183,11.818867575493533
akiyo-qcif,176,144,21,30,encode,memory,process_peak_rss_mib,10,1473.718359375,2.638975339666937,0.17906917715174012,1469.77734375,1477.68359375,1471.8305501411307,1475.6061686088694
akiyo-qcif,176,144,21,30,encode,throughput,codec_seconds,10,1.706158694896169,0.025576956681355057,1.4990959960445875,1.6593528899575176,1.74526282899933,1.6878620423009119,1.724455347491426
akiyo-qcif,176,144,21,30,encode,throughput,throughput_fps,10,58.62310136335018,0.8826042584333063,1.5055570891121264,57.29796013436919,60.2644564668581,57.991724311856764,59.2544784148436
akiyo-qcif,176,144,21,30,encode,throughput,process_seconds,10,11.739869729000782,0.15859360060731237,1.3508974483383027,11.522150740998768,11.994806104999952,11.626418701566458,11.853320756435107
akiyo-qcif,176,144,42,1,decode,memory,process_peak_rss_mib,10,1375.456640625,2.1184951453906704,0.15402122341188723,1372.421875,1378.640625,1373.9411604925178,1376.9721207574823
akiyo-qcif,176,144,42,1,decode,throughput,codec_seconds,10,2.4866314921030606,0.024254895182046973,0.9754117270321173,2.456425168998976,2.5254272800029867,2.4692805853314277,2.5039823988746934
akiyo-qcif,176,144,42,1,decode,throughput,throughput_fps,10,40.218482879594916,0.3915055650324222,0.9734468756678407,39.597259755537976,40.70956496539695,39.938416669930106,40.498549089259726
akiyo-qcif,176,144,42,1,decode,throughput,process_seconds,10,12.531420884200088,0.20249887874916364,1.6159291162622988,12.291813411999101,12.866350118998525,12.386561912839221,12.676279855560955
akiyo-qcif,176,144,42,1,encode,memory,process_peak_rss_mib,10,1402.605859375,2.6407395718590614,0.18827381578426977,1398.09765625,1405.8828125,1400.7167880854483,1404.4949306645515
akiyo-qcif,176,144,42,1,encode,throughput,codec_seconds,10,2.688228164305838,0.03404326043926862,1.2663828499118255,2.6408890019993123,2.7382428090022586,2.663875082849465,2.7125812457622107
akiyo-qcif,176,144,42,1,encode,throughput,throughput_fps,10,37.20459797438773,0.47158558740182355,1.2675465213371504,36.5197708805222,37.866036749100004,36.867245967692135,37.54194998108333
akiyo-qcif,176,144,42,1,encode,throughput,process_seconds,10,12.797061116500208,0.14249727721684372,1.1135156417523966,12.595496010002535,13.037094136001542,12.695124705163702,12.898997527836714
akiyo-qcif,176,144,42,100,decode,memory,process_peak_rss_mib,10,1405.971484375,2.240423511553555,0.15935056553081486,1403.02734375,1409.43359375,1404.3687819437516,1407.5741868062485
akiyo-qcif,176,144,42,100,decode,throughput,codec_seconds,10,1.6078896168055508,0.016585558760379208,1.031511030796399,1.576512317000379,1.6375563820183743,1.5960250228072312,1.6197542108038703
akiyo-qcif,176,144,42,100,decode,throughput,throughput_fps,10,62.19928558602285,0.6422176305000893,1.0325160883269142,61.06659965914868,63.43115681472723,61.73987076892012,62.658700403125586
akiyo-qcif,176,144,42,100,decode,throughput,process_seconds,10,11.618269035300045,0.16636831259456264,1.4319543822671184,11.407609945999866,11.924004807000529,11.499256313953849,11.737281756646242
akiyo-qcif,176,144,42,100,encode,memory,process_peak_rss_mib,10,1473.8,2.4343817694867367,0.16517721329126997,1469.70703125,1477.7734375,1472.0585481894725,1475.5414518105274
akiyo-qcif,176,144,42,100,encode,throughput,codec_seconds,10,1.6647194703925834,0.020213111243889637,1.214205252199211,1.628587901002902,1.6832487369983937,1.6502598816734793,1.6791790591116875
akiyo-qcif,176,144,42,100,encode,throughput,throughput_fps,10,60.07825487247227,0.7388504315556693,1.2298134044073392,59.40892620440768,61.40288770315616,59.54971311379288,60.60679663115166
akiyo-qcif,176,144,42,100,encode,throughput,process_seconds,10,11.705913234400033,0.13459727054176004,1.1498228958866754,11.453640964999977,11.882844075999856,11.609628147395618,11.802198321404447
akiyo-qcif,176,144,42,30,decode,memory,process_peak_rss_mib,10,1405.573046875,2.803061570501619,0.1994248236855171,1401.2421875,1409.51953125,1403.5678574227315,1407.5782363272685
akiyo-qcif,176,144,42,30,decode,throughput,codec_seconds,10,1.6416271752978446,0.01720746407978901,1.0481956158326275,1.5959030270023504,1.6597167729960347,1.6293176970344367,1.6539366535612525
akiyo-qcif,176,144,42,30,decode,throughput,throughput_fps,10,60.921319464106176,0.651797563878566,1.069900602304903,60.25124384293905,62.660448854360574,60.45505157550258,61.38758735270977
akiyo-qcif,176,144,42,30,decode,throughput,process_seconds,10,11.609571904999711,0.1042335960991628,0.8978246308485687,11.374767363999126,11.743807318000108,11.535007682197904,11.68413612780152
akiyo-qcif,176,144,42,30,encode,memory,process_peak_rss_mib,10,1474.371484375,2.49109229162486,0.16895960875700589,1471.71484375,1477.71484375,1472.5894643008207,1476.153504449179
akiyo-qcif,176,144,42,30,encode,throughput,codec_seconds,10,1.707162421805333,0.023404690148590007,1.3709703218419855,1.6611240650036052,1.734981947018241,1.6904197150758589,1.723905128534807
akiyo-qcif,176,144,42,30,encode,throughput,throughput_fps,10,58.586721737831894,0.8094992361283723,1.3817110978674965,57.63748733631557,60.20019943530405,58.00764086890413,59.165802606759655
akiyo-qcif,176,144,42,30,encode,throughput,process_seconds,10,11.780795577799609,0.19864893367193895,1.6862098349816383,11.446238118998735,11.977482867001527,11.638690691237272,11.922900464361945
akiyo-qcif,176,144,63,1,decode,memory,process_peak_rss_mib,10,1375.7484375,2.304541985754632,0.16751187375087476,1372.27734375,1380.39453125,1374.0998674754326,1377.3970075245672
akiyo-qcif,176,144,63,1,decode,throughput,codec_seconds,10,2.490917652904386,0.05671157068713301,2.2767340630874675,2.3640346140091424,2.569793794016732,2.450348639165928,2.531486666642844
akiyo-qcif,176,144,63,1,decode,throughput,throughput_fps,10,40.16492143477005,0.9313700716095535,2.3188644178531446,38.91362810231337,42.300565062544074,39.498659422046615,40.83118344749349
akiyo-qcif,176,144,63,1,decode,throughput,process_seconds,10,12.531647905600106,0.1863242953618274,1.4868299585608638,12.24958014600088,12.816874084001029,12.398359534166277,12.664936277033936
akiyo-qcif,176,144,63,1,encode,memory,process_peak_rss_mib,10,1403.158984375,2.962781858560819,0.2111508311996813,1399.4765625,1407.5546875,1401.0395379116476,1405.2784308383525
akiyo-qcif,176,144,63,1,encode,throughput,codec_seconds,10,2.6902582834999067,0.038515156722504884,1.4316527509172232,2.6133547660006116,2.7472893949889112,2.6627062001546173,2.717810366845196
akiyo-qcif,176,144,63,1,encode,throughput,throughput_fps,10,37.178059852727216,0.5361831170143172,1.4422030604563278,36.3995144386322,38.26499230069577,36.79449755711585,37.561622148338586
akiyo-qcif,176,144,63,1,encode,throughput,process_seconds,10,12.767472805200281,0.17971129161352156,1.4075713679243076,12.542923654000106,13.026078983002662,12.638915091666892,12.89603051873367
akiyo-qcif,176,144,63,100,decode,memory,process_peak_rss_mib,10,1405.81171875,2.4891970368013925,0.17706475224254795,1403.07421875,1411.1328125,1404.0310544594474,1407.5923830405525
akiyo-qcif,176,144,63,100,decode,throughput,codec_seconds,10,1.6209451067041527,0.012863359237937693,0.7935715518517835,1.594851441011997,1.6425929440010805,1.611743213839545,1.6301469995687603
akiyo-qcif,176,144,63,100,decode,throughput,throughput_fps,10,61.69591182294348,0.49120592432540866,0.7961725660771237,60.87935563415778,62.70176483431335,61.34452427273248,62.04729937315448
akiyo-qcif,176,144,63,100,decode,throughput,process_seconds,10,11.629754207799987,0.15895001132485725,1.3667529724596477,11.358436765000079,11.86621330500202,11.516048219497511,11.743460196102463
akiyo-qcif,176,144,63,100,encode,memory,process_peak_rss_mib,10,1473.991796875,2.604818570747795,0.17671866127547337,1469.765625,1477.7578125,1472.128421921662,1475.8551718283381
akiyo-qcif,176,144,63,100,encode,throughput,codec_seconds,10,1.6722626694008569,0.018400880961030996,1.1003582928526245,1.6498737659931066,1.6956779169886431,1.659099472129772,1.6854258666719417
akiyo-qcif,176,144,63,100,encode,throughput,throughput_fps,10,59.80572420911879,0.6569853623551968,1.098532575340044,58.9734636502138,60.61069765528826,59.33574519304825,60.27570322518934
akiyo-qcif,176,144,63,100,encode,throughput,process_seconds,10,11.74871467759981,0.15168820583263928,1.2911046867267035,11.513116801999786,11.926838980001776,11.640203472005878,11.857225883193744
akiyo-qcif,176,144,63,30,decode,memory,process_peak_rss_mib,10,1405.474609375,1.95916189427067,0.1393950400243722,1403.03125,1409.0546875,1404.0731093840543,1406.8761093659457
akiyo-qcif,176,144,63,30,decode,throughput,codec_seconds,10,1.6450964203959302,0.014169122771428667,0.8612943652274523,1.6263620959989566,1.666036874992642,1.6349604405700988,1.6552324002217615
akiyo-qcif,176,144,63,30,decode,throughput,throughput_fps,10,60.7907685579972,0.5235087196693277,0.8611648315810915,60.02268107087465,61.48692240554046,60.41627298005535,61.16526413593904
akiyo-qcif,176,144,63,30,decode,throughput,process_seconds,10,11.643916452999838,0.1660774710676187,1.426302496569631,11.424742407998565,11.93104150599902,11.525111787148479,11.762721118851196
akiyo-qcif,176,144,63,30,encode,memory,process_peak_rss_mib,10,1474.42578125,2.914765237726536,0.19768816272701323,1469.76171875,1480.09765625,1472.3406838079618,1476.5108786920382
akiyo-qcif,176,144,63,30,encode,throughput,codec_seconds,10,1.7134165047992156,0.025133964087699592,1.466891676209509,1.6605468899983862,1.73913815297783,1.6954367500151157,1.7313962595833154
akiyo-qcif,176,144,63,30,encode,throughput,throughput_fps,10,58.37439550866001,0.8688743143343077,1.4884510696224815,57.49974481830298,60.22112389737889,57.752840267496154,58.99595074982386
akiyo-qcif,176,144,63,30,encode,throughput,process_seconds,10,11.743369038400214,0.21163833529521212,1.8021943669075342,11.392238413000086,12.037904916000116,11.591972093682479,11.89476598311795
basketball-1080p,1920,1080,0,1,decode,memory,process_peak_rss_mib,10,1523.729296875,2.7039822884405305,0.17745818066149274,1518.75,1527.16015625,1521.7949844713908,1525.6636092786093
basketball-1080p,1920,1080,0,1,decode,throughput,codec_seconds,10,33.5623356432031,0.06543720780308476,0.19497215121956754,33.454523905020324,33.66375181500007,33.51552468469491,33.60914660171129
basketball-1080p,1920,1080,0,1,decode,throughput,throughput_fps,10,2.9795406081020115,0.005806285222186202,0.1948718270997101,2.970554219552007,2.989132360212533,2.9753870418703903,2.9836941743336327
basketball-1080p,1920,1080,0,1,decode,throughput,process_seconds,10,46.55014157249957,0.12109771119858684,0.260144667895334,46.38700467999843,46.76237944800232,46.46351348849861,46.636769656500526
basketball-1080p,1920,1080,0,1,encode,memory,process_peak_rss_mib,10,1646.549609375,2.7855784058957656,0.16917670685629202,1641.94140625,1649.60546875,1644.55692662527,1648.54229212473
basketball-1080p,1920,1080,0,1,encode,throughput,codec_seconds,10,52.09508662469998,0.0944619732166186,0.18132606995576256,51.96049118999508,52.304254846010735,52.02751259980957,52.16266064959039
basketball-1080p,1920,1080,0,1,encode,throughput,throughput_fps,10,1.9195724960953156,0.0034754404675466028,0.18105283726538823,1.911890348011086,1.924539158691688,1.917086315755629,1.922058676435002
basketball-1080p,1920,1080,0,1,encode,throughput,process_seconds,10,67.02230702720003,0.11806048111824662,0.17615102546430325,66.88617323999961,67.27501543000108,66.937851646712,67.10676240768805
basketball-1080p,1920,1080,0,100,decode,memory,process_peak_rss_mib,10,1754.86953125,4.475578898630275,0.25503770046325347,1746.91796875,1761.5390625,1751.667894976729,1758.0711675232708
basketball-1080p,1920,1080,0,100,decode,throughput,codec_seconds,10,16.18413999540253,0.0347424660496683,0.214669831449417,16.124955792999117,16.23870092001016,16.159286732384075,16.208993258420982
basketball-1080p,1920,1080,0,100,decode,throughput,throughput_fps,10,6.178914358064704,0.013271988325978193,0.21479482570681085,6.158128072718851,6.201567389314422,6.169420149559993,6.188408566569414
basketball-1080p,1920,1080,0,100,decode,throughput,process_seconds,10,27.87855395279962,0.1220614578912907,0.43783281621403125,27.728599459999714,28.135252583999318,27.791236445946446,27.965871459652796
basketball-1080p,1920,1080,0,100,encode,memory,process_peak_rss_mib,10,1821.0953125,2.6648446534291117,0.14633197038823917,1816.63671875,1824.61328125,1819.1889974738788,1823.0016275261214
basketball-1080p,1920,1080,0,100,encode,throughput,codec_seconds,10,24.159601654103017,0.11340823170894516,0.4694126721650027,23.92712964300881,24.33041208499708,24.078474292358155,24.24072901584788
basketball-1080p,1920,1080,0,100,encode,throughput,throughput_fps,10,4.139223411867383,0.019485374872796092,0.47074953279715326,4.110082461844666,4.179356299397102,4.125284414387054,4.153162409347712
basketball-1080p,1920,1080,0,100,encode,throughput,process_seconds,10,36.58863127149989,0.17558500294835,0.4798895089719276,36.2434862049995,36.86055833900173,36.463025327059086,36.7142372159407
basketball-1080p,1920,1080,0,30,decode,memory,process_peak_rss_mib,10,1754.360546875,4.089149557549089,0.23308490177991018,1749.8125,1763.98046875,1751.4353454995344,1757.2857482504655
basketball-1080p,1920,1080,0,30,decode,throughput,codec_seconds,10,16.756314592405307,0.03103313946925106,0.1852026547849408,16.704572410995752,16.816042535010638,16.73411482177259,16.778514363038024
basketball-1080p,1920,1080,0,30,decode,throughput,throughput_fps,10,5.967917829228025,0.011049445021937287,0.1851474054790493,5.946702370180271,5.986384897477244,5.960013532424639,5.975822126031411
basketball-1080p,1920,1080,0,30,decode,throughput,process_seconds,10,28.365754651699763,0.12807648349414,0.4515179838039855,28.09548385800008,28.52204618399992,28.27413425474211,28.45737504865742
basketball-1080p,1920,1080,0,30,encode,memory,process_peak_rss_mib,10,1822.901171875,5.363660750083038,0.29423760502419793,1815.83984375,1834.71875,1819.0642401162413,1826.7381036337588
basketball-1080p,1920,1080,0,30,encode,throughput,codec_seconds,10,25.060977330499327,0.12538449552584754,0.50031766068937,24.8800050819882,25.319185992986604,24.971282665725532,25.15067199527312
basketball-1080p,1920,1080,0,30,encode,throughput,throughput_fps,10,3.9903569823082123,0.019902446975501,0.4987635708720095,3.9495740513814277,4.019291783521164,3.9761196294189327,4.004594335197492
basketball-1080p,1920,1080,0,30,encode,throughput,process_seconds,10,37.54190977990015,0.19434863738203437,0.5176844718914331,37.325834665,37.972278276,37.40288113998644,37.68093841981386
basketball-1080p,1920,1080,21,1,decode,memory,process_peak_rss_mib,10,1523.489453125,2.946999228052335,0.19343745517945102,1518.41015625,1527.77734375,1521.3812968753757,1525.5976093746242
basketball-1080p,1920,1080,21,1,decode,throughput,codec_seconds,10,33.65402208319465,0.06306290731268095,0.18738594500468883,33.57175574500434,33.75723088197992,33.60890959693907,33.69913456945022
basketball-1080p,1920,1080,21,1,decode,throughput,throughput_fps,10,2.9714224201129595,0.005563147554383081,0.18722169950415857,2.962328289000191,2.9786943751037076,2.9674427840910984,2.9754020561348207
basketball-1080p,1920,1080,21,1,decode,throughput,process_seconds,10,46.69948716229951,0.17986730170116394,0.38515905126763533,46.41796347399941,46.9576233480002,46.57081784587253,46.82815647872649
basketball-1080p,1920,1080,21,1,encode,memory,process_peak_rss_mib,10,1648.773046875,2.984119600082687,0.18099031917938216,1644.890625,1654.4921875,1646.6383363108926,1650.9077574391076
basketball-1080p,1920,1080,21,1,encode,throughput,codec_seconds,10,52.09432743950249,0.0855772217637666,0.16427358979372186,51.916549070992914,52.22095230299965,52.03310918292155,52.155545696083436
basketball-1080p,1920,1080,21,1,encode,throughput,throughput_fps,10,1.9195994655883004,0.0031565194382979847,0.16443635742160434,1.9149401837747768,1.926168086851376,1.9173414276093403,1.9218575035672605
basketball-1080p,1920,1080,21,1,encode,throughput,process_seconds,10,67.13053317349959,0.14808240014603527,0.22058874426531772,66.89841048699964,67.36145889799991,67.02460140590509,67.23646494109408
basketball-1080p,1920,1080,21,100,decode,memory,process_peak_rss_mib,10,1753.327734375,3.2795322729811245,0.1870461641987408,1750.47265625,1759.6953125,1750.9816983152286,1755.6737704347715
basketball-1080p,1920,1080,21,100,decode,throughput,codec_seconds,10,16.196233973402013,0.02501131607166907,0.1544267396528321,16.149163954999494,16.22794478700962,16.17834195572318,16.214125991080845
basketball-1080p,1920,1080,21,100,decode,throughput,throughput_fps,10,6.174288102044813,0.00953880247593848,0.15449234500054185,6.162209775328386,6.192271022738721,6.167464453819133,6.181111750270493
basketball-1080p,1920,1080,21,100,decode,throughput,process_seconds,10,27.882236548600485,0.13734365905957097,0.4925847997170972,27.636846374000015,28.012196009000036,27.783986813603427,27.980486283597543
basketball-1080p,1920,1080,21,100,encode,memory,process_peak_rss_mib,10,1818.441015625,3.2653921171031928,0.17957096705613373,1811.90625,1821.7421875,1816.1050948233872,1820.776936426613
basketball-1080p,1920,1080,21,100,encode,throughput,codec_seconds,10,24.174497967895764,0.08087885782786446,0.3345627195041372,24.077125311998998,24.364422221990026,24.116640718403044,24.232355217388484
basketball-1080p,1920,1080,21,100,encode,throughput,throughput_fps,10,4.136632077609041,0.013789673250762071,0.33335508191321805,4.1043452247246535,4.1533197466129534,4.126767539618278,4.146496615599803
basketball-1080p,1920,1080,21,100,encode,throughput,process_seconds,10,36.58985769249962,0.16507273619601448,0.4511434222654874,36.37854624700003,36.8662727200026,36.471771770677314,36.70794361432193
basketball-1080p,1920,1080,21,30,decode,memory,process_peak_rss_mib,10,1753.00703125,2.8105985567067036,0.16033013596657264,1746.52734375,1755.91796875,1750.9964501625996,1755.0176123374004
basketball-1080p,1920,1080,21,30,decode,throughput,codec_seconds,10,16.748122186300407,0.0280825171861707,0.16767561684701332,16.715868688999763,16.801967280025565,16.728033163694747,16.768211208906067
basketball-1080p,1920,1080,21,30,decode,throughput,throughput_fps,10,5.970833728591749,0.010003885966315025,0.1675458808777529,5.951684010174304,5.982339408170104,5.963677379679384,5.977990077504115
basketball-1080p,1920,1080,21,30,decode,throughput,process_seconds,10,28.31999336699937,0.1266072574646452,0.44705962965435475,28.15141649599991,28.537606369999594,28.22942399102832,28.41056274297042
basketball-1080p,1920,1080,21,30,encode,memory,process_peak_rss_mib,10,1820.674609375,2.635943526727369,0.1447783976968973,1817.16015625,1826.2265625,1818.7889689694546,1822.5602497805455
basketball-1080p,1920,1080,21,30,encode,throughput,codec_seconds,10,25.130383646602287,0.15072267233366735,0.599762719317043,24.932329340001615,25.381862836993605,25.022563142064772,25.2382041511398
basketball-1080p,1920,1080,21,30,encode,throughput,throughput_fps,10,3.979375370787423,0.02380957134073145,0.5983243379229164,3.939821148755552,4.010856692782381,3.9623430295010604,3.9964077120737858
basketball-1080p,1920,1080,21,30,encode,throughput,process_seconds,10,37.59220781650038,0.23273126805789596,0.619094438916522,37.271906584000135,37.99545914200098,37.425721896664065,37.75869373633669
basketball-1080p,1920,1080,42,1,decode,memory,process_peak_rss_mib,10,1526.522265625,2.745553816990302,0.1798567815757471,1521.203125,1531.4140625,1524.5582147413515,1528.4863165086485
basketball-1080p,1920,1080,42,1,decode,throughput,codec_seconds,10,33.86389149250213,0.07762362868481937,0.22922241143492375,33.73566294500051,33.9670575880009,33.808362893657346,33.91942009134691
basketball-1080p,1920,1080,42,1,decode,throughput,throughput_fps,10,2.9530118489753105,0.006768141350778112,0.22919452060873524,2.944028923933809,2.964222169371051,2.9481702123195683,2.9578534856310528
basketball-1080p,1920,1080,42,1,decode,throughput,process_seconds,10,46.91592115239973,0.18436548308338285,0.39296997384853144,46.66125925599954,47.2431464199999,46.78403403085675,47.047808273942714
basketball-1080p,1920,1080,42,1,encode,memory,process_peak_rss_mib,10,1647.407421875,3.064503429208781,0.1860197658767927,1643.03125,1653.92578125,1645.2152081836002,1649.5996355663997
basketball-1080p,1920,1080,42,1,encode,throughput,codec_seconds,10,52.112034902504135,0.08632587405665498,0.16565439100231102,52.00663867399862,52.25891688399133,52.05028109233532,52.17378871267295
basketball-1080p,1920,1080,42,1,encode,throughput,throughput_fps,10,1.9189472622755472,0.003175410163123768,0.1654766770066556,1.91354903550696,1.9228314413251297,1.9166757106861247,1.9212188138649697
basketball-1080p,1920,1080,42,1,encode,throughput,process_seconds,10,67.11912169659976,0.1747064984242082,0.2602931832361251,66.93750927199835,67.45512605299882,66.99414419643722,67.2440991967623
basketball-1080p,1920,1080,42,100,decode,memory,process_peak_rss_mib,10,1752.926953125,3.3597080998051405,0.19166275547396197,1746.9140625,1757.3125,1750.5235627338195,1755.3303435161804
basketball-1080p,1920,1080,42,100,decode,throughput,codec_seconds,10,16.205247202504687,0.01691337443329819,0.10436974038065927,16.188177442996675,16.24013476699838,16.193148103300864,16.21734630170851
basketball-1080p,1920,1080,42,100,decode,throughput,throughput_fps,10,6.170846805164603,0.006433206705489328,0.10425160287734168,6.157584369509682,6.177347657086744,6.1662447663204105,6.175448844008795
basketball-1080p,1920,1080,42,100,decode,throughput,process_seconds,10,27.832502868000482,0.15135960075977503,0.5438231749319096,27.615855769001428,28.0720330740005,27.724226732314754,27.94077900368621
basketball-1080p,1920,1080,42,100,encode,memory,process_peak_rss_mib,10,1820.21015625,3.135460357530586,0.17225815089342578,1815.29296875,1825.84375,1817.9671830298998,1822.4531294701
basketball-1080p,1920,1080,42,100,encode,throughput,codec_seconds,10,24.33166256509271,0.1402558188257249,0.576433354895124,24.14180302600107,24.51386132997868,24.231329596495694,24.431995533689726
basketball-1080p,1920,1080,42,100,encode,throughput,throughput_fps,10,4.109994090437757,0.02368191076857503,0.5762030369745047,4.079324699357225,4.142192689265941,4.093053072023304,4.12693510885221
basketball-1080p,1920,1080,42,100,encode,throughput,process_seconds,10,36.84891856919994,0.24169185038866903,0.655899439585417,36.495679146999464,37.39784880799925,36.676022634911945,37.02181450348793
basketball-1080p,1920,1080,42,30,decode,memory,process_peak_rss_mib,10,1753.996875,5.289710232370759,0.3015803681161496,1745.109375,1764.54296875,1750.2128442547858,1757.7809057452143
basketball-1080p,1920,1080,42,30,decode,throughput,codec_seconds,10,16.76318625849669,0.031121774943001636,0.1856554861533383,16.729112112010625,16.809207656981016,16.740923081865713,16.78544943512767
basketball-1080p,1920,1080,42,30,decode,throughput,throughput_fps,10,5.965471504146353,0.011065634441618448,0.1854947162839883,5.9491203892926565,5.977603553042438,5.957555626129794,5.973387382162912
basketball-1080p,1920,1080,42,30,decode,throughput,process_seconds,10,28.381665726100405,0.14722349173290716,0.5187274529750986,28.132193891999123,28.65688824100289,28.276348384570817,28.486983067629993
basketball-1080p,1920,1080,42,30,encode,memory,process_peak_rss_mib,10,1821.448046875,3.4664950841843187,0.1903153422427652,1817.12890625,1828.91015625,1818.968265677078,1823.927828072922
basketball-1080p,1920,1080,42,30,encode,throughput,codec_seconds,10,24.96155977589386,0.144255735808332,0.5779115452057775,24.60537490200008,25.12919499898271,24.8583654390601,25.06475411272762
basketball-1080p,1920,1080,42,30,encode,throughput,throughput_fps,10,4.006281302323729,0.02334041975124783,0.5825956289616978,3.9794350755783556,4.064152665760495,3.989584571866842,4.022978032780616
basketball-1080p,1920,1080,42,30,encode,throughput,process_seconds,10,37.473491108600314,0.25789507220322316,0.6882066884449825,37.16732340300041,38.066237426000015,37.2890040876886,37.657978129512024
basketball-1080p,1920,1080,63,1,decode,memory,process_peak_rss_mib,10,1529.94765625,3.694855136718733,0.24150206195779667,1525.15234375,1536.515625,1527.3045161114537,1532.590796388546
basketball-1080p,1920,1080,63,1,decode,throughput,codec_seconds,10,34.33846445449535,0.06273179742531144,0.18268667053660007,34.24879807699108,34.4235557929951,34.29358882998434,34.383340079006366
basketball-1080p,1920,1080,63,1,decode,throughput,throughput_fps,10,2.912194881150059,0.005320908778225523,0.18271128806202128,2.904987520793803,2.919810493063162,2.908388532309612,2.9160012299905063
basketball-1080p,1920,1080,63,1,decode,throughput,process_seconds,10,47.44332197969989,0.13435874795824665,0.2831984404796448,47.23135489100059,47.66355427099916,47.34720752147282,47.53943643792696
basketball-1080p,1920,1080,63,1,encode,memory,process_peak_rss_mib,10,1648.27109375,4.355033026598124,0.26421824923774767,1639.56640625,1652.86328125,1645.1556907987715,1651.3864967012287
basketball-1080p,1920,1080,63,1,encode,throughput,codec_seconds,10,52.12515481739824,0.06991263152218337,0.13412455419479744,52.03456089100928,52.243513568995695,52.07514233362553,52.17516730117095
basketball-1080p,1920,1080,63,1,encode,throughput,throughput_fps,10,1.9184626354426497,0.0025727979479930707,0.1341072742550154,1.914113220350971,1.9217996325453448,1.9166221666629322,1.9203031042223673
basketball-1080p,1920,1080,63,1,encode,throughput,process_seconds,10,67.1741044610997,0.136153912849767,0.20268809527429318,66.97925754100015,67.4051110019991,67.07670581927016,67.27150310292924
basketball-1080p,1920,1080,63,100,decode,memory,process_peak_rss_mib,10,1751.203515625,3.349237495047393,0.1912534702656795,1746.5234375,1756.97265625,1748.8076154532425,1753.5994157967573
basketball-1080p,1920,1080,63,100,decode,throughput,codec_seconds,10,16.220880386398086,0.05267291479413581,0.32472290985083857,16.09349725200036,16.27447883601417,16.18320045304345,16.25856031975272
basketball-1080p,1920,1080,63,100,decode,throughput,throughput_fps,10,6.164952265436045,0.02010925455328734,0.3261867032779859,6.14459000546965,6.2136898173310575,6.150566971317793,6.179337559554297
basketball-1080p,1920,1080,63,100,decode,throughput,process_seconds,10,27.844462098700113,0.16807701042150205,0.6036281463284168,27.549335032999807,28.161591642998246,27.72422704856323,27.964697148836997
basketball-1080p,1920,1080,63,100,encode,memory,process_peak_rss_mib,10,1819.9359375,3.450421677034411,0.1895902820499368,1815.2421875,1825.8125,1817.467654524885,1822.404220475115
basketball-1080p,1920,1080,63,100,encode,throughput,codec_seconds,10,24.201421729003187,0.1803428708402535,0.7451746961796426,23.946891452999353,24.53833099000076,24.072412210908297,24.330431247098076
basketball-1080p,1920,1080,63,100,encode,throughput,throughput_fps,10,4.132194574043877,0.03070505359562973,0.7430689200479962,4.075256790722624,4.175907348821051,4.110229501906599,4.154159646181154
basketball-1080p,1920,1080,63,100,encode,throughput,process_seconds,10,36.67410276440025,0.21454495550904806,0.5850039655702443,36.34591492999971,36.937518545000785,36.520626548839566,36.82757897996094
basketball-1080p,1920,1080,63,30,decode,memory,process_peak_rss_mib,10,1754.5234375,3.776628007637622,0.2152509295070401,1748.66796875,1762.75,1751.8218005735225,1757.2250744264775
basketball-1080p,1920,1080,63,30,decode,throughput,codec_seconds,10,16.79574164740154,0.027671124483143433,0.1647508342534217,16.745735590000777,16.83751231999304,16.77594691740705,16.815536377396032
basketball-1080p,1920,1080,63,30,decode,throughput,throughput_fps,10,5.953904658098846,0.009814927128282646,0.16484857739419478,5.939119633561245,5.971669590896446,5.946883482196208,5.960925834001484
basketball-1080p,1920,1080,63,30,decode,throughput,process_seconds,10,28.43086040260048,0.12128803241406926,0.42660697107490786,28.278121614000156,28.67988347800201,28.344096171003677,28.517624634197283
basketball-1080p,1920,1080,63,30,encode,memory,process_peak_rss_mib,10,1820.390625,4.240446235638856,0.23294155536748362,1815.4765625,1825.625,1817.357192501015,1823.424057498985
basketball-1080p,1920,1080,63,30,encode,throughput,codec_seconds,10,24.9919811528981,0.04869545251233967,0.1948443071176568,24.883958282001004,25.043833063013153,24.95714652465491,25.026815781141288
basketball-1080p,1920,1080,63,30,encode,throughput,throughput_fps,10,4.001297123250862,0.007810272751038981,0.1951935212622628,3.99299898495524,4.018653257119938,3.995709990701033,4.006884255800691
basketball-1080p,1920,1080,63,30,encode,throughput,process_seconds,10,37.49868137980061,0.14179789236098223,0.3781410096125791,37.288150745000166,37.718399255001714,37.39724527825066,37.60011748135056
basketball-360p,640,360,0,1,decode,memory,process_peak_rss_mib,10,1372.02109375,2.2083672670840158,0.1609572387147576,1368.43359375,1375.3046875,1370.441322974612,1373.6008645253883
basketball-360p,640,360,0,1,decode,throughput,codec_seconds,10,4.760917482699233,0.04007872752778505,0.8418278130933318,4.71601823500896,4.845829827002035,4.73224688818044,4.789588077218025
basketball-360p,640,360,0,1,decode,throughput,throughput_fps,10,21.005685617490172,0.1756580718163913,0.8362406017832209,20.63630040055841,21.204328528176273,20.880027402730004,21.13134383225034
basketball-360p,640,360,0,1,decode,throughput,process_seconds,10,14.905514977499706,0.13258952671421018,0.8895333500007064,14.74568871199881,15.155560031000277,14.810666143907714,15.000363811091699
basketball-360p,640,360,0,1,encode,memory,process_peak_rss_mib,10,1403.387890625,2.5460894017278166,0.18142449558930665,1400.45703125,1407.1953125,1401.5665279883012,1405.2092532616987
basketball-360p,640,360,0,1,encode,throughput,codec_seconds,10,5.7427427849035215,0.024728946824269463,0.4306121264786006,5.685461556997325,5.771740618016338,5.725052762015847,5.760432807791196
basketball-360p,640,360,0,1,encode,throughput,throughput_fps,10,17.413574103759217,0.07535320414855855,0.43272681242555144,17.32579591117671,17.58872151319465,17.35966966878589,17.467478538732543
basketball-360p,640,360,0,1,encode,throughput,process_seconds,10,16.076913670300428,0.09039899084709405,0.5622907026868719,15.92731608000031,16.225880797999707,16.012246127906817,16.14158121269404
basketball-360p,640,360,0,100,decode,memory,process_peak_rss_mib,10,1423.09453125,2.200908958621557,0.15465655374898743,1420.9609375,1428.0390625,1421.5200958270773,1424.6689666729228
basketball-360p,640,360,0,100,decode,throughput,codec_seconds,10,2.4638886981016865,0.030281694263645947,1.229020380952135,2.407863201000282,2.5035547009993024,2.442226478986243,2.48555091721713
basketball-360p,640,360,0,100,decode,throughput,throughput_fps,10,40.59180081886342,0.5019585633012676,1.2366008730216336,39.94320553894215,41.53059856492582,40.232721294103825,40.95088034362301
basketball-360p,640,360,0,100,decode,throughput,process_seconds,10,12.455449384500184,0.12887548345564273,1.0346915593107224,12.22212785299962,12.65585202300008,12.363257417402213,12.547641351598156
basketball-360p,640,360,0,100,encode,memory,process_peak_rss_mib,10,1476.395703125,2.418886099487497,0.16383724867036548,1472.81640625,1479.21484375,1474.665336249019,1478.126070000981
basketball-360p,640,360,0,100,encode,throughput,codec_seconds,10,3.192588687099351,0.07616975823921042,2.385830612850257,3.1232418220024556,3.354575519996615,3.138100124518194,3.247077249680508
basketball-360p,640,360,0,100,encode,throughput,throughput_fps,10,31.338276111991387,0.7328485786318893,2.338509546641813,29.810030927579447,32.0180138776079,30.81402782024954,31.862524403733236
basketball-360p,640,360,0,100,encode,throughput,process_seconds,10,13.364444797100054,0.11798363829096707,0.88281735666691,13.157590159000165,13.559746449000158,13.2800443866592,13.448845207540908
basketball-360p,640,360,0,30,decode,memory,process_peak_rss_mib,10,1422.6125,2.0797844121338303,0.14619472359014352,1418.40234375,1425.01953125,1421.1247118578874,1424.1002881421125
basketball-360p,640,360,0,30,decode,throughput,codec_seconds,10,2.538917316188565,0.040345642592077624,1.5890884801496685,2.471608739971998,2.6189390499894216,2.510055782135228,2.5677788502419023
basketball-360p,640,360,0,30,decode,throughput,throughput_fps,10,39.395741848571475,0.620637864902744,1.5753932678519895,38.18340102279353,40.45947822677344,38.95176426581764,39.839719431325314
basketball-360p,640,360,0,30,decode,throughput,process_seconds,10,12.618621364299155,0.18739801486698904,1.4850910369430617,12.279791327999192,12.911593513999833,12.484564900202251,12.75267782839606
basketball-360p,640,360,0,30,encode,memory,process_peak_rss_mib,10,1476.479296875,3.4329303245675558,0.232507853773055,1471.7890625,1482.17578125,1474.0235264596665,1478.9350672903336
basketball-360p,640,360,0,30,encode,throughput,codec_seconds,10,3.2697413663992165,0.0823923069415669,2.5198417155636057,3.1579618659852713,3.435269432997302,3.2108014606312025,3.3286812721672305
basketball-360p,640,360,0,30,encode,throughput,throughput_fps,10,30.600619722201415,0.7569770742803494,2.473731189604458,29.10979821246485,31.665993524845938,30.059110944467193,31.142128499935637
basketball-360p,640,360,0,30,encode,throughput,process_seconds,10,13.513377742000092,0.11323465978031295,0.8379449012838243,13.307148629999574,13.645979060000059,13.432374546133055,13.594380937867129
basketball-360p,640,360,21,1,decode,memory,process_peak_rss_mib,10,1371.933984375,2.191942297715108,0.15977024570272397,1368.58203125,1374.9765625,1370.3659633148798,1373.50200543512
basketball-360p,640,360,21,1,decode,throughput,codec_seconds,10,4.815768243692719,0.024939894080327745,0.5178798650244826,4.76809918098661,4.841286201999537,4.797927318228631,4.833609169156807
basketball-360p,640,360,21,1,decode,throughput,throughput_fps,10,20.765622360830147,0.10802619325820156,0.5202164971562308,20.65566790054639,20.97271810090748,20.688345077459125,20.842899644201168
basketball-360p,640,360,21,1,decode,throughput,process_seconds,10,15.088074532400583,0.1583241990840902,1.049333357573891,14.904467762000195,15.414506330000222,14.97481622320637,15.201332841594796
basketball-360p,640,360,21,1,encode,memory,process_peak_rss_mib,10,1402.921484375,2.335823873409332,0.16649712043221998,1398.91796875,1406.94140625,1401.2505366360679,1404.5924321139323
basketball-360p,640,360,21,1,encode,throughput,codec_seconds,10,5.742349666201767,0.046463006401505164,0.8091288253478609,5.696535189003043,5.849964056003955,5.709112033701131,5.775587298702402
basketball-360p,640,360,21,1,encode,throughput,throughput_fps,10,17.415490127065677,0.1395160494513452,0.8011032042935224,17.09412212496719,17.55453037366405,17.315686357599436,17.51529389653192
basketball-360p,640,360,21,1,encode,throughput,process_seconds,10,16.141254468999797,0.08651977515849579,0.5360164250223671,16.006865891000416,16.25612190600077,16.079361950338704,16.20314698766089
basketball-360p,640,360,21,100,decode,memory,process_peak_rss_mib,10,1423.196484375,2.966321906584495,0.20842673089423502,1419.15625,1428.4375,1421.0745055138464,1425.3184632361535
basketball-360p,640,360,21,100,decode,throughput,codec_seconds,10,2.474250176295709,0.03167918112633748,1.2803548093008748,2.422087095987081,2.519471865016385,2.4515882553020614,2.496912097289357
basketball-360p,640,360,21,100,decode,throughput,throughput_fps,10,40.4222923751505,0.5213782209147323,1.2898284344587252,39.690857988346565,41.28670689244834,40.04932086420588,40.795263886095114
basketball-360p,640,360,21,100,decode,throughput,process_seconds,10,12.478545972599955,0.15068991371817952,1.2075919265678892,12.295338391000769,12.68263355399904,12.370748902164259,12.58634304303565
basketball-360p,640,360,21,100,encode,memory,process_peak_rss_mib,10,1474.537890625,1.7998268420913683,0.12206039963669504,1470.9296875,1476.94140625,1473.250372063991,1475.825409186009
basketball-360p,640,360,21,100,encode,throughput,codec_seconds,10,3.182096569200735,0.06397013971327432,2.0103142164960146,3.0661425060061447,3.2855295940007636,3.1363350879820935,3.2278580504193766
basketball-360p,640,360,21,100,encode,throughput,throughput_fps,10,31.437320657436093,0.6356988950252142,2.022115376664098,30.43649345986587,32.614270146972615,30.982569062773386,31.8920722520988
basketball-360p,640,360,21,100,encode,throughput,process_seconds,10,13.42877222079992,0.14160285444992673,1.0544735745133653,13.203368132999458,13.616773138000099,13.327475640966567,13.530068800633272
basketball-360p,640,360,21,30,decode,memory,process_peak_rss_mib,10,1423.3734375,1.8395863562876256,0.12924130153213048,1419.953125,1425.69140625,1422.0574766959335,1424.6893983040663
basketball-360p,640,360,21,30,decode,throughput,codec_seconds,10,2.5349585050983476,0.022683776708400067,0.894838186217964,2.4818897370032573,2.5557635719987957,2.5187315087769075,2.5511855014197877
basketball-360p,640,360,21,30,decode,throughput,throughput_fps,10,39.45125330087724,0.3571035234817188,0.9051766258431598,39.12724991294583,40.291878607284296,39.19579682921459,39.70670977253989
basketball-360p,640,360,21,30,decode,throughput,process_seconds,10,12.576247001200091,0.14859866142107137,1.181581925091733,12.371713098000328,12.810203248998732,12.46994592253722,12.682548079862963
basketball-360p,640,360,21,30,encode,memory,process_peak_rss_mib,10,1474.6953125,1.7257757681556214,0.1170259207802033,1472.6640625,1478.66015625,1473.4607668861242,1475.9298581138758
basketball-360p,640,360,21,30,encode,throughput,codec_seconds,10,3.231186295998282,0.056331071319352846,1.7433557263199906,3.1844406069999422,3.376627128011023,3.190889475110276,3.271483116886288
basketball-360p,640,360,21,30,encode,throughput,throughput_fps,10,30.95660282238054,0.5237869754372437,1.6920040562673242,29.6153517130878,31.40268962158785,30.581908192253497,31.33129745250758
basketball-360p,640,360,21,30,encode,throughput,process_seconds,10,13.365843284400034,0.07041259336796135,0.5268099578134626,13.269718524999917,13.50435314599963,13.315473149468232,13.416213419331836
basketball-360p,640,360,42,1,decode,memory,process_peak_rss_mib,10,1371.794140625,2.157597306091641,0.15728287810798075,1368.47265625,1374.64453125,1370.2506884918225,1373.3375927581774
basketball-360p,640,360,42,1,decode,throughput,codec_seconds,10,4.948817118800707,0.0366001673636371,0.7395740534559653,4.894110544000796,5.024490288997185,4.92263493631811,4.9749993012833045
basketball-360p,640,360,42,1,decode,throughput,throughput_fps,10,20.20784090482767,0.14903555239275992,0.7375134884259466,19.90251632468744,20.432721962641416,20.10122729319105,20.314454516464288
basketball-360p,640,360,42,1,decode,throughput,process_seconds,10,15.235285866000186,0.17142377865860964,1.1251759905678396,15.09186862199931,15.645180538000204,15.112656682092265,15.357915049908108
basketball-360p,640,360,42,1,encode,memory,process_peak_rss_mib,10,1403.3171875,3.233084610748753,0.23038872747710523,1398.80859375,1408.75,1401.0043780961719,1405.6299969038282
basketball-360p,640,360,42,1,encode,throughput,codec_seconds,10,5.763043855897877,0.04225580890606238,0.7332203252768578,5.7152274579948426,5.839857871000277,5.732815871180313,5.79327184061544
basketball-360p,640,360,42,1,encode,throughput,throughput_fps,10,17.352778122721215,0.12677860686204978,0.7305954468238698,17.123704413523946,17.497116385125373,17.2620861707754,17.44347007466703
basketball-360p,640,360,42,1,encode,throughput,process_seconds,10,16.153019673899916,0.13121246581768553,0.8123092057499249,15.997103427000184,16.349845809999806,16.059155930330167,16.246883417469665
basketball-360p,640,360,42,100,decode,memory,process_peak_rss_mib,10,1423.417578125,3.0764013224614324,0.2161278158805534,1419.44921875,1427.3984375,1421.2168531934956,1425.6183030565046
basketball-360p,640,360,42,100,decode,throughput,codec_seconds,10,2.483747566798752,0.038336766408127054,1.5435049407029102,2.403048836004018,2.520667011001251,2.4563230961968077,2.5111720374006965
basketball-360p,640,360,42,100,decode,throughput,throughput_fps,10,40.270510014936825,0.6313484167548764,1.5677686141067038,39.67203901330796,41.613802641767364,39.818870564949,40.72214946492465
basketball-360p,640,360,42,100,decode,throughput,process_seconds,10,12.446660237100241,0.09991455771220367,0.8027419067356277,12.293727782000133,12.611711059998925,12.37518566823562,12.518134805964863
basketball-360p,640,360,42,100,encode,memory,process_peak_rss_mib,10,1475.56015625,2.8571744862576867,0.19363320933786474,1470.58984375,1479.19921875,1473.5162567497441,1477.604055750256
basketball-360p,640,360,42,100,encode,throughput,codec_seconds,10,3.1964085789048795,0.050013446470745924,1.5646762682598299,3.1430535559957207,3.268705951009906,3.160631114581542,3.232186043228217
basketball-360p,640,360,42,100,encode,throughput,throughput_fps,10,31.291965430820536,0.48671254923949747,1.555391432077058,30.593146492453318,31.81619346232233,30.94379224750828,31.64013861413279
basketball-360p,640,360,42,100,encode,throughput,process_seconds,10,13.355081219299745,0.12972519494646217,0.9713545939278394,13.083392778000416,13.485825320000004,13.262281405218749,13.44788103338074
basketball-360p,640,360,42,30,decode,memory,process_peak_rss_mib,10,1423.345703125,2.3487715664502193,0.16501764548791048,1418.98046875,1427.0703125,1421.6654931644348,1425.0259130855652
basketball-360p,640,360,42,30,decode,throughput,codec_seconds,10,2.55742105120371,0.04259169836977231,1.6654159607283099,2.5163147610037413,2.6331815729790833,2.5269527856386444,2.5878893167687753
basketball-360p,640,360,42,30,decode,throughput,throughput_fps,10,39.11150603153652,0.6415104705496848,1.6402090730856025,37.97687217097746,39.74065627628821,38.65259708618792,39.570414976885125
basketball-360p,640,360,42,30,decode,throughput,process_seconds,10,12.539120391199868,0.09718746647830787,0.7750740358671043,12.383879615999831,12.756260948997806,12.469596665882577,12.608644116517159
basketball-360p,640,360,42,30,encode,memory,process_peak_rss_mib,10,1475.453125,2.9047211667255795,0.19686976953100963,1470.796875,1481.1484375,1473.3752126535162,1477.5310373464838
basketball-360p,640,360,42,30,encode,throughput,codec_seconds,10,3.216660380296207,0.03170499320257696,0.9856493833414083,3.1678084759805643,3.2597461369805387,3.1939799944555642,3.23934076613685
basketball-360p,640,360,42,30,encode,throughput,throughput_fps,10,31.090862875248185,0.30654288096887183,0.9859581002909841,30.67723552626976,31.567565008501965,30.871575308376507,31.310150442119863
basketball-360p,640,360,42,30,encode,throughput,process_seconds,10,13.429289802000403,0.13899171327965873,1.0349893056813382,13.186408775999553,13.618388663999212,13.32986112003562,13.528718483965186
basketball-360p,640,360,63,1,decode,memory,process_peak_rss_mib,10,1372.076953125,1.9486233277714695,0.14201997368539318,1367.9375,1374.91796875,1370.6829919703785,1373.4709142796216
basketball-360p,640,360,63,1,decode,throughput,codec_seconds,10,5.247817487897327,0.05674857283235403,1.08137474222816,5.17579791800199,5.369513261997781,5.2072220044187505,5.288412971375904
basketball-360p,640,360,63,1,decode,throughput,throughput_fps,10,19.05753231786063,0.20465172999427378,1.073862694187721,18.623661982127967,19.32069249693638,18.911133289494085,19.203931346227176
basketball-360p,640,360,63,1,decode,throughput,process_seconds,10,15.547994676900226,0.16874531036172763,1.0853188071413082,15.313920406999841,15.874322309999116,15.427281553785853,15.668707800014598
basketball-360p,640,360,63,1,encode,memory,process_peak_rss_mib,10,1401.9171875,2.6701464519109765,0.19046392152967143,1398.9453125,1408.81640625,1400.0070797957208,1403.8272952042792
basketball-360p,640,360,63,1,encode,throughput,codec_seconds,10,5.77135100530279,0.055631030404611266,0.9639169468898491,5.725094424993586,5.900742072011781,5.731554963517594,5.811147047087987
basketball-360p,640,360,63,1,encode,throughput,throughput_fps,10,17.328396461670437,0.16494952543578736,0.951902998068215,16.947021032204905,17.466960817875425,17.210398679516345,17.44639424382453
basketball-360p,640,360,63,1,encode,throughput,process_seconds,10,16.10574309680053,0.1673974730573248,1.0393651013257437,15.914820568999858,16.34176929000023,15.985994158409964,16.2254920351911
basketball-360p,640,360,63,100,decode,memory,process_peak_rss_mib,10,1422.8453125,2.3131943402048076,0.16257525114521593,1419.0390625,1425.84765625,1421.1905529539242,1424.500072046076
basketball-360p,640,360,63,100,decode,throughput,codec_seconds,10,2.4896622598032536,0.045087620910189405,1.8109934683972946,2.4221019740011798,2.5717838760137965,2.457408518812178,2.521916000794329
basketball-360p,640,360,63,100,decode,throughput,throughput_fps,10,40.177903842164014,0.7249103323479568,1.8042512501292116,38.88351619771316,41.28645328454338,39.65933422972253,40.696473454605496
basketball-360p,640,360,63,100,decode,throughput,process_seconds,10,12.49470490420008,0.14014859146444342,1.1216638771303244,12.300662583999838,12.780968158000178,12.394448641436465,12.594961166963696
basketball-360p,640,360,63,100,encode,memory,process_peak_rss_mib,10,1474.37265625,2.9092115473538436,0.1973186042905388,1470.83984375,1478.48828125,1472.2915316787235,1476.4537808212767
basketball-360p,640,360,63,100,encode,throughput,codec_seconds,10,3.1813703586049997,0.08958602623787834,2.8159571549274434,3.0493301100050303,3.3196688409843773,3.117284376058885,3.2454563411511144
basketball-360p,640,360,63,100,encode,throughput,throughput_fps,10,31.45529191952542,0.8799983760005876,2.7976163065087984,30.12348664583878,32.794088010312215,30.82577900402635,32.084804835024485
basketball-360p,640,360,63,100,encode,throughput,process_seconds,10,13.434691408100843,0.1542128279700252,1.1478702657586763,13.221878161002678,13.671960756000772,13.324374196626009,13.545008619575677
basketball-360p,640,360,63,30,decode,memory,process_peak_rss_mib,10,1424.212890625,2.0744449470590696,0.1456555379265471,1421.1875,1427.33203125,1422.7289221061028,1425.6968591438972
basketball-360p,640,360,63,30,decode,throughput,codec_seconds,10,2.591430096099066,0.03517433504642227,1.357332968362563,2.539068533993486,2.6448317199992744,2.566267892611318,2.616592299586814
basketball-360p,640,360,63,30,decode,throughput,throughput_fps,10,38.59513041079667,0.5238541433311833,1.3573063175468358,37.80958888379766,39.384521788672814,38.22038773165284,38.9698730899405
basketball-360p,640,360,63,30,decode,throughput,process_seconds,10,12.550252736699667,0.11421565152164562,0.9100665454142944,12.443761262000407,12.811227513000176,12.468547781615785,12.63195769178355
basketball-360p,640,360,63,30,encode,memory,process_peak_rss_mib,10,1475.107421875,3.501930431059113,0.23740172268998763,1471.01171875,1480.81640625,1472.6022917569765,1477.6125519930235
basketball-360p,640,360,63,30,encode,throughput,codec_seconds,10,3.2436677747003615,0.06175820685574682,1.9039621547386065,3.1647524629988766,3.393394820001049,3.1994886149268553,3.2878469344738677
basketball-360p,640,360,63,30,encode,throughput,throughput_fps,10,30.83912859660716,0.5738793810049455,1.8608806640148783,29.469014159681272,31.59804792607424,30.428600018221484,31.249657174992837
basketball-360p,640,360,63,30,encode,throughput,process_seconds,10,13.42864961579944,0.14782337703329854,1.100805972771658,13.23256283399678,13.70987987800072,13.32290314217744,13.53439608942144
basketball-540p,960,540,0,1,decode,memory,process_peak_rss_mib,10,1322.380078125,3.440101727107702,0.26014470302557907,1318.31640625,1328.84765625,1319.919177597334,1324.8409786526659
basketball-540p,960,540,0,1,decode,throughput,codec_seconds,10,9.314708613900574,0.05732504673568126,0.6154250134044306,9.25040565000154,9.431294240010175,9.273700745834152,9.355716481966997
basketball-540p,960,540,0,1,decode,throughput,throughput_fps,10,10.736073115400877,0.06576120427584148,0.6125256746017047,10.602998639971615,10.810336733717548,10.689030383778396,10.783115847023359
basketball-540p,960,540,0,1,decode,throughput,process_seconds,10,19.94487859659996,0.1907785987698905,0.9565292555975392,19.72942958799831,20.26225435700053,19.808403808461964,20.081353384737955
basketball-540p,960,540,0,1,encode,memory,process_peak_rss_mib,10,1391.621484375,3.186779437763161,0.22899757394837836,1387.7265625,1398.58203125,1389.3417996964483,1393.9011690535515
basketball-540p,960,540,0,1,encode,throughput,codec_seconds,10,13.314728236295071,0.07718086888713462,0.5796653714399116,13.219269061963132,13.452258775998416,13.259516368729239,13.369940103860904
basketball-540p,960,540,0,1,encode,throughput,throughput_fps,10,7.510706858117773,0.04348695148231249,0.5789994511010721,7.433695832436741,7.564714775927971,7.479598167056077,7.54181554917947
basketball-540p,960,540,0,1,encode,throughput,process_seconds,10,24.402228777799998,0.12091808854038233,0.4955206741213242,24.197700091999877,24.570317664001777,24.31572918810805,24.488728367491944
basketball-540p,960,540,0,100,decode,memory,process_peak_rss_mib,10,1391.294140625,2.228607621013549,0.16018234792625585,1387.5,1395.953125,1389.6998907726493,1392.8883904773506
basketball-540p,960,540,0,100,decode,throughput,codec_seconds,10,4.547263427598819,0.023588913865099377,0.5187496664901927,4.515805361004823,4.592451432985399,4.5303889351615,4.564137920036138
basketball-540p,960,540,0,100,decode,throughput,throughput_fps,10,21.991779508328413,0.11373969694119472,0.5171918757102891,21.77486282854239,22.144444236575502,21.91041503064058,22.073143986016248
basketball-540p,960,540,0,100,decode,throughput,process_seconds,10,14.759800181300033,0.1896235329656886,1.2847296754459632,14.488595312000143,15.088702026001556,14.624151677461903,14.895448685138163
basketball-540p,960,540,0,100,encode,memory,process_peak_rss_mib,10,1464.690234375,2.0635922195478833,0.14088932738931256,1461.22265625,1468.15625,1463.2140294296764,1466.1664393203237
basketball-540p,960,540,0,100,encode,throughput,codec_seconds,10,6.747618721606568,0.12584440906786412,1.865019561121576,6.621190487001968,6.997903116000089,6.657595054504351,6.837642388708786
basketball-540p,960,540,0,100,encode,throughput,throughput_fps,10,14.824602779250226,0.27168480432304903,1.8326616123794035,14.289994923101867,15.103024176137145,14.63025117823536,15.018954380265091
basketball-540p,960,540,0,100,encode,throughput,process_seconds,10,17.440444248500217,0.13016249279994344,0.7463255576826072,17.236979638000776,17.637494377999246,17.347331610379776,17.53355688662066
basketball-540p,960,540,0,30,decode,memory,process_peak_rss_mib,10,1390.208984375,2.093006716960496,0.15055338733129067,1387.0859375,1394.41015625,1388.7117375658172,1391.7062311841828
basketball-540p,960,540,0,30,decode,throughput,codec_seconds,10,4.707237881700576,0.033041225367556486,0.7019238499928909,4.661165378027363,4.766727653997805,4.683601612952759,4.730874150448392
basketball-540p,960,540,0,30,decode,throughput,throughput_fps,10,21.244820075809972,0.14870102378891545,0.6999401419183171,20.978752565427364,21.453862261870803,21.138445771520352,21.351194380099592
basketball-540p,960,540,0,30,decode,throughput,process_seconds,10,15.030069791000141,0.1830572117728583,1.2179398653389564,14.704784006999944,15.25056825899992,14.899118550374004,15.161021031626278
basketball-540p,960,540,0,30,encode,memory,process_peak_rss_mib,10,1466.1484375,3.1185599874620507,0.21270424656180492,1461.296875,1470.953125,1463.9175540763417,1468.3793209236583
basketball-540p,960,540,0,30,encode,throughput,codec_seconds,10,6.883365517694438,0.06085399821134112,0.8840733221984117,6.782046144999185,6.997872521991667,6.83983318981913,6.926897845569746
basketball-540p,960,540,0,30,encode,throughput,throughput_fps,10,14.528798887609312,0.12842638760511585,0.8839435978058898,14.290057397550157,14.744812680718205,14.436928184329451,14.620669590889174
basketball-540p,960,540,0,30,encode,throughput,process_seconds,10,17.460303032200045,0.12150053083745957,0.6958672516358394,17.272419623999667,17.682655890002934,17.373386788388565,17.547219276011525
basketball-540p,960,540,21,1,decode,memory,process_peak_rss_mib,10,1323.2546875,3.0970006509014536,0.23404418515626482,1318.28125,1328.78125,1321.039226696638,1325.470148303362
basketball-540p,960,540,21,1,decode,throughput,codec_seconds,10,9.377812675700579,0.057864826620458665,0.617039693812564,9.294899489981617,9.472697098985009,9.336418672365886,9.419206679035272
basketball-540p,960,540,21,1,decode,throughput,throughput_fps,10,10.663832252842738,0.06569623278937677,0.6160658873067291,10.556655507407168,10.758588633237364,10.61683599902179,10.710828506663686
basketball-540p,960,540,21,1,decode,throughput,process_seconds,10,20.02018914769983,0.16693973808077067,0.8338569473503241,19.742033161001018,20.216444355999556,19.900767653185838,20.139610642213825
basketball-540p,960,540,21,1,encode,memory,process_peak_rss_mib,10,1390.749609375,2.4802950986350263,0.1783423185536371,1387.484375,1394.53125,1388.9753131473913,1392.523905602609
basketball-540p,960,540,21,1,encode,throughput,codec_seconds,10,13.304260971902249,0.05107042370502209,0.38386516780510826,13.246343005008384,13.392052188995876,13.267727391614937,13.34079455218956
basketball-540p,960,540,21,1,encode,throughput,throughput_fps,10,7.516488357110809,0.028777278916571346,0.3828553647574965,7.467115464362442,7.549253402406267,7.4959023319033165,7.537074382318302
basketball-540p,960,540,21,1,encode,throughput,process_seconds,10,24.4909565189002,0.10843155356726496,0.44274119503493453,24.327858985001512,24.62045211700024,24.41338925823269,24.568523779567712
basketball-540p,960,540,21,100,decode,memory,process_peak_rss_mib,10,1390.94296875,1.8626093412046199,0.13390982830004114,1387.8125,1393.9453125,1389.6105382946776,1392.2753992053226
basketball-540p,960,540,21,100,decode,throughput,codec_seconds,10,4.571321979499817,0.03303286335432537,0.7226107349791131,4.518379814000127,4.630870759001482,4.5476916925759125,4.594952266423721
basketball-540p,960,540,21,100,decode,throughput,throughput_fps,10,21.876536720965614,0.15786617258563332,0.7216232377144989,21.594210938757058,22.13182691949703,21.76360606419018,21.989467377741047
basketball-540p,960,540,21,100,decode,throughput,process_seconds,10,14.857324972100105,0.11894709063703955,0.8005956042585383,14.711337720999836,15.08655896900018,14.772235349369932,14.942414594830279
basketball-540p,960,540,21,100,encode,memory,process_peak_rss_mib,10,1466.7859375,2.7870982277331,0.19001397248759072,1463.171875,1471.30859375,1464.792167535223,1468.7797074647772
basketball-540p,960,540,21,100,encode,throughput,codec_seconds,10,6.771691953803861,0.12318709699482674,1.8191479741725238,6.607670607987529,7.0366180690143665,6.683569213244363,6.85981469436336
basketball-540p,960,540,21,100,encode,throughput,throughput_fps,10,14.771690037840857,0.2646433966707672,1.7915580139633738,14.211372426243848,15.133926300611492,14.582375556417677,14.961004519264037
basketball-540p,960,540,21,100,encode,throughput,process_seconds,10,17.48719994849923,0.12620300514257493,0.721687894655804,17.27050900500035,17.63131916599741,17.396919757218523,17.57748013977994
basketball-540p,960,540,21,30,decode,memory,process_peak_rss_mib,10,1393.06171875,2.313750277862175,0.16609100994737783,1388.52734375,1397.0859375,1391.4065615100815,1394.7168759899184
basketball-540p,960,540,21,30,decode,throughput,codec_seconds,10,4.738478325794427,0.02581958968110632,0.5448920076420853,4.698275955990539,4.780765412006076,4.720008104007186,4.7569485475816675
basketball-540p,960,540,21,30,decode,throughput,throughput_fps,10,21.104384724956816,0.11488416227588368,0.5443615806530875,20.9171526695008,21.284403244235783,21.022201546088187,21.186567903825445
basketball-540p,960,540,21,30,decode,throughput,process_seconds,10,15.051861948900136,0.12546039855670826,0.8335207895384389,14.827534047999507,15.193790515000728,14.962112986369032,15.14161091143124
basketball-540p,960,540,21,30,encode,memory,process_peak_rss_mib,10,1466.28828125,2.608336375339347,0.17788700958011885,1462.6328125,1470.3359375,1464.4223898108537,1468.1541726891462
basketball-540p,960,540,21,30,encode,throughput,codec_seconds,10,6.903395476897254,0.072061267445729,1.0438525170242323,6.768938246992548,7.031420028004504,6.851845951578256,6.954945002216252
basketball-540p,960,540,21,30,encode,throughput,throughput_fps,10,14.487048403810501,0.15149629006128418,1.0457360660259574,14.221878312165018,14.773365681749304,14.378674486488968,14.595422321132034
basketball-540p,960,540,21,30,encode,throughput,process_seconds,10,17.483530334599504,0.09491153486890555,0.5428625286340357,17.37684889999946,17.63839880299929,17.415634712676475,17.551425956522532
basketball-540p,960,540,42,1,decode,memory,process_peak_rss_mib,10,1323.2328125,2.7855614551545456,0.21051181839209007,1318.94140625,1326.58984375,1321.2401418760999,1325.2254831239
basketball-540p,960,540,42,1,decode,throughput,codec_seconds,10,9.556218322497898,0.04208289214154799,0.44037181572624384,9.490873646012915,9.613582695001242,9.526114034981985,9.586322610013811
basketball-540p,960,540,42,1,decode,throughput,throughput_fps,10,10.464573464205417,0.04617041577536476,0.4412068579124884,10.401949322389127,10.53643781697691,10.431545138429808,10.497601789981026
basketball-540p,960,540,42,1,decode,throughput,process_seconds,10,20.238373483400075,0.1335275394106907,0.659774064947525,20.02090402899921,20.427284855002654,20.142853635947784,20.333893330852366
basketball-540p,960,540,42,1,encode,memory,process_peak_rss_mib,10,1390.565234375,2.1679511933097917,0.15590431428297527,1388.0,1394.55859375,1389.0143755170977,1392.1160932329024
basketball-540p,960,540,42,1,encode,throughput,codec_seconds,10,13.44566083799782,0.08971879080467725,0.6672694773850713,13.2591920599898,13.53459822100649,13.381479881401981,13.50984179459366
basketball-540p,960,540,42,1,encode,throughput,throughput_fps,10,7.437643546661154,0.04994157889663083,0.6714704540936248,7.388472000948956,7.541937664645075,7.401917493303274,7.473369600019034
basketball-540p,960,540,42,1,encode,throughput,process_seconds,10,24.428540799899793,0.08013130840697526,0.32802331118895145,24.330241564999596,24.584299731999636,24.371218315047848,24.485863284751737
basketball-540p,960,540,42,100,decode,memory,process_peak_rss_mib,10,1392.16015625,2.9411707819466026,0.2112666972073891,1386.67578125,1395.3828125,1390.0561694195485,1394.2641430804515
basketball-540p,960,540,42,100,decode,throughput,codec_seconds,10,4.607109031000391,0.030596946585997337,0.664124646934034,4.539581901000474,4.658235791013794,4.5852212939590355,4.6289967680417465
basketball-540p,960,540,42,100,decode,throughput,throughput_fps,10,21.706451392754367,0.14483777589551428,0.667256813538215,21.467354699586068,22.028460369436466,21.6028406895247,21.810062095984033
basketball-540p,960,540,42,100,decode,throughput,process_seconds,10,14.888594745000182,0.16981092267451678,1.140543654944614,14.550810905000162,15.1208270979987,14.767119328758788,15.010070161241575
basketball-540p,960,540,42,100,encode,memory,process_peak_rss_mib,10,1466.550390625,3.8058572567585367,0.2595108412972154,1461.390625,1475.16796875,1463.8278443533081,1469.272936896692
basketball-540p,960,540,42,100,encode,throughput,codec_seconds,10,6.744626842200523,0.13086349080407386,1.9402628768914654,6.600352866993489,7.0052706110036524,6.651012740316768,6.838240944084278
basketball-540p,960,540,42,100,encode,throughput,throughput_fps,10,14.831561171965856,0.28316058043271225,1.9091758254547968,14.274966029566828,15.150705123671782,14.629000295259775,15.034122048671936
basketball-540p,960,540,42,100,encode,throughput,process_seconds,10,17.405265177199862,0.1592799323474023,0.9151249965214666,17.123554174002493,17.6241579969992,17.29132317761549,17.519207176784235
basketball-540p,960,540,42,30,decode,memory,process_peak_rss_mib,10,1392.687109375,3.860092067641726,0.27716865056459306,1387.15234375,1399.2734375,1389.9257658568,1395.4484528932003
basketball-540p,960,540,42,30,decode,throughput,codec_seconds,10,4.74598197760074,0.03606911955457188,0.7599927628213641,4.702088640999136,4.824944995994883,4.720179683835749,4.771784271365732
basketball-540p,960,540,42,30,decode,throughput,throughput_fps,10,21.071543712523237,0.1591670983400154,0.7553651526984198,20.725624868886285,21.2671448020068,20.957682429525274,21.1854049955212
basketball-540p,960,540,42,30,decode,throughput,process_seconds,10,14.999773315100356,0.1372102646751782,0.914748921819024,14.812920005999331,15.22804382600225,14.901619004697388,15.097927625503324
basketball-540p,960,540,42,30,encode,memory,process_peak_rss_mib,10,1464.711328125,2.2445971387702146,0.15324501802300927,1460.90625,1467.5234375,1463.1056400606992,1466.3170161893006
basketball-540p,960,540,42,30,encode,throughput,codec_seconds,10,6.853206130999934,0.07983981624728066,1.1649994866801334,6.743485408009292,6.958550581995951,6.7960921670774574,6.91032009492241
basketball-540p,960,540,42,30,encode,throughput,throughput_fps,10,14.593492106419609,0.16992424716962898,1.1643837261876484,14.370808808767267,14.829126771925567,14.471935622718023,14.715048590121194
basketball-540p,960,540,42,30,encode,throughput,process_seconds,10,17.493811190399764,0.11679790858215028,0.6676527333634795,17.361710835997656,17.745499000000564,17.410258999894705,17.577363380904824
basketball-540p,960,540,63,1,decode,memory,process_peak_rss_mib,10,1324.37890625,1.967165677831041,0.14853495993839874,1320.73828125,1326.5546875,1322.9716806972108,1325.7861318027892
basketball-540p,960,540,63,1,decode,throughput,codec_seconds,10,9.813654012298844,0.029105690514515902,0.29658362194183274,9.776127990000305,9.874997815988536,9.792833055586767,9.834474969010921
basketball-540p,960,540,63,1,decode,throughput,throughput_fps,10,10.189964902776673,0.030156667343880644,0.2959447616513696,10.126584518134347,10.228998648778624,10.168392122531714,10.211537683021632
basketball-540p,960,540,63,1,decode,throughput,process_seconds,10,20.52166760319985,0.1608015302133739,0.7835695096645111,20.26124992600012,20.704358128999957,20.406637118073974,20.63669808832573
basketball-540p,960,540,63,1,encode,memory,process_peak_rss_mib,10,1388.336328125,0.9809648168219123,0.07065757748677094,1386.8515625,1390.30078125,1387.6345881687898,1389.03806808121
basketball-540p,960,540,63,1,encode,throughput,codec_seconds,10,13.392219659902002,0.07938958595343927,0.5928037918250529,13.271051129013358,13.505085462991701,13.335427771329494,13.44901154847451
basketball-540p,960,540,63,1,encode,throughput,throughput_fps,10,7.467258484083221,0.04430899973750251,0.593377071812219,7.4046180806506054,7.535198156337338,7.435561735125147,7.498955233041294
basketball-540p,960,540,63,1,encode,throughput,process_seconds,10,24.46824944270038,0.09979478527157823,0.40785420920804794,24.30498696399991,24.614403359999415,24.3968605538783,24.539638331522458
basketball-540p,960,540,63,100,decode,memory,process_peak_rss_mib,10,1392.2421875,3.2755603365932973,0.23527230865450968,1388.37109375,1397.921875,1389.8989927923537,1394.5853822076463
basketball-540p,960,540,63,100,decode,throughput,codec_seconds,10,4.6052536507007975,0.030858651852804148,0.6700749664051247,4.551690111016796,4.654429921984047,4.5831787009895075,4.6273286004120875
basketball-540p,960,540,63,100,decode,throughput,throughput_fps,10,21.71520928259086,0.1457152743593979,0.6710286438557064,21.484908286549718,21.96986120780993,21.61097085477509,21.819447710406628
basketball-540p,960,540,63,100,decode,throughput,process_seconds,10,14.84619828240002,0.10621988024210811,0.7154685544516164,14.650735595001606,15.021235166999759,14.770213157519372,14.922183407280667
basketball-540p,960,540,63,100,encode,memory,process_peak_rss_mib,10,1466.00546875,2.195313426749508,0.14974796980950947,1462.91015625,1469.640625,1464.4350361294444,1467.5759013705558
basketball-540p,960,540,63,100,encode,throughput,codec_seconds,10,6.821382346497148,0.14811002826976716,2.1712612011233063,6.599189233980724,7.021863352005312,6.71543081493354,6.9273338780607565
basketball-540p,960,540,63,100,encode,throughput,throughput_fps,10,14.666049219819747,0.32060053295673785,2.1860047525510633,14.241234126471841,15.153376642857474,14.43670541451707,14.895393025122425
basketball-540p,960,540,63,100,encode,throughput,process_seconds,10,17.435712083400404,0.12033178505834136,0.6901455156104735,17.293464504999974,17.65025191099994,17.34963190995332,17.521792256847487
basketball-540p,960,540,63,30,decode,memory,process_peak_rss_mib,10,1393.115234375,3.064886361429146,0.22000235772341983,1388.9140625,1398.08203125,1390.9227467503918,1395.3077219996082
basketball-540p,960,540,63,30,decode,throughput,codec_seconds,10,4.794200314102568,0.04905243929762747,1.023162072584563,4.714575071015133,4.855832255007044,4.7591103128971906,4.829290315307945
basketball-540p,960,540,63,30,decode,throughput,throughput_fps,10,20.860509079011024,0.2142717277204225,1.0271644230198285,20.593792113985398,21.210819319601626,20.70722831883583,21.013789839186217
basketball-540p,960,540,63,30,decode,throughput,process_seconds,10,15.085926289900318,0.18263850096200523,1.2106548676714504,14.784977756000444,15.357360008999876,14.955274576944321,15.216578002856314
basketball-540p,960,540,63,30,encode,memory,process_peak_rss_mib,10,1465.659375,2.9076187319760813,0.19838297912678934,1460.55078125,1469.671875,1463.5793898602037,1467.7393601397962
basketball-540p,960,540,63,30,encode,throughput,codec_seconds,10,6.850102596209263,0.14362909448248068,2.096743697852974,6.637398365990521,7.022130902023491,6.747356531575506,6.95284866084302
basketball-540p,960,540,63,30,encode,throughput,throughput_fps,10,14.604118548620441,0.30723193316250597,2.1037348617765654,14.240691521598391,15.06614406517947,14.384338063503483,14.8238990337374
basketball-540p,960,540,63,30,encode,throughput,process_seconds,10,17.506543255399947,0.14920968817942556,0.8523081113308956,17.27961283600007,17.748165682000035,17.399805074525766,17.61328143627413
fourpeople-720p,1280,720,0,1,decode,memory,process_peak_rss_mib,10,1345.1328125,2.558460224993397,0.19020130958208983,1339.28515625,1347.87890625,1343.302600309446,1346.963024690554
fourpeople-720p,1280,720,0,1,decode,throughput,codec_seconds,10,15.744725196195509,0.041805361619671744,0.26551979217632465,15.676148339000292,15.818336230000568,15.714819442055031,15.774630950335986
fourpeople-720p,1280,720,0,1,decode,throughput,throughput_fps,10,6.351373780633965,0.01687177804408439,0.26563982260858726,6.321777369376123,6.379117997449191,6.33930443769443,6.3634431235735
fourpeople-720p,1280,720,0,1,decode,throughput,process_seconds,10,26.994063602300137,0.2000792836782821,0.7411973485208561,26.69522813599906,27.286148764000245,26.850935504982836,27.13719169961744
fourpeople-720p,1280,720,0,1,encode,memory,process_peak_rss_mib,10,1412.859765625,2.8903378529018195,0.2045735835377289,1409.2734375,1417.9453125,1410.7921424813906,1414.9273887686093
fourpeople-720p,1280,720,0,1,encode,throughput,codec_seconds,10,24.21368440990623,0.08782599409485016,0.36271222754897664,24.114883935998478,24.38172493399543,24.15085747850833,24.27651134130413
fourpeople-720p,1280,720,0,1,encode,throughput,throughput_fps,10,4.129944882130336,0.014953971675276321,0.3620864709352407,4.101432538949287,4.146816557998063,4.119247455221008,4.140642309039664
fourpeople-720p,1280,720,0,1,encode,throughput,process_seconds,10,36.40026108889985,0.18837844949749377,0.517519500855831,36.05636326599961,36.725738520999585,36.26550326411918,36.535018913680524
fourpeople-720p,1280,720,0,100,decode,memory,process_peak_rss_mib,10,1491.54921875,2.1414407850948645,0.1435715803525082,1488.91015625,1495.203125,1490.0173242956937,1493.0811132043061
fourpeople-720p,1280,720,0,100,decode,throughput,codec_seconds,10,7.419340497600706,0.009796688214660704,0.1320425746443204,7.404299371009984,7.438004276013089,7.412332369030884,7.426348626170527
fourpeople-720p,1280,720,0,100,decode,throughput,throughput_fps,10,13.478308061609484,0.017788415926410787,0.13197810767567975,13.444466591998504,13.505666774027196,13.46558299543057,13.491033127788398
fourpeople-720p,1280,720,0,100,decode,throughput,process_seconds,10,18.045339990700267,0.17578407836598609,0.9741245022625069,17.81485640700066,18.334649264998006,17.91959163628465,18.171088345115884
fourpeople-720p,1280,720,0,100,encode,memory,process_peak_rss_mib,10,1486.385546875,1.8911692947141276,0.12723275590846206,1483.5625,1489.9375,1485.032685859701,1487.7384078902992
fourpeople-720p,1280,720,0,100,encode,throughput,codec_seconds,10,12.341992265299336,0.11627846790262347,0.9421369370774219,12.187902223009587,12.504845291000265,12.25881166027161,12.425172870327062
fourpeople-720p,1280,720,0,100,encode,throughput,throughput_fps,10,8.103066192705112,0.07625780325794615,0.9410981157552212,7.99690021530854,8.204857420927583,8.048514646511768,8.157617738898457
fourpeople-720p,1280,720,0,100,encode,throughput,process_seconds,10,23.504499861599584,0.09853606461213693,0.4192221284959991,23.3667951970001,23.698114236000038,23.4340114072939,23.574988315905266
fourpeople-720p,1280,720,0,30,decode,memory,process_peak_rss_mib,10,1489.021484375,2.35811659465116,0.1583668616870866,1484.8515625,1493.4296875,1487.3345893839748,1490.7083793660252
fourpeople-720p,1280,720,0,30,decode,throughput,codec_seconds,10,7.68614140429911,0.01522800698643365,0.19812290960346018,7.663237601998844,7.703663864976988,7.67524794433747,7.69703486426075
fourpeople-720p,1280,720,0,30,decode,throughput,throughput_fps,10,13.01047538272661,0.025795242285227366,0.19826517883792685,12.980836359518227,13.049314818832768,12.992022578017153,13.028928187436069
fourpeople-720p,1280,720,0,30,decode,throughput,process_seconds,10,18.29873954219995,0.14829148639884634,0.8103918089924249,18.101193937000062,18.538668600000165,18.192658203310565,18.404820881089336
fourpeople-720p,1280,720,0,30,encode,memory,process_peak_rss_mib,10,1484.91796875,2.8183562919874183,0.18979878695655514,1481.0,1490.4140625,1482.901838113092,1486.934099386908
fourpeople-720p,1280,720,0,30,encode,throughput,codec_seconds,10,12.593315193804846,0.13861038642046553,1.100666379641268,12.324892402995829,12.84439821000069,12.494159296642211,12.692471090967482
fourpeople-720p,1280,720,0,30,encode,throughput,throughput_fps,10,7.9415880920048085,0.08756182634687172,1.1025732552790615,7.785495152442383,8.113661095791219,7.878950134829754,8.004226049179863
fourpeople-720p,1280,720,0,30,encode,throughput,process_seconds,10,23.691138515999977,0.15157739100635576,0.6398062756839943,23.369522058001166,23.88252776399895,23.582706582557307,23.799570449442648
fourpeople-720p,1280,720,21,1,decode,memory,process_peak_rss_mib,10,1344.07421875,3.592319310628426,0.26727090368337786,1339.26171875,1349.1953125,1341.504428322755,1346.644009177245
fourpeople-720p,1280,720,21,1,decode,throughput,codec_seconds,10,15.811457242704819,0.024066054058647517,0.15220642657558495,15.759500748001301,15.833478223992643,15.794241424734937,15.828673060674701
fourpeople-720p,1280,720,21,1,decode,throughput,throughput_fps,10,6.324540952024227,0.009642112266789056,0.15245552744350574,6.315731678493036,6.345378676585456,6.31764340042621,6.331438503622245
fourpeople-720p,1280,720,21,1,decode,throughput,process_seconds,10,27.08601905080036,0.18353511051790034,0.67760090611203,26.811213806002343,27.289539811000395,26.95472594200661,27.21731215959411
fourpeople-720p,1280,720,21,1,encode,memory,process_peak_rss_mib,10,1411.15859375,1.95605960091363,0.138613732685822,1408.4296875,1413.35546875,1409.7593130060316,1412.5578744939683
fourpeople-720p,1280,720,21,1,encode,throughput,codec_seconds,10,24.273410343799107,0.14957684924433234,0.6162168690999091,24.073956193998583,24.554194611995626,24.166409511721547,24.380411175876667
fourpeople-720p,1280,720,21,1,encode,throughput,throughput_fps,10,4.119874543263218,0.02529661927200309,0.614014310541759,4.072623907246639,4.153866493490135,4.101778431969738,4.137970654556698
fourpeople-720p,1280,720,21,1,encode,throughput,process_seconds,10,36.38619922850016,0.23273242372487607,0.6396172962813443,36.11137777499971,36.90630812500058,36.21971248194949,36.55268597505083
fourpeople-720p,1280,720,21,100,decode,memory,process_peak_rss_mib,10,1489.896484375,3.868400066807616,0.2596422038293741,1484.4453125,1497.66015625,1487.1291976722218,1492.6637710777782
fourpeople-720p,1280,720,21,100,decode,throughput,codec_seconds,10,7.423184396203942,0.02190773623744147,0.29512585257406,7.405185445999905,7.479578886017407,7.4075125457927005,7.438856246615183
fourpeople-720p,1280,720,21,100,decode,throughput,throughput_fps,10,13.471412599208117,0.03954992177011333,0.29358407278267296,13.369736655487863,13.50405073974447,13.443120289539982,13.499704908876252
fourpeople-720p,1280,720,21,100,decode,throughput,process_seconds,10,17.982266864299504,0.06117426128134924,0.3401921556553002,17.882021469000392,18.073079357996903,17.938505434025345,18.026028294573663
fourpeople-720p,1280,720,21,100,encode,memory,process_peak_rss_mib,10,1489.555078125,3.7367634093130637,0.25086439999363913,1482.515625,1496.125,1486.881958614237,1492.2281976357629
fourpeople-720p,1280,720,21,100,encode,throughput,codec_seconds,10,12.216892087396763,0.18553217850804554,1.5186528388790874,11.72773566700198,12.429868980001629,12.084170362224608,12.349613812568919
fourpeople-720p,1280,720,21,100,encode,throughput,throughput_fps,10,8.187136331608997,0.1279462784830142,1.5627720524090656,8.045137093632253,8.526795183606275,8.095609077705241,8.278663585512753
fourpeople-720p,1280,720,21,100,encode,throughput,process_seconds,10,23.428239766000342,0.22616654772716102,0.9653586867220801,22.95128231799754,23.692099718000463,23.266449964188265,23.59002956781242
fourpeople-720p,1280,720,21,30,decode,memory,process_peak_rss_mib,10,1488.558203125,2.310887559854517,0.15524334587677946,1485.1953125,1492.55078125,1486.9050937501784,1490.2113124998218
fourpeople-720p,1280,720,21,30,decode,throughput,codec_seconds,10,7.692333739600167,0.01548396811159876,0.20129090384998802,7.677036092005437,7.717117765008879,7.681257176079986,7.703410303120349
fourpeople-720p,1280,720,21,30,decode,throughput,throughput_fps,10,13.000003329603983,0.02613653574639451,0.20105022347860202,12.958205776439248,13.025860345262158,12.981306378260124,13.018700280947842
fourpeople-720p,1280,720,21,30,decode,throughput,process_seconds,10,18.31048443399991,0.14557123086269064,0.7950157265767693,18.116260262999276,18.520379623001645,18.206349048694268,18.414619819305553
fourpeople-720p,1280,720,21,30,encode,memory,process_peak_rss_mib,10,1487.487890625,3.0740769845454246,0.2066623200040832,1483.04296875,1492.296875,1485.2888284246756,1489.6869528253246
fourpeople-720p,1280,720,21,30,encode,throughput,codec_seconds,10,12.52256031970337,0.08582927063709145,0.6853971428034977,12.436602423018485,12.670404929991491,12.461161758220253,12.583958881186486
fourpeople-720p,1280,720,21,30,encode,throughput,throughput_fps,10,7.9859234800749395,0.05448183679007549,0.6822233762445747,7.89240758701365,8.040781284035694,7.946949521878178,8.0248974382717
fourpeople-720p,1280,720,21,30,encode,throughput,process_seconds,10,23.716003436899904,0.10523959478680829,0.4437492812261329,23.523531427999842,23.837020088999452,23.64071956598951,23.791287307810297
fourpeople-720p,1280,720,42,1,decode,memory,process_peak_rss_mib,10,1344.457421875,1.7170282668216823,0.1277116135390208,1342.1015625,1347.1640625,1343.2291338466132,1345.6857099033866
fourpeople-720p,1280,720,42,1,decode,throughput,codec_seconds,10,15.918480108790892,0.025461708379387663,0.15995062471653043,15.87980589298968,15.951572008001676,15.900265899864346,15.936694317717437
fourpeople-720p,1280,720,42,1,decode,throughput,throughput_fps,10,6.2820212479784,0.010049038024992775,0.15996504354751473,6.268974615783177,6.297306193405433,6.2748325992290415,6.289209896727758
fourpeople-720p,1280,720,42,1,decode,throughput,process_seconds,10,27.163237471100047,0.16809625346482673,0.6188373298421089,26.94395821099897,27.447811652000382,27.042988655319228,27.283486286880866
fourpeople-720p,1280,720,42,1,encode,memory,process_peak_rss_mib,10,1413.0625,2.8371197700149566,0.20077808094227656,1409.30078125,1417.484375,1411.0329467795052,1415.0920532204948
fourpeople-720p,1280,720,42,1,encode,throughput,codec_seconds,10,24.270093124496224,0.17434673126920047,0.7183603720631352,24.118223718001445,24.619760243982455,24.145372986252543,24.394813262739905
fourpeople-720p,1280,720,42,1,encode,throughput,throughput_fps,10,4.120487220058297,0.02937058081757377,0.7127938821069376,4.061777978704806,4.146242325688423,4.099476772238607,4.141497667877986
fourpeople-720p,1280,720,42,1,encode,throughput,process_seconds,10,36.41719609970041,0.1575297213663041,0.4325696051256402,36.135021246998804,36.664265819999855,36.304506125628244,36.52988607377258
fourpeople-720p,1280,720,42,100,decode,memory,process_peak_rss_mib,10,1490.33984375,1.5099249379165711,0.10131413611792671,1488.51953125,1493.39453125,1489.2597085181915,1491.4199789818085
fourpeople-720p,1280,720,42,100,decode,throughput,codec_seconds,10,7.4403828368012,0.02140698055339477,0.2877134285014579,7.412321841973608,7.477708053000242,7.425069205426737,7.455696468175664
fourpeople-720p,1280,720,42,100,decode,throughput,throughput_fps,10,13.440268625756346,0.038617066440144655,0.28732362064654415,13.373081603510519,13.491049381279154,13.412643640590758,13.467893610921934
fourpeople-720p,1280,720,42,100,decode,throughput,process_seconds,10,18.020622267399723,0.14785113286119103,0.8204552021972166,17.839648428000146,18.26668736499778,17.914855938454558,18.12638859634489
fourpeople-720p,1280,720,42,100,encode,memory,process_peak_rss_mib,10,1483.494921875,3.6150490936186475,0.24368462879869926,1478.5390625,1488.96875,1480.9088715405223,1486.0809722094777
fourpeople-720p,1280,720,42,100,encode,throughput,codec_seconds,10,12.339872406705808,0.11746994401688836,0.9519542840090642,12.191064342016034,12.487606659999983,12.255839471011464,12.423905342400152
fourpeople-720p,1280,720,42,100,encode,throughput,throughput_fps,10,8.104472159427836,0.07711175254485624,0.9514716199642077,8.007939609462374,8.202729244513446,8.049309734714766,8.159634584140905
fourpeople-720p,1280,720,42,100,encode,throughput,process_seconds,10,23.492898026399963,0.10209159540876335,0.4345636510831431,23.368177698999716,23.672360356000354,23.41986609858459,23.56592995421534
fourpeople-720p,1280,720,42,30,decode,memory,process_peak_rss_mib,10,1489.41484375,3.2091601342658347,0.21546449249732974,1485.1875,1496.37890625,1487.1191488856452,1491.7105386143548
fourpeople-720p,1280,720,42,30,decode,throughput,codec_seconds,10,7.708862247101729,0.012664249937930649,0.1642816998408809,7.6921798680086795,7.7321250649983995,7.699802788449921,7.717921705753537
fourpeople-720p,1280,720,42,30,decode,throughput,throughput_fps,10,12.972114379232153,0.021302616388543832,0.1642185365143595,12.933055163926102,13.000216026655082,12.95687540548375,12.987353352980556
fourpeople-720p,1280,720,42,30,decode,throughput,process_seconds,10,18.35508014500017,0.12860491187942688,0.7006502334148522,18.174474993000103,18.56175301500116,18.2630817331478,18.44707855685254
fourpeople-720p,1280,720,42,30,encode,memory,process_peak_rss_mib,10,1486.01171875,3.136331992812723,0.2110570161217124,1482.48046875,1492.03515625,1483.7681219995814,1488.2553155004186
fourpeople-720p,1280,720,42,30,encode,throughput,codec_seconds,10,12.599813004400335,0.0932102132058951,0.7397745758079309,12.491272536006363,12.754925607005134,12.533134434678187,12.666491574122483
fourpeople-720p,1280,720,42,30,encode,throughput,throughput_fps,10,7.937015463820822,0.05853826164376366,0.7375349325019932,7.840108447600744,8.005589479514423,7.895139714091497,7.978891213550147
fourpeople-720p,1280,720,42,30,encode,throughput,process_seconds,10,23.74769498049984,0.13618290151931584,0.5734573466230762,23.54033834799975,23.97962676300017,23.65027560142534,23.845114359574342
fourpeople-720p,1280,720,63,1,decode,memory,process_peak_rss_mib,10,1346.2046875,3.2886826779898386,0.244292915373602,1343.2578125,1354.11328125,1343.8521056348134,1348.5572693651868
fourpeople-720p,1280,720,63,1,decode,throughput,codec_seconds,10,16.114667861897125,0.032705220361788814,0.2029531147776231,16.075076398004967,16.18140113800837,16.09127195665062,16.13806376714363
fourpeople-720p,1280,720,63,1,decode,throughput,throughput_fps,10,6.205549575930972,0.01258099206066267,0.20273775765904245,6.179934552460403,6.220810248367512,6.196549676376642,6.214549475485302
fourpeople-720p,1280,720,63,1,decode,throughput,process_seconds,10,27.375232102499147,0.1594022270069125,0.5822863032177189,27.19806744900052,27.601114248999693,27.261202618585532,27.489261586412763
fourpeople-720p,1280,720,63,1,encode,memory,process_peak_rss_mib,10,1412.22265625,3.485564480733208,0.24681408879168787,1407.2421875,1417.484375,1409.7292336275646,1414.7160788724354
fourpeople-720p,1280,720,63,1,encode,throughput,codec_seconds,10,24.27876723380159,0.1353913504717627,0.5576533156233197,24.102849936003622,24.579114747995845,24.18191409623537,24.375620371367813
fourpeople-720p,1280,720,63,1,encode,throughput,throughput_fps,10,4.118939967879788,0.022853850163371915,0.5548478574970799,4.068494777996587,4.148886968367381,4.102591308337814,4.135288627421762
fourpeople-720p,1280,720,63,1,encode,throughput,process_seconds,10,36.38022319900015,0.20579819411900016,0.5656870025048559,36.10113748600088,36.82309548400008,36.23300403960455,36.527442358395746
fourpeople-720p,1280,720,63,100,decode,memory,process_peak_rss_mib,10,1489.51328125,2.5193486825543214,0.16913905463401327,1484.3671875,1492.89453125,1487.7110477714323,1491.315514728568
fourpeople-720p,1280,720,63,100,decode,throughput,codec_seconds,10,7.443061038492897,0.03098968278667189,0.41635669284994625,7.400827686979028,7.498750166985701,7.420892354898172,7.4652297220876225
fourpeople-720p,1280,720,63,100,decode,throughput,throughput_fps,10,13.435542010261859,0.055906848722864944,0.41611159922066526,13.335555629025224,13.5120022015834,13.395548659937912,13.475535360585805
fourpeople-720p,1280,720,63,100,decode,throughput,process_seconds,10,18.07802657070015,0.1383083082762021,0.7650630876954482,17.861300082000525,18.228206910000154,17.97908676722415,18.17696637417615
fourpeople-720p,1280,720,63,100,encode,memory,process_peak_rss_mib,10,1485.25625,2.415220472452889,0.16261304892357054,1481.2890625,1489.34765625,1483.5285053556327,1486.9839946443672
fourpeople-720p,1280,720,63,100,encode,throughput,codec_seconds,10,12.339230806992783,0.14863390741194957,1.2045637992906093,12.11417205498583,12.543147575001058,12.232904514866929,12.445557099118636
fourpeople-720p,1280,720,63,100,encode,throughput,throughput_fps,10,8.105292662062997,0.09776177787662269,1.2061474144443773,7.972480543823273,8.254794429706239,8.035358099120753,8.17522722500524
fourpeople-720p,1280,720,63,100,encode,throughput,process_seconds,10,23.5078620651007,0.10065686393041577,0.4281838291022174,23.34015966700099,23.66136531500024,23.43585648235655,23.57986764784485
fourpeople-720p,1280,720,63,30,decode,memory,process_peak_rss_mib,10,1487.6703125,2.33134971953093,0.15671145010705656,1485.0234375,1490.93359375,1486.0025653779428,1489.338059622057
fourpeople-720p,1280,720,63,30,decode,throughput,codec_seconds,10,7.729055728510377,0.026625045785624028,0.3444799302896924,7.674973368000451,7.775695900032588,7.710009318136327,7.748102138884427
fourpeople-720p,1280,720,63,30,decode,throughput,throughput_fps,10,12.93832946812029,0.044632392441728466,0.3449625591286845,12.860585249942826,13.029361172370145,12.906401377957915,12.970257558282666
fourpeople-720p,1280,720,63,30,decode,throughput,process_seconds,10,18.347426879000444,0.11576513029962626,0.6309611209412983,18.226148428999295,18.608695088001696,18.264613493572107,18.430240264428782
fourpeople-720p,1280,720,63,30,encode,memory,process_peak_rss_mib,10,1485.4453125,1.5637766052254227,0.10527325321681424,1482.34765625,1487.70703125,1484.326654106085,1486.563970893915
fourpeople-720p,1280,720,63,30,encode,throughput,codec_seconds,10,12.567694071403537,0.08540815344790084,0.6795849179861729,12.454545493003025,12.691769848006516,12.506596759009923,12.62879138379715
fourpeople-720p,1280,720,63,30,encode,throughput,throughput_fps,10,7.957239344398399,0.05398623833631505,0.6784543734293899,7.879121761391451,8.029197055499143,7.918619915978114,7.995858772818684
fourpeople-720p,1280,720,63,30,encode,throughput,process_seconds,10,23.780619312599708,0.10156757322996648,0.4271023050108407,23.642097919000662,23.93858368400106,23.707962247668807,23.85327637753061
waterfall-cif,352,288,0,1,decode,memory,process_peak_rss_mib,10,1313.479296875,2.2411430569861377,0.17062644704931507,1310.85546875,1317.0078125,1311.8760797119573,1315.0825140380427
waterfall-cif,352,288,0,1,decode,throughput,codec_seconds,10,2.8959663192986227,0.12346791933785808,4.263444588946771,2.7382586639951114,3.0739133289971505,2.807642690536691,2.9842899480605545
waterfall-cif,352,288,0,1,decode,throughput,throughput_fps,10,34.586607773941424,1.4551960385519191,4.207397406716212,32.531821589330406,36.51955942471128,33.54562323824848,35.627592309634366
waterfall-cif,352,288,0,1,decode,throughput,process_seconds,10,12.934995788600464,0.25452765875373373,1.9677444269293654,12.551986450002005,13.274976913999126,12.75291767015504,13.117073907045887
waterfall-cif,352,288,0,1,encode,memory,process_peak_rss_mib,10,1342.20546875,1.2700435664997054,0.09462363222841738,1340.7421875,1344.7578125,1341.2969343138436,1343.1140031861562
waterfall-cif,352,288,0,1,encode,throughput,codec_seconds,10,2.9540114202014593,0.051067770653168726,1.7287600956426221,2.9055710390057357,3.0430348070076434,2.917479737793113,2.9905431026098057
waterfall-cif,352,288,0,1,encode,throughput,throughput_fps,10,33.86124486064492,0.5767125013920618,1.703163908372262,32.861931046505056,34.41664260056063,33.44868959002493,34.27380013126492
waterfall-cif,352,288,0,1,encode,throughput,process_seconds,10,12.939744565400314,0.15576775261158352,1.2037931029032223,12.760319720999632,13.186025135999444,12.828315027844907,13.051174102955722
waterfall-cif,352,288,0,100,decode,memory,process_peak_rss_mib,10,1363.2484375,1.8582642501055888,0.13631148945333665,1360.84765625,1366.78125,1361.919115335602,1364.5777596643977
waterfall-cif,352,288,0,100,decode,throughput,codec_seconds,10,1.697824763795279,0.047201712266748706,2.7801286253614927,1.6180523000030007,1.7534481810071156,1.664058692952474,1.731590834638084
waterfall-cif,352,288,0,100,decode,throughput,throughput_fps,10,58.940617981964415,1.667881763957568,2.8297663327315856,57.030484894377494,61.80269945527382,57.74748724380501,60.13374872012382
waterfall-cif,352,288,0,100,decode,throughput,process_seconds,10,11.649654698200948,0.127656530725533,1.0957966912551234,11.524063023000053,11.92380226900059,11.558334717356491,11.740974679045404
waterfall-cif,352,288,0,100,encode,memory,process_peak_rss_mib,10,1412.238671875,2.2325717291677116,0.15808742343838897,1409.8828125,1416.08984375,1410.6415862705053,1413.8357574794945
waterfall-cif,352,288,0,100,encode,throughput,codec_seconds,10,2.042455988096799,0.04611196037032277,2.257672167187838,1.9491450000168697,2.096028970006955,2.009469478798877,2.0754424973947208
waterfall-cif,352,288,0,100,encode,throughput,throughput_fps,10,48.983589700633054,1.1285454041384637,2.3039254800141333,47.70926424727239,51.30454635193098,48.17627695210157,49.79090244916454
waterfall-cif,352,288,0,100,encode,throughput,process_seconds,10,12.162838308999834,0.17480161811597222,1.4371778500634067,11.88564636999945,12.381073528000343,12.03779276430889,12.28788385369078
waterfall-cif,352,288,0,30,decode,memory,process_peak_rss_mib,10,1364.683984375,2.725721954617231,0.19973283088432822,1360.58203125,1368.5703125,1362.734120351058,1366.6338483989418
waterfall-cif,352,288,0,30,decode,throughput,codec_seconds,10,1.7476946115973988,0.038396917212435586,2.1970038104849836,1.6888710630100832,1.80725465901196,1.720227111702194,1.7751621114926037
waterfall-cif,352,288,0,30,decode,throughput,throughput_fps,10,57.24302909719784,1.2542251681696448,2.1910531080386897,55.332545140412456,59.211151277451286,56.34581046152816,58.14024773286752
waterfall-cif,352,288,0,30,decode,throughput,process_seconds,10,11.770745452500615,0.11673540492161652,0.9917418178201864,11.59833702800097,11.952277730999413,11.687237974420766,11.854252930580463
waterfall-cif,352,288,0,30,encode,memory,process_peak_rss_mib,10,1412.101171875,2.9266392996630164,0.2072542221445082,1408.05859375,1416.13671875,1410.007580240754,1414.1947635092463
waterfall-cif,352,288,0,30,encode,throughput,codec_seconds,10,2.0935095890014734,0.06804085229058691,3.2500855333096363,1.9580600940012118,2.1673174440256844,2.0448360954285034,2.1421830825744435
waterfall-cif,352,288,0,30,encode,throughput,throughput_fps,10,47.81324627050463,1.592710129407206,3.3311064477747627,46.13998760341031,51.070955537250285,46.67389008025257,48.95260246075669
waterfall-cif,352,288,0,30,encode,throughput,process_seconds,10,12.167911691900418,0.19645842285391887,1.614561543742067,11.946108083999206,12.440560999999434,12.027373802379316,12.30844958142152
waterfall-cif,352,288,21,1,decode,memory,process_peak_rss_mib,10,1313.7828125,2.293426910383797,0.17456667027174988,1310.96484375,1316.92578125,1312.1421937213595,1315.4234312786407
waterfall-cif,352,288,21,1,decode,throughput,codec_seconds,10,2.963104147504828,0.0993967410733022,3.354480170972129,2.8602472129982743,3.2130903149918595,2.8920000023488615,3.0342082926607943
waterfall-cif,352,288,21,1,decode,throughput,throughput_fps,10,33.78089106019886,1.077178131820029,3.1887203031455145,31.122685700247224,34.96201291467191,33.01032424466031,34.55145787573741
waterfall-cif,352,288,21,1,decode,throughput,process_seconds,10,12.998409899399826,0.1537901502822854,1.1831458730147164,12.812827514999299,13.25274970999999,12.88839505332791,13.108424745471742
waterfall-cif,352,288,21,1,encode,memory,process_peak_rss_mib,10,1342.82578125,2.141731326540938,0.1594943555929689,1340.62890625,1346.84765625,1341.2936789548642,1344.357883545136
waterfall-cif,352,288,21,1,encode,throughput,codec_seconds,10,2.980286703498359,0.07010415294289261,2.3522620444738433,2.8433177479964797,3.0643769449925458,2.9301372135547057,3.0304361934420125
waterfall-cif,352,288,21,1,encode,throughput,throughput_fps,10,33.57089332753419,0.8067128971589138,2.4030128995622038,32.63306107409813,35.17018105713446,32.99380568543056,34.14798096963783
waterfall-cif,352,288,21,1,encode,throughput,process_seconds,10,12.972082598700421,0.19065541650045176,1.4697363746323366,12.705149319001066,13.227519176999522,12.835695929849559,13.108469267551284
waterfall-cif,352,288,21,100,decode,memory,process_peak_rss_mib,10,1363.54453125,2.9063096198708456,0.21314372602166126,1360.77734375,1368.53515625,1361.465482592589,1365.623579907411
waterfall-cif,352,288,21,100,decode,throughput,codec_seconds,10,1.6969374556010735,0.05886551718343468,3.468926741474033,1.600491529025021,1.7712798420006948,1.6548276013614336,1.7390473098407133
waterfall-cif,352,288,21,100,decode,throughput,throughput_fps,10,58.994297871921106,2.0700179853232776,3.5088441764615395,56.456352987706374,62.48080554410524,57.51349621067407,60.47509953316814
waterfall-cif,352,288,21,100,decode,throughput,process_seconds,10,11.711537136499874,0.18589598530653031,1.587289380888967,11.391831771998113,11.923749036001027,11.57855515962199,11.844519113377759
waterfall-cif,352,288,21,100,encode,memory,process_peak_rss_mib,10,1413.342578125,3.2574867286909486,0.2304810439527314,1410.00390625,1418.1796875,1411.0123124975821,1415.672843752418
waterfall-cif,352,288,21,100,encode,throughput,codec_seconds,10,2.084833188197126,0.04049130567370001,1.942184434847526,2.014062247997572,2.163917894999031,2.055867453052408,2.113798923341844
waterfall-cif,352,288,21,100,encode,throughput,throughput_fps,10,47.98174412292579,0.9314770270911462,1.9413154817898426,46.212474249188084,49.65089837686117,47.31540559885997,48.64808264699161
waterfall-cif,352,288,21,100,encode,throughput,process_seconds,10,12.175937132600392,0.12183976145005157,1.0006602376734717,12.03250558900072,12.445776627000669,12.088778217827484,12.2630960473733
waterfall-cif,352,288,21,30,decode,memory,process_peak_rss_mib,10,1363.47890625,3.008674907929719,0.22066163943852501,1358.4921875,1368.75,1361.3266298768463,1365.6311826231536
waterfall-cif,352,288,21,30,decode,throughput,codec_seconds,10,1.7392682312023908,0.03271854892307561,1.8811675126416023,1.6760475860246515,1.7951431409928773,1.7158627912775215,1.7626736711272601
waterfall-cif,352,288,21,30,decode,throughput,throughput_fps,10,57.513839543637104,1.0868329415523326,1.8896894211483253,55.7058641823353,59.664177099640646,56.73636609328089,58.291312993993316
waterfall-cif,352,288,21,30,decode,throughput,process_seconds,10,11.651993415099582,0.18258221461522406,1.5669611894786988,11.464124046997313,11.995045857998775,11.521381966970466,11.782604863228698
waterfall-cif,352,288,21,30,encode,memory,process_peak_rss_mib,10,1412.784375,2.5026920997819055,0.17714607721237755,1408.2421875,1416.2578125,1410.994056922948,1414.574693077052
waterfall-cif,352,288,21,30,encode,throughput,codec_seconds,10,2.134107948596943,0.0609376971320765,2.8554177482980485,1.9922270080041926,2.180482299997493,2.0905157461206656,2.1777001510732203
waterfall-cif,352,288,21,30,encode,throughput,throughput_fps,10,46.89387066456998,1.3967718793567176,2.9785809095345788,45.86141332131656,50.195082989151786,45.8946802546318,47.89306107450816
waterfall-cif,352,288,21,30,encode,throughput,process_seconds,10,12.216368196499957,0.13860576223599325,1.134590575582884,12.011156382999616,12.429821268000524,12.117215607279618,12.315520785720295
waterfall-cif,352,288,42,1,decode,memory,process_peak_rss_mib,10,1313.564453125,2.2414314156031776,0.170637337990592,1311.2265625,1317.2421875,1311.9610296826293,1315.1678765673707
waterfall-cif,352,288,42,1,decode,throughput,codec_seconds,10,3.426025578101098,0.1749190539820921,5.105596849602108,3.0646989309861965,3.553851896976994,3.300896024852318,3.5511551313498786
waterfall-cif,352,288,42,1,decode,throughput,throughput_fps,10,29.262169503937685,1.6071257865130104,5.492162111550705,28.138482665826004,32.62963255180853,28.11250097382114,30.411838034054227
waterfall-cif,352,288,42,1,decode,throughput,process_seconds,10,13.547007734200339,0.24682385117787115,1.8219805880434217,13.096966617000362,13.869967675000225,13.370440587706439,13.723574880694239
waterfall-cif,352,288,42,1,encode,memory,process_peak_rss_mib,10,1340.74140625,2.3555546182754536,0.17569045061894864,1336.84375,1344.9140625,1339.0563439864682,1342.4264685135317
waterfall-cif,352,288,42,1,encode,throughput,codec_seconds,10,2.9466922820037325,0.04871912791036566,1.6533496968077357,2.8553152219992626,3.0323044110264163,2.911840717401066,2.981543846606399
waterfall-cif,352,288,42,1,encode,throughput,throughput_fps,10,33.94472581524187,0.5625753432287974,1.6573276988326409,32.97821934907604,35.02240286099866,33.54228365834451,34.347167972139225
waterfall-cif,352,288,42,1,encode,throughput,process_seconds,10,12.949792363399684,0.16658046026711695,1.2863562255864998,12.711781910999889,13.236836961998051,12.830627880750844,13.068956846048524
waterfall-cif,352,288,42,100,decode,memory,process_peak_rss_mib,10,1362.3359375,2.2671660228517916,0.1664175450742517,1358.76953125,1364.93359375,1360.714104628612,1363.957770371388
waterfall-cif,352,288,42,100,decode,throughput,codec_seconds,10,1.7134268621088267,0.036978925442814004,2.1581852287118704,1.6352984090081009,1.7621918210024887,1.6869737324186045,1.7398799917990488
waterfall-cif,352,288,42,100,decode,throughput,throughput_fps,10,58.38745263068679,1.2813107730080164,2.1944967887408673,56.74751114388402,61.150918663619045,57.47085812054407,59.3040471408295
waterfall-cif,352,288,42,100,decode,throughput,process_seconds,10,11.642694689800418,0.14744974670237246,1.2664572131359402,11.462181325001438,11.948029590999795,11.537215495215918,11.748173884384919
waterfall-cif,352,288,42,100,encode,memory,process_peak_rss_mib,10,1413.4171875,2.781605246117014,0.1968000156441436,1408.4296875,1418.01953125,1411.4273469775562,1415.4070280224437
waterfall-cif,352,288,42,100,encode,throughput,codec_seconds,10,2.07434977140083,0.07418601828678614,3.576350493518147,1.9581107110061566,2.2026456859930477,2.021280290894254,2.127419251907406
waterfall-cif,352,288,42,100,encode,throughput,throughput_fps,10,48.26364128771203,1.733697373916959,3.5921396058410537,45.39994817864485,51.06963535714278,47.0234288984487,49.50385367697537
waterfall-cif,352,288,42,100,encode,throughput,process_seconds,10,12.142323821599756,0.18700022338209857,1.5400694803530712,11.88124298999901,12.417588753000018,12.0085519203887,12.276095722810814
waterfall-cif,352,288,42,30,decode,memory,process_peak_rss_mib,10,1363.46796875,2.813701035996056,0.2063635597230495,1358.625,1366.88671875,1361.4551682826143,1365.4807692173856
waterfall-cif,352,288,42,30,decode,throughput,codec_seconds,10,1.7853373279986386,0.0959877354218754,5.376448132044467,1.6716773900043336,1.9169395379998377,1.7166718385778517,1.8540028174194256
waterfall-cif,352,288,42,30,decode,throughput,throughput_fps,10,56.15626680205014,2.987112595311654,5.3192862799109735,52.1664862233169,59.82015465301039,54.019415178136036,58.293118425964245
waterfall-cif,352,288,42,30,decode,throughput,process_seconds,10,11.759803797800611,0.18028099533455696,1.533027237820704,11.436743438000121,12.100580807997176,11.630838542776033,11.88876905282519
waterfall-cif,352,288,42,30,encode,memory,process_peak_rss_mib,10,1412.108984375,1.868360686248001,0.13230994965129678,1410.19140625,1415.91015625,1410.7724396552824,1413.4455290947178
waterfall-cif,352,288,42,30,encode,throughput,codec_seconds,10,2.1280197985017253,0.03818352874825876,1.7943220629405157,2.048523547999139,2.1873551400021825,2.10070494751802,2.1553346494854306
waterfall-cif,352,288,42,30,encode,throughput,throughput_fps,10,47.005804960047406,0.8523598396932087,1.8133076125760896,45.71731319309229,48.81564583315302,46.39606346236624,47.61554645772857
waterfall-cif,352,288,42,30,encode,throughput,process_seconds,10,12.202342983800065,0.11169425981115756,0.9153509285835009,11.956745974001024,12.389022649998878,12.122441723688892,12.282244243911238
waterfall-cif,352,288,63,1,decode,memory,process_peak_rss_mib,10,1315.810546875,1.9218328759074854,0.14605695937547888,1314.26171875,1318.78515625,1314.4357504551328,1317.1853432948672
waterfall-cif,352,288,63,1,decode,throughput,codec_seconds,10,4.028041813196955,0.24673243721647153,6.125369314889168,3.7193230689808843,4.349088463000953,3.8515400603116428,4.204543566082267
waterfall-cif,352,288,63,1,decode,throughput,throughput_fps,10,24.91081270016178,1.5401577980523995,6.182687881726143,22.9933239690871,26.886613006006108,23.80905018306829,26.01257521725527
waterfall-cif,352,288,63,1,decode,throughput,process_seconds,10,14.207659018100093,0.32893129990418646,2.3151688781743616,13.72363708299963,14.723983746000158,13.972355741129677,14.44296229507051
waterfall-cif,352,288,63,1,encode,memory,process_peak_rss_mib,10,1343.358203125,1.614320847699244,0.12017054304234824,1339.67578125,1345.7421875,1342.203387558175,1344.513018691825
waterfall-cif,352,288,63,1,encode,throughput,codec_seconds,10,2.9481777666991547,0.045321936158002056,1.537286410267774,2.8415116980004314,2.9982814510040043,2.9157564066773864,2.980599126720923
waterfall-cif,352,288,63,1,encode,throughput,throughput_fps,10,33.926618367603986,0.532123531115161,1.5684543780622642,33.35243926700544,35.19253504054546,33.545960124800885,34.30727661040709
waterfall-cif,352,288,63,1,encode,throughput,process_seconds,10,12.989878820399667,0.17586611853525497,1.3538703552728293,12.627321786000039,13.23610021100103,12.8640717779824,13.115685862816935
waterfall-cif,352,288,63,100,decode,memory,process_peak_rss_mib,10,1363.16875,2.6165900281952923,0.1919490912768718,1358.70703125,1366.62109375,1361.296954253284,1365.0405457467161
waterfall-cif,352,288,63,100,decode,throughput,codec_seconds,10,1.7640933974047583,0.0786590514367917,4.458893817782594,1.6511590080190217,1.880166935010493,1.7078241017437708,1.820362693065746
waterfall-cif,352,288,63,100,decode,throughput,throughput_fps,10,56.786439275212004,2.4959305674883687,4.395293311827484,53.18676663114592,60.56351902774949,55.000958106981074,58.571920443442934
waterfall-cif,352,288,63,100,decode,throughput,process_seconds,10,11.798809373500285,0.14368856552231266,1.2178225867860208,11.564252890000716,12.099307396000086,11.69602076584748,11.90159798115309
waterfall-cif,352,288,63,100,encode,memory,process_peak_rss_mib,10,1412.06328125,1.8832156884462463,0.1333662388543358,1409.80859375,1414.15234375,1410.7161099018717,1413.4104525981284
waterfall-cif,352,288,63,100,encode,throughput,codec_seconds,10,2.0774063321996663,0.036195752018532534,1.7423530224925512,2.0131371079990004,2.1160801830155833,2.0515134510270623,2.1032992133722703
waterfall-cif,352,288,63,100,encode,throughput,throughput_fps,10,48.15028026589856,0.8503205698520744,1.7659722127397384,47.25718845752433,49.67371551726901,47.54199757398135,48.75856295781577
waterfall-cif,352,288,63,100,encode,throughput,process_seconds,10,12.257269580299862,0.15192580039594572,1.2394750674336479,12.009606303000055,12.511782961999415,12.14858840979425,12.365950750805474
waterfall-cif,352,288,63,30,decode,memory,process_peak_rss_mib,10,1362.9625,2.1834219179309775,0.16019677121938258,1358.77734375,1366.796875,1361.4005740523999,1364.5244259476003
waterfall-cif,352,288,63,30,decode,throughput,codec_seconds,10,1.819531170201526,0.06810149903970208,3.742804748552857,1.7477546080008324,1.9342875630245544,1.7708142925577526,1.8682480478452994
waterfall-cif,352,288,63,30,decode,throughput,throughput_fps,10,55.027094711526054,2.0160508569644344,3.663742139274072,51.698621193445874,57.216270260265496,53.584898808244944,56.469290614807164
waterfall-cif,352,288,63,30,decode,throughput,process_seconds,10,11.820925453299811,0.12999217744287836,1.0996785146512456,11.551613677000205,11.995702073000075,11.727934651446235,11.913916255153387
waterfall-cif,352,288,63,30,encode,memory,process_peak_rss_mib,10,1411.17265625,1.4281079996860746,0.10120009010669735,1408.19140625,1412.3359375,1410.1510493299786,1412.1942631700215
waterfall-cif,352,288,63,30,encode,throughput,codec_seconds,10,2.1371404061006842,0.0440574023961005,2.0615118347083876,2.0626324000259046,2.1968966409986024,2.1056236390383023,2.168657173163066
waterfall-cif,352,288,63,30,encode,throughput,throughput_fps,10,46.80948907547817,0.9698583605884122,2.0719268245473903,45.5187550173252,48.48173625060098,46.11569419943541,47.50328395152093
waterfall-cif,352,288,63,30,encode,throughput,process_seconds,10,12.278058076000615,0.11652028148592046,0.9490123011690064,12.048700490000556,12.420027408999886,12.194704487956125,12.361411664045105
