sequence,width,height,qp,gop,operation,mode,metric,n,mean,sample_std,cv_percent,minimum,maximum,ci95_low,ci95_high
akiyo-qcif,176,144,0,1,decode,memory,process_peak_rss_mib,10,997.31328125,0.796578784814576,0.07987247335322459,996.48046875,998.44140625,996.7434431151477,997.8831193848524
akiyo-qcif,176,144,0,1,decode,throughput,codec_seconds,10,1.3443708251,0.034778851866789605,2.586998409773033,1.259651011,1.382306393,1.3194915332359904,1.3692501169640094
akiyo-qcif,176,144,0,1,decode,throughput,throughput_fps,10,74.43088629214282,2.004272033578777,2.692796140720354,72.34286154386614,79.38706762963888,72.99711645151463,75.864656132771
akiyo-qcif,176,144,0,1,decode,throughput,process_seconds,10,4.228604950299745,0.048668669422669814,1.150939139377868,4.13205509099862,4.2761340029992425,4.193789481524716,4.263420419074775
akiyo-qcif,176,144,0,1,encode,memory,process_peak_rss_mib,10,1005.583203125,1.75507700925942,0.17453324635945153,1004.0390625,1009.16796875,1004.3276966659477,1006.8387095840523
akiyo-qcif,176,144,0,1,encode,throughput,codec_seconds,10,0.8420466926,0.01945278739893787,2.310179182448091,0.820399342,0.874891491,0.8281310067941426,0.8559623784058573
akiyo-qcif,176,144,0,1,encode,throughput,throughput_fps,10,118.81488044936467,2.723615979624742,2.2923189160514834,114.29988864756258,121.8918578801103,116.86652294917732,120.763237949552
akiyo-qcif,176,144,0,1,encode,throughput,process_seconds,10,3.7168175702999178,0.027317591399057973,0.7349726179015469,3.6780794710002738,3.7519418880001467,3.697275742638611,3.7363593979612246
akiyo-qcif,176,144,0,100,decode,memory,process_peak_rss_mib,10,997.384765625,0.9649417087867727,0.09674718744897841,996.40234375,998.51953125,996.6944879097778,998.0750433402222
akiyo-qcif,176,144,0,100,decode,throughput,codec_seconds,10,0.5542862197,0.045749563472080736,8.25377969830137,0.501280907,0.642862455,0.5215589535259315,0.5870134858740685
akiyo-qcif,176,144,0,100,decode,throughput,throughput_fps,10,181.47169080930843,14.301849434911663,7.881036083991819,155.5542701587698,199.4889464242052,171.24076404815048,191.70261757046637
akiyo-qcif,176,144,0,100,decode,throughput,process_seconds,10,3.4338129392996053,0.06252561145606976,1.8208799536069984,3.3553089060001184,3.519397553998715,3.3890848113455987,3.478541067253612
akiyo-qcif,176,144,0,100,encode,memory,process_peak_rss_mib,10,1012.986328125,0.8032878072456542,0.07929897817402037,1012.52734375,1014.50390625,1012.4116906446193,1013.5609656053807
akiyo-qcif,176,144,0,100,encode,throughput,codec_seconds,10,0.4567434068,0.025716086685721302,5.630313717255677,0.420459223,0.484919425,0.43834722659529424,0.4751395870047057
akiyo-qcif,176,144,0,100,encode,throughput,throughput_fps,10,219.59232121146763,12.851883983029843,5.852610834535269,206.2198271393232,237.83519192775563,210.39863724970598,228.78600517322928
akiyo-qcif,176,144,0,100,encode,throughput,process_seconds,10,3.2759347309002806,0.027811849565112443,0.8489744714013056,3.244919992999712,3.3156377780014736,3.2560393322465635,3.295830129553998
akiyo-qcif,176,144,0,30,decode,memory,process_peak_rss_mib,10,997.315625,0.9901978629171517,0.09928630797468473,996.3359375,998.77734375,996.6072801205027,998.0239698794973
akiyo-qcif,176,144,0,30,decode,throughput,codec_seconds,10,0.5951856525,0.039609500701223585,6.654982447048081,0.555089587,0.686473071,0.5668507226320465,0.6235205823679535
akiyo-qcif,176,144,0,30,decode,throughput,throughput_fps,10,168.64292204968598,10.512866361890216,6.233802304962962,145.67213809906318,180.15110054658618,161.12247049635133,176.16337360302063
akiyo-qcif,176,144,0,30,decode,throughput,process_seconds,10,3.46638346350021,0.05421305798022103,1.5639659763862055,3.396123161000105,3.5777830930001073,3.427601778081252,3.5051651489191684
akiyo-qcif,176,144,0,30,encode,memory,process_peak_rss_mib,10,1018.055859375,1.0351129282077367,0.1016754551015706,1017.11328125,1019.2890625,1017.3153841933657,1018.7963345566342
akiyo-qcif,176,144,0,30,encode,throughput,codec_seconds,10,0.4949844734,0.02461587022799996,4.973059065654312,0.480517294,0.553906756,0.47737534063636794,0.5125936061636321
akiyo-qcif,176,144,0,30,encode,throughput,throughput_fps,10,202.44366742800506,9.323760322927422,4.605607298752986,180.53580122788756,208.1090550718035,195.77385109155233,209.11348376445778
akiyo-qcif,176,144,0,30,encode,throughput,process_seconds,10,3.316403753200325,0.033306939699097045,1.0043089496252047,3.2646672800001397,3.3841438370000105,3.29257740387043,3.34023010253022
akiyo-qcif,176,144,21,1,decode,memory,process_peak_rss_mib,10,998.12109375,1.6337000428714339,0.16367753903822693,996.3828125,1001.79296875,996.9524151420769,999.2897723579231
akiyo-qcif,176,144,21,1,decode,throughput,codec_seconds,10,1.3491916955,0.046194954679152994,3.423898533709363,1.261552695,1.392994667,1.3161458156501018,1.3822375753498983
akiyo-qcif,176,144,21,1,decode,throughput,throughput_fps,10,74.19898828790261,2.61426331761575,3.523313966859005,71.7877838077897,79.26739833883832,72.3288569696677,76.06911960613752
akiyo-qcif,176,144,21,1,decode,throughput,process_seconds,10,4.252069551599982,0.07052286682664616,1.6585539340509985,4.101136505999989,4.333943244000693,4.201620531787968,4.302518571411997
akiyo-qcif,176,144,21,1,encode,memory,process_peak_rss_mib,10,1004.295703125,0.6023034139019996,0.05997271640492458,1003.93359375,1005.98828125,1003.8648412183865,1004.7265650316136
akiyo-qcif,176,144,21,1,encode,throughput,codec_seconds,10,0.8571741839,0.022837151050703403,2.6642369170287146,0.827521087,0.889565776,0.8408374701835972,0.8735108976164028
akiyo-qcif,176,144,21,1,encode,throughput,throughput_fps,10,116.73718465044819,3.1192240643193014,2.6720055598902315,112.41439666177085,120.84284203865852,114.50582617482392,118.96854312607245
akiyo-qcif,176,144,21,1,encode,throughput,process_seconds,10,3.732852520400138,0.043746513897044474,1.171932554473251,3.6571356210001795,3.78874390799956,3.701558149572537,3.764146891227739
akiyo-qcif,176,144,21,100,decode,memory,process_peak_rss_mib,10,997.560546875,1.0417614702952656,0.10443090131809354,996.37890625,998.91796875,996.815315612869,998.305778137131
akiyo-qcif,176,144,21,100,decode,throughput,codec_seconds,10,0.5461563308,0.03589971337015671,6.5731570514931965,0.505704357,0.619243596,0.5204752229189405,0.5718374386810595
akiyo-qcif,176,144,21,100,decode,throughput,throughput_fps,10,183.77786423001643,11.519594061833395,6.2682163110871,161.48733817507255,197.743995312265,175.53724306411368,192.01848539591919
akiyo-qcif,176,144,21,100,decode,throughput,process_seconds,10,3.4260949454995853,0.042794824384233716,1.2490846011272312,3.3548970800000006,3.4873451409985137,3.3954813723372963,3.4567085186618742
akiyo-qcif,176,144,21,100,encode,memory,process_peak_rss_mib,10,1012.923828125,0.8253056740180612,0.08147756535116422,1012.5078125,1014.48828125,1012.3334400115693,1013.5142162384307
akiyo-qcif,176,144,21,100,encode,throughput,codec_seconds,10,0.4680789164,0.01675185989483642,3.5788537590360097,0.426122251,0.491577946,0.4560953577366788,0.48006247506332117
akiyo-qcif,176,144,21,100,encode,throughput,throughput_fps,10,213.89942881902195,8.08961341573376,3.7819705552268195,203.42653858600892,234.6744385333682,208.11246799559024,219.68638964245366
akiyo-qcif,176,144,21,100,encode,throughput,process_seconds,10,3.3116325428001345,0.021749699038040995,0.6567666779735968,3.283971900999859,3.337438390999523,3.2960737453908817,3.3271913402093873
akiyo-qcif,176,144,21,30,decode,memory,process_peak_rss_mib,10,997.414453125,1.0663870921915715,0.10691514333389428,996.375,999.04296875,996.6516057541821,998.1773004958179
akiyo-qcif,176,144,21,30,decode,throughput,codec_seconds,10,0.5701040702,0.018538213490633115,3.25172445868167,0.544837552,0.603608868,0.5568426311554524,0.5833655092445476
akiyo-qcif,176,144,21,30,decode,throughput,throughput_fps,10,175.56933041733126,5.564144100417558,3.169200501700094,165.67019687987752,183.5409465315269,171.5889815093823,179.5496793252802
akiyo-qcif,176,144,21,30,decode,throughput,process_seconds,10,3.442997317400136,0.033187161909802546,0.9639032171788828,3.3761049619999994,3.5051834719997714,3.4192566519389924,3.4667379828612797
akiyo-qcif,176,144,21,30,encode,memory,process_peak_rss_mib,10,1018.252734375,1.0602061924032307,0.10412014194629014,1017.109375,1019.30859375,1017.4943085535307,1019.0111601964694
akiyo-qcif,176,144,21,30,encode,throughput,codec_seconds,10,0.48530975519999997,0.012800643824197423,2.637623432671815,0.453868676,0.501517354,0.4761527262397212,0.4944667841602787
akiyo-qcif,176,144,21,30,encode,throughput,throughput_fps,10,206.18782127526305,5.6423954792850655,2.7365318884437917,199.39489471784063,220.3280492527314,202.1514947030409,210.2241478474852
akiyo-qcif,176,144,21,30,encode,throughput,process_seconds,10,3.319619530099959,0.04091276404998454,1.2324534085613297,3.2342997110000056,3.3771663879997504,3.2903523017951946,3.3488867584047233
akiyo-qcif,176,144,42,1,decode,memory,process_peak_rss_mib,10,996.861328125,0.787486501103716,0.07899659449974875,996.36328125,998.921875,996.297994218091,997.424662031909
akiyo-qcif,176,144,42,1,decode,throughput,codec_seconds,10,1.3288175212,0.05812405140457365,4.3741183779759485,1.264663949,1.398363866,1.2872380796257958,1.370396962774204
akiyo-qcif,176,144,42,1,decode,throughput,throughput_fps,10,75.38454141173997,3.294213141718821,4.369878863792887,71.5121453231258,79.07238921380845,73.0280032911317,77.74107953234825
akiyo-qcif,176,144,42,1,decode,throughput,process_seconds,10,4.238886577599874,0.07176834464325961,1.6930942437222751,4.162295035999705,4.334564869999667,4.187546596630534,4.290226558569214
akiyo-qcif,176,144,42,1,encode,memory,process_peak_rss_mib,10,1004.71015625,0.9010394087158606,0.08968152686730249,1004.05859375,1006.1171875,1004.0655914864396,1005.3547210135603
akiyo-qcif,176,144,42,1,encode,throughput,codec_seconds,10,0.8381913762,0.017866306355885604,2.1315306817977264,0.816112934,0.870869402,0.8254105905644529,0.850972161835547
akiyo-qcif,176,144,42,1,encode,throughput,throughput_fps,10,119.35241080455665,2.4980597943019274,2.093011592696338,114.82777988334927,122.53206123063356,117.56540647922031,121.139415129893
akiyo-qcif,176,144,42,1,encode,throughput,process_seconds,10,3.7067473463996974,0.045511706921021224,1.227807095221259,3.648065784999744,3.787875351999901,3.6741902325520552,3.7393044602473395
akiyo-qcif,176,144,42,100,decode,memory,process_peak_rss_mib,10,997.09453125,0.9213521793129122,0.09240369397652458,996.36328125,998.4140625,996.4354356057141,997.753626894286
akiyo-qcif,176,144,42,100,decode,throughput,codec_seconds,10,0.5729445546,0.05894558394418669,10.288182943869572,0.506430287,0.673140504,0.5307774240501191,0.615111685149881
akiyo-qcif,176,144,42,100,decode,throughput,throughput_fps,10,176.12256189299328,17.15834554906123,9.742275699740343,148.55739538145517,197.46054406102294,163.84822090975175,188.3969028762348
akiyo-qcif,176,144,42,100,decode,throughput,process_seconds,10,3.4310544427000877,0.08861813639703546,2.582825130786818,3.3052553150000676,3.5585839390005276,3.3676608468358213,3.494448038564354
akiyo-qcif,176,144,42,100,encode,memory,process_peak_rss_mib,10,1015.35625,6.185742485910364,0.6092189303912162,1012.5,1032.73046875,1010.9312363942598,1019.7812636057403
akiyo-qcif,176,144,42,100,encode,throughput,codec_seconds,10,0.4537403748,0.027485265508636173,6.057487284606566,0.419096705,0.482256981,0.43407860030645706,0.47340214929354296
akiyo-qcif,176,144,42,100,encode,throughput,throughput_fps,10,221.13527614333643,13.666633185693057,6.180213950502659,207.35832541530385,238.60841377886757,211.3587557128303,230.91179657384257
akiyo-qcif,176,144,42,100,encode,throughput,process_seconds,10,3.2689266856998755,0.02367351108157362,0.7241982876255646,3.243685487999983,3.307960580999861,3.2519916760595273,3.2858616953402238
akiyo-qcif,176,144,42,30,decode,memory,process_peak_rss_mib,10,997.316015625,1.1467657930569057,0.11498519777988808,996.3515625,999.6875,996.4956687954266,998.1363624545734
akiyo-qcif,176,144,42,30,decode,throughput,codec_seconds,10,0.5719969261,0.02743079818425448,4.795619859582753,0.540900677,0.644145342,0.5523741151831022,0.5916197370168977
akiyo-qcif,176,144,42,30,decode,throughput,throughput_fps,10,175.16045740226068,7.758367130336955,4.429291431067491,155.2444665508425,184.87682536215425,169.6104558966587,180.71045890786266
akiyo-qcif,176,144,42,30,decode,throughput,process_seconds,10,3.4459548785999914,0.047115887408552416,1.367281031482759,3.396037046000174,3.5377689029992325,3.4122502031621997,3.479659554037783
akiyo-qcif,176,144,42,30,encode,memory,process_peak_rss_mib,10,1017.69609375,0.8475088277461414,0.08327720160772617,1017.24609375,1019.3359375,1017.0898224572161,1018.302365042784
akiyo-qcif,176,144,42,30,encode,throughput,codec_seconds,10,0.4744907423,0.028552333344625834,6.017469003973408,0.433897598,0.527289996,0.454065633460862,0.494915851139138
akiyo-qcif,176,144,42,30,encode,throughput,throughput_fps,10,211.44285178859994,12.779149646746719,6.043784189745645,189.64896121412474,230.46912557464768,202.3011988365983,220.58450474060157
akiyo-qcif,176,144,42,30,encode,throughput,process_seconds,10,3.296516295400397,0.031027391736402572,0.9412176053761617,3.262814028000321,3.3452149920012744,3.2743206364480657,3.3187119543527284
akiyo-qcif,176,144,63,1,decode,memory,process_peak_rss_mib,10,1000.83203125,10.398152818229303,1.0389508422549603,996.37109375,1030.25390625,993.3936408223294,1008.2704216776706
akiyo-qcif,176,144,63,1,decode,throughput,codec_seconds,10,1.3809684668,0.05221541156164627,3.7810719663020667,1.276421351,1.412690216,1.3436158115422205,1.4183211220577794
akiyo-qcif,176,144,63,1,decode,throughput,throughput_fps,10,72.51134140977312,2.891592483315921,3.9877796039864606,70.78692757082136,78.3440357854058,70.44282075763253,74.57986206191372
akiyo-qcif,176,144,63,1,decode,throughput,process_seconds,10,4.266280262499981,0.06690841333070253,1.5683079688603285,4.113029589000007,4.326800653998362,4.218416866957534,4.314143658042428
akiyo-qcif,176,144,63,1,encode,memory,process_peak_rss_mib,10,1004.4765625,0.7932006964413668,0.07896657085429674,1003.90234375,1006.00390625,1003.9091409039943,1005.0439840960057
akiyo-qcif,176,144,63,1,encode,throughput,codec_seconds,10,0.8568511456,0.028894128523463167,3.3721292982844053,0.826825369,0.902552442,0.8361815312192594,0.8775207599807405
akiyo-qcif,176,144,63,1,encode,throughput,throughput_fps,10,116.82412471779885,3.880346073462026,3.321528051535089,110.79688597197325,120.94452317173639,114.04829235666185,119.59995707893586
akiyo-qcif,176,144,63,1,encode,throughput,process_seconds,10,3.748205851200089,0.045698183184523414,1.219201532645063,3.6767396700000745,3.8004762509999637,3.7155153402695547,3.7808963621306235
akiyo-qcif,176,144,63,100,decode,memory,process_peak_rss_mib,10,996.984375,0.7694045563361084,0.07717318100758684,996.390625,998.9375,996.4339761371535,997.5347738628465
akiyo-qcif,176,144,63,100,decode,throughput,codec_seconds,10,0.5454902225,0.031587041818522475,5.790578917025864,0.51944567,0.631583349,0.5228942139965073,0.5680862310034928
akiyo-qcif,176,144,63,100,decode,throughput,throughput_fps,10,183.81592529767389,9.501913362592408,5.169254702607995,158.33222987644027,192.51291477701605,177.0186659539804,190.61318464136738
akiyo-qcif,176,144,63,100,decode,throughput,process_seconds,10,3.4099912592999204,0.04982759669106442,1.4612235898016392,3.336174122999637,3.5094213929987745,3.374346743899948,3.445635774699893
akiyo-qcif,176,144,63,100,encode,memory,process_peak_rss_mib,10,1012.789453125,0.6048494536654492,0.05972114458727462,1012.5078125,1014.4921875,1012.3567698912588,1013.2221363587413
akiyo-qcif,176,144,63,100,encode,throughput,codec_seconds,10,0.4702348305,0.01801333873263815,3.8307112881205745,0.423010561,0.491654686,0.4573488642383443,0.48312079676165565
akiyo-qcif,176,144,63,100,encode,throughput,throughput_fps,10,212.9623304670624,8.786430536471462,4.1258144185412196,203.3947867223216,236.4007171915502,206.67689670412497,219.24776422999983
akiyo-qcif,176,144,63,100,encode,throughput,process_seconds,10,3.295408970799838,0.02925970715039262,0.8878930478632191,3.254283297999791,3.3347166309995373,3.274477837223655,3.316340104376021
akiyo-qcif,176,144,63,30,decode,memory,process_peak_rss_mib,10,997.512890625,1.1726965436254129,0.11756204402437849,996.3671875,999.3671875,996.6739940539308,998.3517871960692
akiyo-qcif,176,144,63,30,decode,throughput,codec_seconds,10,0.6062732594,0.02926067689285454,4.826318238381889,0.545050663,0.638988333,0.5853414321118496,0.6272050866881503
akiyo-qcif,176,144,63,30,decode,throughput,throughput_fps,10,165.3068500145742,8.40458246023687,5.08423120971447,156.49738005466838,183.46918330415826,159.2945739099959,171.3191261191525
akiyo-qcif,176,144,63,30,decode,throughput,process_seconds,10,3.4797056145001988,0.027920733289008,0.8023877989178215,3.43815523900048,3.5270346350007458,3.459732325122647,3.4996789038777507
akiyo-qcif,176,144,63,30,encode,memory,process_peak_rss_mib,10,1018.12265625,1.3985092703494932,0.13736157051062514,1017.26953125,1021.3125,1017.1222229854168,1019.1230895145832
akiyo-qcif,176,144,63,30,encode,throughput,codec_seconds,10,0.4974522464,0.018739236992951217,3.7670423902122754,0.478684854,0.521662599,0.48404700380481047,0.5108574889951896
akiyo-qcif,176,144,63,30,encode,throughput,throughput_fps,10,201.27887660350814,7.509304802693287,3.7307962610928076,191.69478546419617,208.90571148089845,195.90704355399868,206.6507096530176
akiyo-qcif,176,144,63,30,encode,throughput,process_seconds,10,3.323407123499851,0.03852301250576768,1.1591421416103675,3.253877085999875,3.3672252369997295,3.2958494204657525,3.350964826533949
basketball-1080p,1920,1080,0,1,decode,memory,process_peak_rss_mib,10,1055.10546875,40.269059643576334,3.8165909320215845,1007.140625,1087.20703125,1026.2987188377517,1083.9122186622483
basketball-1080p,1920,1080,0,1,decode,throughput,codec_seconds,10,33.1250921157,0.5165364707647362,1.5593510471172942,32.273016253,33.914842471,32.755584184162075,33.494600047237924
basketball-1080p,1920,1080,0,1,decode,throughput,throughput_fps,10,3.0195207211785284,0.04711830339390668,1.560456368569521,2.9485615357201875,3.098563803769172,2.985814317448929,3.053227124908128
basketball-1080p,1920,1080,0,1,decode,throughput,process_seconds,10,39.2514985126003,0.557431426058442,1.4201532353713793,38.34888717400008,40.071393972000806,38.8527360923744,39.6502609328262
basketball-1080p,1920,1080,0,1,encode,memory,process_peak_rss_mib,10,1067.35703125,14.692089380684038,1.3764924903785831,1039.6796875,1076.640625,1056.8469436486553,1077.867118851345
basketball-1080p,1920,1080,0,1,encode,throughput,codec_seconds,10,40.9155658605,0.19850412263905143,0.4851555110244432,40.649146502,41.252747981,40.7735645655101,41.057567155489906
basketball-1080p,1920,1080,0,1,encode,throughput,throughput_fps,10,2.444109360597846,0.011852741024629352,0.4849513371091583,2.4240809374943346,2.460076252648499,2.43563042045141,2.452588300744282
basketball-1080p,1920,1080,0,1,encode,throughput,process_seconds,10,47.807373910699745,0.22246365774292481,0.4653333566459197,47.519526914999915,48.19359465099842,47.648232996809874,47.966514824589616
basketball-1080p,1920,1080,0,100,decode,memory,process_peak_rss_mib,10,1108.4359375,1.8178213760217277,0.1639987765212392,1107.25,1112.890625,1107.1355464248745,1109.7363285751253
basketball-1080p,1920,1080,0,100,decode,throughput,codec_seconds,10,15.848136891,0.18472069503150557,1.1655672606942626,15.558159996,16.134683698,15.715995666136854,15.980278115863145
basketball-1080p,1920,1080,0,100,decode,throughput,throughput_fps,10,6.3106614013872155,0.07354398094101701,1.1653925993375354,6.197828347412578,6.427495283870971,6.258051206729815,6.3632715960446165
basketball-1080p,1920,1080,0,100,decode,throughput,process_seconds,10,20.47624496059973,0.20316300318385702,0.9921887708160461,20.13814229899981,20.8743888959998,20.33091090323809,20.621579017961366
basketball-1080p,1920,1080,0,100,encode,memory,process_peak_rss_mib,10,1073.850390625,11.093981384825337,1.0331030729865864,1069.59375,1105.31640625,1065.914234426856,1081.7865468231441
basketball-1080p,1920,1080,0,100,encode,throughput,codec_seconds,10,17.714058171599998,0.05743543276365283,0.32423644659661327,17.610493826,17.777461257,17.672971338126143,17.755145005073853
basketball-1080p,1920,1080,0,100,encode,throughput,throughput_fps,10,5.645287330930647,0.018342883895152682,0.32492383150546894,5.625100150935461,5.678432472595445,5.632165622261163,5.658409039600131
basketball-1080p,1920,1080,0,100,encode,throughput,process_seconds,10,22.55568950890008,0.05708632448360714,0.2530905759324355,22.45737230800023,22.638271406000058,22.514852412445283,22.596526605354878
basketball-1080p,1920,1080,0,30,decode,memory,process_peak_rss_mib,10,1107.675390625,0.8190848328341248,0.0739462878535164,1107.2265625,1109.23046875,1107.089452633271,1108.261328616729
basketball-1080p,1920,1080,0,30,decode,throughput,codec_seconds,10,16.3643015993,0.21430567268469577,1.3095925382716176,16.174538344,16.781674335,16.21099655636019,16.51760664223981
basketball-1080p,1920,1080,0,30,decode,throughput,throughput_fps,10,6.111796763028874,0.07925466511481291,1.296749027949287,5.958880979559898,6.182556674768733,6.055101391010034,6.168492135047714
basketball-1080p,1920,1080,0,30,decode,throughput,process_seconds,10,20.98973746040008,0.22014961352907336,1.0488440550741274,20.793818762000228,21.41129093499876,20.832251914019267,21.14722300678089
basketball-1080p,1920,1080,0,30,encode,memory,process_peak_rss_mib,10,1077.094140625,14.741328671557236,1.3686202640563396,1069.6171875,1107.56640625,1066.5488293568849,1087.639451893115
basketball-1080p,1920,1080,0,30,encode,throughput,codec_seconds,10,18.5047032316,0.05595386217650357,0.3023764362832505,18.411682896,18.594401485,18.46467624987732,18.54473021332268
basketball-1080p,1920,1080,0,30,encode,throughput,throughput_fps,10,5.404076018011749,0.016341995382742825,0.30240128614540324,5.377962828256099,5.431334037461906,5.392385658757659,5.4157663772658395
basketball-1080p,1920,1080,0,30,encode,throughput,process_seconds,10,23.369557311100245,0.06600581599657364,0.2824435872613715,23.26089012700004,23.491352781000387,23.322339594794062,23.416775027406427
basketball-1080p,1920,1080,21,1,decode,memory,process_peak_rss_mib,10,1069.300390625,41.53956050042172,3.8847419176703077,1007.1640625,1097.2265625,1039.5847791507888,1099.0160020992114
basketball-1080p,1920,1080,21,1,decode,throughput,codec_seconds,10,33.2677887298,0.7041248383606733,2.1165363411423415,32.513616475,34.101352802,32.76408816402596,33.77148929557405
basketball-1080p,1920,1080,21,1,decode,throughput,throughput_fps,10,3.0071221159502346,0.0635996210874077,2.114966357703454,2.9324349852224962,3.075634483075448,2.9616256877893905,3.0526185441110787
basketball-1080p,1920,1080,21,1,decode,throughput,process_seconds,10,39.398213393999775,0.7444853367779681,1.8896423787870313,38.640866011999606,40.20707473499897,38.86564066695523,39.93078612104432
basketball-1080p,1920,1080,21,1,encode,memory,process_peak_rss_mib,10,1057.341796875,18.313670971913364,1.732048333475502,1039.61328125,1077.05859375,1044.2409858718986,1070.4426078781014
basketball-1080p,1920,1080,21,1,encode,throughput,codec_seconds,10,40.9798474252,0.24785866372097254,0.6048306162520147,40.625117994,41.348256716,40.80254001840702,41.157154831992976
basketball-1080p,1920,1080,21,1,encode,throughput,throughput_fps,10,2.4403041768341223,0.01476147889923934,0.604903234579135,2.418481646925257,2.4615313121002917,2.4297444509614783,2.4508639027067662
basketball-1080p,1920,1080,21,1,encode,throughput,process_seconds,10,47.85749856990005,0.29679319486432126,0.6201602752614178,47.413850895999985,48.30540707900036,47.645185508314135,48.06981163148597
basketball-1080p,1920,1080,21,100,decode,memory,process_peak_rss_mib,10,1108.14453125,1.0377056852464037,0.09364353258828607,1107.2890625,1109.41015625,1107.4022013217127,1108.8868611782873
basketball-1080p,1920,1080,21,100,decode,throughput,codec_seconds,10,15.7986175048,0.2306007032537209,1.4596258386764465,15.59721534,16.152891365,15.63365569920993,15.963579310390068
basketball-1080p,1920,1080,21,100,decode,throughput,throughput_fps,10,6.330869936648364,0.0915147371735348,1.4455317845620401,6.190842106242322,6.411400869970934,6.265404237414842,6.396335635881886
basketball-1080p,1920,1080,21,100,decode,throughput,process_seconds,10,20.42275336879957,0.2905341429979188,1.422600262322005,20.16612360099998,20.89821665999989,20.214917763190996,20.63058897440814
basketball-1080p,1920,1080,21,100,encode,memory,process_peak_rss_mib,10,1069.812109375,0.6297681884562019,0.05886717704327741,1069.5546875,1071.6015625,1069.3616003522386,1070.2626183977616
basketball-1080p,1920,1080,21,100,encode,throughput,codec_seconds,10,17.7209823418,0.0344129877640175,0.19419345440486468,17.667250181,17.763421229,17.69636477334855,17.74559991025145
basketball-1080p,1920,1080,21,100,encode,throughput,throughput_fps,10,5.643047182379637,0.010960760069966715,0.19423477627817093,5.629546173050446,5.660190407420823,5.635206326969097,5.6508880377901765
basketball-1080p,1920,1080,21,100,encode,throughput,process_seconds,10,22.568090437499883,0.05797844943640167,0.25690454226496173,22.452237328000137,22.636271436999778,22.526615153299133,22.609565721700633
basketball-1080p,1920,1080,21,30,decode,memory,process_peak_rss_mib,10,1108.28125,1.2961322337482049,0.11694975745084606,1107.28515625,1110.22265625,1107.3540528555604,1109.2084471444396
basketball-1080p,1920,1080,21,30,decode,throughput,codec_seconds,10,16.382975243,0.27958589406159207,1.7065636120096774,16.131013522,16.786429721,16.182971542876118,16.582978943123884
basketball-1080p,1920,1080,21,30,decode,throughput,throughput_fps,10,6.105480017098415,0.10304386239487934,1.687727453145448,5.957192902961309,6.199238495685144,6.031766878518211,6.179193155678619
basketball-1080p,1920,1080,21,30,decode,throughput,process_seconds,10,21.03698220809979,0.3243963091324091,1.542028727901419,20.72848733599949,21.547326380999948,20.804923068096397,21.269041348103183
basketball-1080p,1920,1080,21,30,encode,memory,process_peak_rss_mib,10,1077.3125,14.955264599334614,1.3882011579123619,1069.5625,1108.66015625,1066.614148188518,1088.010851811482
basketball-1080p,1920,1080,21,30,encode,throughput,codec_seconds,10,18.4600847166,0.04166220166385561,0.22568803070763482,18.373438678,18.524332189,18.430281372922572,18.48988806027743
basketball-1080p,1920,1080,21,30,encode,throughput,throughput_fps,10,5.4171180974913336,0.012241349486205604,0.22597531133527568,5.398305265729437,5.4426393312939325,5.408361163598197,5.42587503138447
basketball-1080p,1920,1080,21,30,encode,throughput,process_seconds,10,23.322350961299843,0.061659885248011,0.26438108812583644,23.179824345999805,23.39837864400033,23.278242136567435,23.36645978603225
basketball-1080p,1920,1080,42,1,decode,memory,process_peak_rss_mib,10,1070.0046875,42.392942449810576,3.9619398816708995,1007.3125,1099.9765625,1039.678603354878,1100.330771645122
basketball-1080p,1920,1080,42,1,decode,throughput,codec_seconds,10,33.6424099806,0.4844171691856924,1.4399003206519185,32.734050048,34.204000993,33.29587881326102,33.98894114793898
basketball-1080p,1920,1080,42,1,decode,throughput,throughput_fps,10,2.9729999578700936,0.04331564320321896,1.456967501413993,2.9236345777345005,3.054922927452109,2.9420138133688933,3.003986102371294
basketball-1080p,1920,1080,42,1,decode,throughput,process_seconds,10,39.83393289030016,0.5520471240617983,1.385871502023406,38.813909941998645,40.50621158499962,39.4390221676913,40.228843612909024
basketball-1080p,1920,1080,42,1,encode,memory,process_peak_rss_mib,10,1056.8390625,17.877320873574806,1.6915840365783987,1039.53515625,1078.078125,1044.050397553158,1069.6277274468418
basketball-1080p,1920,1080,42,1,encode,throughput,codec_seconds,10,40.9811891249,0.2598694632342978,0.6341188940181393,40.545632928,41.490280928,40.795289709729154,41.16708854007084
basketball-1080p,1920,1080,42,1,encode,throughput,throughput_fps,10,2.4402320541693987,0.015441278730682725,0.6327791123102264,2.410203010520334,2.466356862096041,2.429186028792666,2.4512780795461313
basketball-1080p,1920,1080,42,1,encode,throughput,process_seconds,10,47.87961672900015,0.2807555727366685,0.5863780704965794,47.43958448800004,48.420545365999715,47.6787762911583,48.080457166841995
basketball-1080p,1920,1080,42,100,decode,memory,process_peak_rss_mib,10,1107.65,0.6176081987415466,0.05575842538180351,1107.3984375,1109.40234375,1107.2081897098574,1108.0918102901428
basketball-1080p,1920,1080,42,100,decode,throughput,codec_seconds,10,15.8941365947,0.2039649340196863,1.283271556176884,15.621370916,16.18580045,15.748228870576858,16.040044318823146
basketball-1080p,1920,1080,42,100,decode,throughput,throughput_fps,10,6.292562254859112,0.08086740101902018,1.285126753518798,6.178254841885192,6.401486818136826,6.23471320107372,6.350411308644504
basketball-1080p,1920,1080,42,100,decode,throughput,process_seconds,10,20.533120019900366,0.21890162583314335,1.06609042182088,20.200670023001294,20.914693226000963,20.376527230136382,20.68971280966435
basketball-1080p,1920,1080,42,100,encode,memory,process_peak_rss_mib,10,1070.276171875,0.9542717266408237,0.08916126059025029,1069.54296875,1071.78125,1069.5935270051923,1070.9588167448078
basketball-1080p,1920,1080,42,100,encode,throughput,codec_seconds,10,17.7330428826,0.06265538136193297,0.35332560675986197,17.641462622,17.822222918,17.68822192284765,17.77786384235235
basketball-1080p,1920,1080,42,100,encode,throughput,throughput_fps,10,5.63925347235198,0.01992656416419655,0.3533546463533181,5.610972349526753,5.66846423920054,5.624998867065215,5.653508077638745
basketball-1080p,1920,1080,42,100,encode,throughput,process_seconds,10,22.582079062200318,0.07033871743859792,0.3114802549617164,22.486679462999746,22.722567065000476,22.53176177492477,22.632396349475865
basketball-1080p,1920,1080,42,30,decode,memory,process_peak_rss_mib,10,1107.84765625,0.8498385805929478,0.07671078020506918,1107.421875,1109.5,1107.2397183524279,1108.4555941475721
basketball-1080p,1920,1080,42,30,decode,throughput,codec_seconds,10,16.2773583829,0.24439173343998674,1.5014213467016233,15.980554317,16.807801898,16.102531068625986,16.452185697174016
basketball-1080p,1920,1080,42,30,decode,throughput,throughput_fps,10,6.144728119444971,0.09067245569120773,1.4756137932982756,5.949617957592612,6.257605212956895,6.079864952086587,6.209591286803355
basketball-1080p,1920,1080,42,30,decode,throughput,process_seconds,10,20.894886268299775,0.289592619055154,1.3859497263428668,20.50805586399997,21.537688024998715,20.68772418834578,21.10204834825377
basketball-1080p,1920,1080,42,30,encode,memory,process_peak_rss_mib,10,1078.080859375,16.21548108703383,1.5041062037252468,1069.5859375,1108.89453125,1066.481002996047,1089.680715753953
basketball-1080p,1920,1080,42,30,encode,throughput,codec_seconds,10,18.4223243065,0.12529147936982854,0.6801067948066771,18.131279125,18.60325156,18.33269618147578,18.511952431524218
basketball-1080p,1920,1080,42,30,encode,throughput,throughput_fps,10,5.4284242446638675,0.037176355248285886,0.6848461647932212,5.375404384415043,5.515330678579469,5.40182988219886,5.455018607128875
basketball-1080p,1920,1080,42,30,encode,throughput,process_seconds,10,23.279035917600133,0.14315520213328387,0.6149533109532739,22.93141271999997,23.456501514001502,23.176628855131053,23.381442980069213
basketball-1080p,1920,1080,63,1,decode,memory,process_peak_rss_mib,10,1079.6546875,37.47471248444877,3.4709905785917106,1007.578125,1099.4453125,1052.8468931256625,1106.4624818743373
basketball-1080p,1920,1080,63,1,decode,throughput,codec_seconds,10,34.0076388651,0.5070926017460445,1.491113816391538,32.730524015,34.478416383,33.64488667048351,34.37039105971649
basketball-1080p,1920,1080,63,1,decode,throughput,throughput_fps,10,2.9411187823710017,0.044936389356724525,1.5278672057066245,2.9003652281810193,3.055252031839491,2.908973225916095,2.973264338825908
basketball-1080p,1920,1080,63,1,decode,throughput,process_seconds,10,40.16957413010016,0.5577916657476731,1.3885924305324029,38.78941955100004,40.72378749800009,39.77055400992477,40.568594250275545
basketball-1080p,1920,1080,63,1,encode,memory,process_peak_rss_mib,10,1046.730078125,14.300700389720637,1.3662261827172653,1039.58203125,1075.875,1036.4999733412549,1056.9601829087453
basketball-1080p,1920,1080,63,1,encode,throughput,codec_seconds,10,41.0729889268,0.13667948782557096,0.33277219748764864,40.874481795,41.27070495,40.97521431128192,41.170763542318085
basketball-1080p,1920,1080,63,1,encode,throughput,throughput_fps,10,2.4347143781857974,0.008102484684314395,0.33278994681716545,2.4230262148696347,2.44651419684133,2.4289182098114983,2.4405105465600965
basketball-1080p,1920,1080,63,1,encode,throughput,process_seconds,10,47.97099742820003,0.16657790648661994,0.34724711892001675,47.756459512999754,48.237446975999774,47.85183477241571,48.09016008398435
basketball-1080p,1920,1080,63,100,decode,memory,process_peak_rss_mib,10,1108.793359375,1.2966677090232863,0.1169440363310064,1107.5546875,1110.5703125,1107.8657791746243,1109.7209395753755
basketball-1080p,1920,1080,63,100,decode,throughput,codec_seconds,10,15.946001604500001,0.2552509938877676,1.600720984599269,15.603371425,16.306504228,15.763406043271129,16.128597165728873
basketball-1080p,1920,1080,63,100,decode,throughput,throughput_fps,10,6.272605803331998,0.10004861717630659,1.5950088418303112,6.132522250127,6.408871344290261,6.2010353341039215,6.344176272560074
basketball-1080p,1920,1080,63,100,decode,throughput,process_seconds,10,20.587983900799895,0.294954189782123,1.4326521295300958,20.229003116000968,21.053563875999316,20.376986384199608,20.79898141740018
basketball-1080p,1920,1080,63,100,encode,memory,process_peak_rss_mib,10,1074.22734375,11.71516652386374,1.0905667773236423,1069.77734375,1107.4609375,1065.8468184727697,1082.6078690272304
basketball-1080p,1920,1080,63,100,encode,throughput,codec_seconds,10,17.7498317166,0.05732085662624922,0.32293746521912997,17.661629386,17.857990192,17.708826845957294,17.790836587242705
basketball-1080p,1920,1080,63,100,encode,throughput,throughput_fps,10,5.633909067606263,0.01817960536290648,0.3226819095720804,5.599734288397015,5.661991757072418,5.620904161362415,5.64691397385011
basketball-1080p,1920,1080,63,100,encode,throughput,process_seconds,10,22.593629172799847,0.07752159345233703,0.34311262196718795,22.458211078000033,22.682560049999665,22.53817356556327,22.649084780036425
basketball-1080p,1920,1080,63,30,decode,memory,process_peak_rss_mib,10,1108.875390625,1.3249956110915584,0.11949003668886059,1107.58984375,1111.55078125,1107.9275458642487,1109.823235385751
basketball-1080p,1920,1080,63,30,decode,throughput,codec_seconds,10,16.4681071915,0.267823228726462,1.6263145825568754,16.191700579,16.933368404,16.27651799525601,16.65969638774399
basketball-1080p,1920,1080,63,30,decode,throughput,throughput_fps,10,6.073778868560867,0.09808668138651093,1.6149201923406833,5.905499580129492,6.1760035341621915,6.003611883649056,6.143945853472677
basketball-1080p,1920,1080,63,30,decode,throughput,process_seconds,10,21.116725164400076,0.25957191645752936,1.2292242970284628,20.785165131001122,21.60503566099942,20.93103860137084,21.302411727429313
basketball-1080p,1920,1080,63,30,encode,memory,process_peak_rss_mib,10,1080.855859375,17.062746270234147,1.578632906713445,1069.703125,1107.703125,1068.6499059960713,1093.0618127539285
basketball-1080p,1920,1080,63,30,encode,throughput,codec_seconds,10,18.4931116493,0.07043027043781518,0.3808459699667746,18.36916245,18.578960019,18.4427288689542,18.5434944296458
basketball-1080p,1920,1080,63,30,encode,throughput,throughput_fps,10,5.407489567516095,0.02064013704927122,0.3816953651332177,5.382432595674557,5.443906344243801,5.3927245029380915,5.422254632094099
basketball-1080p,1920,1080,63,30,encode,throughput,process_seconds,10,23.36494387440025,0.08052361143414791,0.34463430285562735,23.250531952000074,23.481161797999448,23.30734075286859,23.42254699593191
basketball-360p,640,360,0,1,decode,memory,process_peak_rss_mib,10,1036.373828125,1.1396837970122717,0.10996840773895067,1035.46875,1038.2421875,1035.558547450205,1037.1891087997951
basketball-360p,640,360,0,1,decode,throughput,codec_seconds,10,4.3213311933,0.0754677820313325,1.746401251270474,4.263527555,4.525537989,4.267344794246963,4.375317592353037
basketball-360p,640,360,0,1,decode,throughput,throughput_fps,10,23.147148897791585,0.39015459794358115,1.6855406238856696,22.09682036546042,23.454756351398792,22.868049111763494,23.426248683819676
basketball-360p,640,360,0,1,decode,throughput,process_seconds,10,8.09553853939974,0.12736708489667994,1.5732997165883893,7.880818664000799,8.278478446998633,8.004425615627852,8.186651463171629
basketball-360p,640,360,0,1,encode,memory,process_peak_rss_mib,10,1052.35703125,1.6831462693219184,0.1599406113458149,1050.9296875,1055.81640625,1051.1529809425124,1053.5610815574878
basketball-360p,640,360,0,1,encode,throughput,codec_seconds,10,4.9592436684,0.04376072026191476,0.8824071408460006,4.916615269,5.066533621,4.92793913495118,4.99054820184882
basketball-360p,640,360,0,1,encode,throughput,throughput_fps,10,20.16576082338795,0.17575435940694273,0.8715483682773102,19.737360388869313,20.33919567197276,20.04003372863492,20.291487918140977
basketball-360p,640,360,0,1,encode,throughput,process_seconds,10,8.67482865640011,0.12687597834541117,1.4625761887735351,8.564820715999304,8.895065953000085,8.58406704909123,8.765590263708988
basketball-360p,640,360,0,100,decode,memory,process_peak_rss_mib,10,1036.00234375,0.935452770507787,0.0902944646941381,1035.453125,1037.96484375,1035.3331611504248,1036.671526349575
basketball-360p,640,360,0,100,decode,throughput,codec_seconds,10,2.0089313486,0.008549777722389577,0.4255883471751194,1.988040241,2.018216739,2.0028152060619293,2.0150474911380707
basketball-360p,640,360,0,100,decode,throughput,throughput_fps,10,49.7785250899175,0.21307424885654364,0.428044520145297,49.54869220317174,50.30079267897475,49.62610095451731,49.93094922531769
basketball-360p,640,360,0,100,decode,throughput,process_seconds,10,5.554385004700111,0.10859845243208877,1.9551840994132192,5.343460191000304,5.713891778999823,5.476698351777054,5.632071657623168
basketball-360p,640,360,0,100,encode,memory,process_peak_rss_mib,10,1087.79453125,1.6253841109194818,0.14942013994607325,1086.8515625,1091.83984375,1086.6318015014283,1088.9572609985719
basketball-360p,640,360,0,100,encode,throughput,codec_seconds,10,1.991758401,0.009992732570478221,0.5017040503236326,1.978549894,2.00889867,1.9846100307463712,1.9989067712536288
basketball-360p,640,360,0,100,encode,throughput,throughput_fps,10,50.20802675568557,0.25119490455024995,0.5003082590211625,49.778518694524294,50.542066340228466,50.028332745975455,50.38772076539569
basketball-360p,640,360,0,100,encode,throughput,process_seconds,10,5.544510297200259,0.13538239262744065,2.441737599365682,5.280499215999953,5.6558845650001786,5.447663567689837,5.641357026710681
basketball-360p,640,360,0,30,decode,memory,process_peak_rss_mib,10,1036.287890625,1.1718649449800107,0.11308295267961128,1035.44921875,1038.3671875,1035.4495889437649,1037.1261923062352
basketball-360p,640,360,0,30,decode,throughput,codec_seconds,10,2.0935879368,0.013101971290208334,0.625814233064143,2.067490042,2.110033945,2.084215351155957,2.102960522444043
basketball-360p,640,360,0,30,decode,throughput,throughput_fps,10,47.76658198490271,0.3002003460228714,0.6284735761871215,47.3926024919945,48.36782667318888,47.55183159420589,47.98133237559952
basketball-360p,640,360,0,30,decode,throughput,process_seconds,10,5.6653036026999075,0.11342584778342037,2.0021141978933863,5.444060800999978,5.7853005600009055,5.584163639174513,5.746443566225302
basketball-360p,640,360,0,30,encode,memory,process_peak_rss_mib,10,1087.862109375,1.9240139988817115,0.17686193703235958,1086.83203125,1092.8515625,1086.4857526737505,1089.2384660762496
basketball-360p,640,360,0,30,encode,throughput,codec_seconds,10,2.0923595088,0.01757342174832767,0.839885386541737,2.072538614,2.120993825,2.0797882401911165,2.1049307774088835
basketball-360p,640,360,0,30,encode,throughput,throughput_fps,10,47.79595347386226,0.39945623925601564,0.8357532598956576,47.147709164122624,48.25000572944693,47.510199694484626,48.0817072532399
basketball-360p,640,360,0,30,encode,throughput,process_seconds,10,5.665716099899669,0.07933882442740257,1.4003318032262073,5.515877219000004,5.755536563000533,5.608960523935368,5.72247167586397
basketball-360p,640,360,21,1,decode,memory,process_peak_rss_mib,10,1036.155078125,0.9171604560476792,0.08851575168722325,1035.51171875,1038.09375,1035.4989810588997,1036.8111751911003
basketball-360p,640,360,21,1,decode,throughput,codec_seconds,10,4.3180475473,0.020366258064444663,0.47165432620535475,4.284298016,4.354991,4.303478403945187,4.332616690654813
basketball-360p,640,360,21,1,decode,throughput,throughput_fps,10,23.159078077611785,0.10913042728574918,0.47122094808794285,22.96215996772439,23.341046684087626,23.08101087280337,23.2371452824202
basketball-360p,640,360,21,1,decode,throughput,process_seconds,10,8.058430865400101,0.1486399633157895,1.844527375099712,7.865305126999829,8.294807112000854,7.952100241141614,8.164761489658588
basketball-360p,640,360,21,1,encode,memory,process_peak_rss_mib,10,1055.953515625,10.741062196425274,1.0171908173503104,1050.8515625,1085.953125,1048.269822605521,1063.6372086444787
basketball-360p,640,360,21,1,encode,throughput,codec_seconds,10,4.9472749715,0.01708937105795665,0.34542998229134614,4.92054826,4.978391586,4.935049971895304,4.959499971104695
basketball-360p,640,360,21,1,encode,throughput,throughput_fps,10,20.213364543953148,0.06973181983890202,0.3449787871151929,20.08680881616772,20.32293856619953,20.163481405066747,20.26324768283955
basketball-360p,640,360,21,1,encode,throughput,process_seconds,10,8.722224160699943,0.09032566748657256,1.0355806709664304,8.583016831999885,8.818129601000692,8.657609070678648,8.786839250721238
basketball-360p,640,360,21,100,decode,memory,process_peak_rss_mib,10,1036.704296875,1.0351194798238756,0.09984712930621571,1035.48046875,1038.15234375,1035.9638170066219,1037.444776743378
basketball-360p,640,360,21,100,decode,throughput,codec_seconds,10,2.0165908672,0.017465107976797144,0.8660709646596352,1.984442546,2.039175477,2.004097081595591,2.0290846528044093
basketball-360p,640,360,21,100,decode,throughput,throughput_fps,10,49.591998158674016,0.4307512556621365,0.8685902396671122,49.0394284983842,50.39198549817829,49.28385727318837,49.900139044159666
basketball-360p,640,360,21,100,decode,throughput,process_seconds,10,5.560830831099975,0.16838036609638393,3.027971380727599,5.2497092579997116,5.754212470999846,5.440378773386104,5.681282888813845
basketball-360p,640,360,21,100,encode,memory,process_peak_rss_mib,10,1087.525,1.1007344577922418,0.10121463486285295,1086.8359375,1089.66015625,1086.7375820039983,1088.3124179960018
basketball-360p,640,360,21,100,encode,throughput,codec_seconds,10,2.0001069073,0.014287794189897049,0.7143515247984689,1.970777566,2.021661486,1.9898860350554284,2.010327779544572
basketball-360p,640,360,21,100,encode,throughput,throughput_fps,10,49.99963124650978,0.35834857743575804,0.7167024406020445,49.464265255335626,50.741393511478606,49.74328411690283,50.25597837611673
basketball-360p,640,360,21,100,encode,throughput,process_seconds,10,5.545383739699673,0.08839409882556812,1.5940122987837693,5.394520867999745,5.644256831999883,5.482150410659349,5.608617068739997
basketball-360p,640,360,21,30,decode,memory,process_peak_rss_mib,10,1036.3171875,1.0114041566335168,0.09759600331182548,1035.4765625,1038.11328125,1035.5936725518432,1037.040702448157
basketball-360p,640,360,21,30,decode,throughput,codec_seconds,10,2.0989767004999997,0.01677558326354157,0.7992267498512698,2.073783765,2.126294511,2.086976171161043,2.1109772298389564
basketball-360p,640,360,21,30,decode,throughput,throughput_fps,10,47.644996966008186,0.38009770646148394,0.7977704495031464,47.03017361079008,48.22103523411468,47.37309144675423,47.91690248526214
basketball-360p,640,360,21,30,decode,throughput,process_seconds,10,5.635171020400037,0.13120762589005425,2.328369900666119,5.441257316000701,5.799346151999998,5.5413107391059455,5.729031301694128
basketball-360p,640,360,21,30,encode,memory,process_peak_rss_mib,10,1087.62265625,1.0361314523272305,0.09526571061876317,1086.78515625,1088.87109375,1086.8814524601032,1088.363860039897
basketball-360p,640,360,21,30,encode,throughput,codec_seconds,10,2.0911058638,0.009210667449210088,0.4404687303813627,2.074906344,2.103135843,2.084516949231775,2.097694778368225
basketball-360p,640,360,21,30,encode,throughput,throughput_fps,10,47.82242337725635,0.21110317699081238,0.4414313664648162,47.548046091666556,48.194946383565544,47.67140926172744,47.97343749278526
basketball-360p,640,360,21,30,encode,throughput,process_seconds,10,5.63183448609999,0.10237756021325152,1.817836807277114,5.45018704000006,5.776245200000631,5.558597991386865,5.705070980813115
basketball-360p,640,360,42,1,decode,memory,process_peak_rss_mib,10,1036.0953125,0.7853628718591118,0.07580025335353612,1035.4921875,1037.5078125,1035.533497745937,1036.6571272540632
basketball-360p,640,360,42,1,decode,throughput,codec_seconds,10,4.3891575633999995,0.034242441755578626,0.780159774648263,4.350084527,4.447223704,4.364661996213468,4.413653130586531
basketball-360p,640,360,42,1,decode,throughput,throughput_fps,10,22.784660780873402,0.17737184710845783,0.7784704315517075,22.485938791443356,22.98805905478903,22.657776605122802,22.911544956624002
basketball-360p,640,360,42,1,decode,throughput,process_seconds,10,8.196749681799952,0.1277115983945304,1.5580761076320409,7.9936533189998045,8.387475195999286,8.105390307918183,8.288109055681721
basketball-360p,640,360,42,1,encode,memory,process_peak_rss_mib,10,1055.0796875,9.96998809279778,0.9449511928735507,1050.96875,1083.08203125,1047.9475876655522,1062.211787334448
basketball-360p,640,360,42,1,encode,throughput,codec_seconds,10,4.9490390633,0.024219223246231616,0.4893722384579913,4.912209964,4.989839122,4.931713674694001,4.966364451905998
basketball-360p,640,360,42,1,encode,throughput,throughput_fps,10,20.20637801559563,0.09882659384454526,0.48908613789304145,20.040726274942216,20.35743600800204,20.135681729197163,20.277074301994094
basketball-360p,640,360,42,1,encode,throughput,process_seconds,10,8.742264598799967,0.08772033828457639,1.0034052080351994,8.6146906390004,8.862654186999862,8.6795132490156,8.805015948584334
basketball-360p,640,360,42,100,decode,memory,process_peak_rss_mib,10,1036.15078125,1.097539936749646,0.10592473186437082,1035.49609375,1038.67578125,1035.3656484766873,1036.9359140233125
basketball-360p,640,360,42,100,decode,throughput,codec_seconds,10,2.0325962343,0.019309527315180635,0.9499932642466292,1.993520069,2.058873655,2.0187830305844057,2.0464094380155946
basketball-360p,640,360,42,100,decode,throughput,throughput_fps,10,49.20218141928941,0.4700701033806378,0.9553846797458246,48.57024604552531,50.162524849906596,48.86591352455423,49.53844931402459
basketball-360p,640,360,42,100,decode,throughput,process_seconds,10,5.539755043000002,0.14436602611117152,2.606000174928158,5.321110241000042,5.72870226699888,5.436481809236446,5.643028276763558
basketball-360p,640,360,42,100,encode,memory,process_peak_rss_mib,10,1087.65,1.0326156256719847,0.09494006579984228,1086.77734375,1088.921875,1086.9113112809812,1088.388688719019
basketball-360p,640,360,42,100,encode,throughput,codec_seconds,10,2.0060264453,0.01325080973898106,0.6605501024189844,1.986752859,2.029272362,1.9965473870437562,2.0155055035562435
basketball-360p,640,360,42,100,encode,throughput,throughput_fps,10,49.85174835102201,0.3291732082186874,0.6603042402863671,49.27874733455814,50.333386735546654,49.61627202326821,50.08722467877581
basketball-360p,640,360,42,100,encode,throughput,process_seconds,10,5.487934641500113,0.11569304601335145,2.1081345455259846,5.361103156999889,5.654850435999833,5.405172822063773,5.570696460936452
basketball-360p,640,360,42,30,decode,memory,process_peak_rss_mib,10,1036.087890625,0.8831374808981333,0.08523769931963954,1035.4921875,1037.75390625,1035.456132129134,1036.719649120866
basketball-360p,640,360,42,30,decode,throughput,codec_seconds,10,2.1208722140000003,0.014328114437343062,0.6755765077576268,2.101088612,2.147402486,2.110622498387968,2.1311219296120325
basketball-360p,640,360,42,30,decode,throughput,throughput_fps,10,47.15234200073069,0.31732881276835373,0.6729863232741149,46.56788871762534,47.5943753294685,46.92533864305912,47.37934535840226
basketball-360p,640,360,42,30,decode,throughput,process_seconds,10,5.654453069800274,0.14069145147802978,2.488153137735729,5.474064703999829,5.835180009000396,5.553808468376975,5.755097671223574
basketball-360p,640,360,42,30,encode,memory,process_peak_rss_mib,10,1087.45390625,0.9999725338024915,0.09195539489584609,1086.78515625,1088.96875,1086.7385689921816,1088.1692435078185
basketball-360p,640,360,42,30,encode,throughput,codec_seconds,10,2.102846109,0.01171090505828923,0.5569073746370485,2.082218867,2.116713771,2.094468632191598,2.111223585808402
basketball-360p,640,360,42,30,encode,throughput,throughput_fps,10,47.555926577863076,0.2652036142631685,0.5576668006435581,47.243043140762936,48.02569104758765,47.36621134091634,47.745641814809815
basketball-360p,640,360,42,30,encode,throughput,process_seconds,10,5.618877869000334,0.10132945806104346,1.8033753433240431,5.505185203999645,5.755235298000116,5.546391141399935,5.691364596600733
basketball-360p,640,360,63,1,decode,memory,process_peak_rss_mib,10,1036.159375,1.02558848124182,0.09897980040395041,1035.50390625,1038.046875,1035.4257131972781,1036.8930368027218
basketball-360p,640,360,63,1,decode,throughput,codec_seconds,10,4.4343833723,0.02307815227522936,0.5204365598921891,4.394712995,4.471055199,4.41787425669329,4.45089248790671
basketball-360p,640,360,63,1,decode,throughput,throughput_fps,10,22.551600200192528,0.11752247905677252,0.521127006569446,22.366084861212645,22.75461449104255,22.4675296831946,22.635670717190457
basketball-360p,640,360,63,1,decode,throughput,process_seconds,10,8.246157046600274,0.13989257103629363,1.696457758999006,8.070445382001708,8.433473391000007,8.146083929818001,8.346230163382547
basketball-360p,640,360,63,1,encode,memory,process_peak_rss_mib,10,1051.675,1.1658726487927937,0.11085864442843975,1050.9375,1054.01171875,1050.8409849492248,1052.5090150507751
basketball-360p,640,360,63,1,encode,throughput,codec_seconds,10,4.9640709865999995,0.04248376646041058,0.8558251196465793,4.882948485,5.029879896,4.933679930871668,4.994462042328331
basketball-360p,640,360,63,1,encode,throughput,throughput_fps,10,20.14608818942359,0.17293476615968859,0.8584036986916244,19.881190419581344,20.479429653454556,20.022378110171964,20.269798268675217
basketball-360p,640,360,63,1,encode,throughput,process_seconds,10,8.707215676900262,0.0891096708570872,1.0234002942351592,8.587949953000134,8.818476029000522,8.643470458465483,8.77096089533504
basketball-360p,640,360,63,100,decode,memory,process_peak_rss_mib,10,1036.421875,0.7834192972833276,0.07558884236048449,1035.53515625,1037.5546875,1035.861450595432,1036.982299404568
basketball-360p,640,360,63,100,decode,throughput,codec_seconds,10,2.0694369304999998,0.014849554944659754,0.7175649919938334,2.04566215,2.095986044,2.058814198820015,2.0800596621799845
basketball-360p,640,360,63,100,decode,throughput,throughput_fps,10,48.32455827172923,0.34611417161712216,0.7162283195035545,47.71024133784738,48.883927387520956,48.076963108814866,48.572153434643596
basketball-360p,640,360,63,100,decode,throughput,process_seconds,10,5.598778046100096,0.13619389766832998,2.4325646872748896,5.430768569000065,5.786878438000713,5.501350800854459,5.696205291345734
basketball-360p,640,360,63,100,encode,memory,process_peak_rss_mib,10,1087.11171875,0.6200821054435609,0.05703940954261385,1086.81640625,1088.86328125,1086.6681387336132,1087.5552987663866
basketball-360p,640,360,63,100,encode,throughput,codec_seconds,10,2.0090388246,0.014253942469791201,0.7094906427519718,1.990493369,2.033180005,1.9988421684171844,2.019235480782816
basketball-360p,640,360,63,100,encode,throughput,throughput_fps,10,49.777294292366236,0.35209705284663095,0.7073446997311543,49.1840367080533,50.23880087088097,49.52541923404685,50.02916935068562
basketball-360p,640,360,63,100,encode,throughput,process_seconds,10,5.5373886743994944,0.11067037744274653,1.9986023006547984,5.383327602999998,5.684484180999789,5.458219855611448,5.616557493187541
basketball-360p,640,360,63,30,decode,memory,process_peak_rss_mib,10,1036.193359375,1.0784540089018197,0.10407845207117619,1035.49609375,1038.703125,1035.4218798519798,1036.9648388980202
basketball-360p,640,360,63,30,decode,throughput,codec_seconds,10,2.161714017,0.018991149643423435,0.8785227599060081,2.137075515,2.205473151,2.1481285669505983,2.1752994670494017
basketball-360p,640,360,63,30,decode,throughput,throughput_fps,10,46.262773280862504,0.4028722417637651,0.8708346110552371,45.34174444819619,46.79291831201389,45.9745758405002,46.55097072122481
basketball-360p,640,360,63,30,decode,throughput,process_seconds,10,5.694850840599793,0.1549222771868838,2.72039218450482,5.486206655000387,5.894785153000157,5.584026119728257,5.805675561471329
basketball-360p,640,360,63,30,encode,memory,process_peak_rss_mib,10,1090.00390625,3.4896693280759763,0.3201520020310456,1086.84765625,1096.14453125,1087.50754719667,1092.50026530333
basketball-360p,640,360,63,30,encode,throughput,codec_seconds,10,2.096095361,0.014150262753254638,0.6750772420250892,2.07942069,2.12169359,2.085972872818416,2.106217849181584
basketball-360p,640,360,63,30,encode,throughput,throughput_fps,10,47.70970478063583,0.3212295649474517,0.6733002570953461,47.13215917289923,48.09031692379669,47.47991099295453,47.939498568317134
basketball-360p,640,360,63,30,encode,throughput,process_seconds,10,5.61778932369989,0.11204864777861431,1.9945327480671489,5.45376137600033,5.734650181999314,5.537634549708811,5.69794409769097
basketball-540p,960,540,0,1,decode,memory,process_peak_rss_mib,10,1016.12890625,0.8898670324848944,0.08757422675523796,1015.31640625,1017.375,1015.4923337229324,1016.7654787770676
basketball-540p,960,540,0,1,decode,throughput,codec_seconds,10,8.6390922248,0.04518397019367494,0.5230175696465722,8.550640929,8.725759908,8.6067695596836,8.6714148899164
basketball-540p,960,540,0,1,decode,throughput,throughput_fps,10,11.57557540228025,0.06058030014219938,0.5233459075413718,11.460319909595201,11.69502974459425,11.532238866208848,11.618911938351653
basketball-540p,960,540,0,1,decode,throughput,process_seconds,10,12.667807309099976,0.06913970390546846,0.5457906188374183,12.525427520999983,12.729298788000051,12.618347744435683,12.717266873764268
basketball-540p,960,540,0,1,encode,memory,process_peak_rss_mib,10,1025.784765625,1.6566373552048608,0.16149950854412318,1024.6484375,1029.6875,1024.5996786522953,1026.9698525977049
basketball-540p,960,540,0,1,encode,throughput,codec_seconds,10,10.4074885862,0.03580865344166263,0.34406622832278455,10.353440299,10.456663711,10.381872618667645,10.433104553732354
basketball-540p,960,540,0,1,encode,throughput,throughput_fps,10,9.608568403335969,0.03307675993293017,0.34424233189042347,9.563279719400743,9.658625260017061,9.584906714691412,9.632230091980526
basketball-540p,960,540,0,1,encode,throughput,process_seconds,10,14.555675985199901,0.05020280722358765,0.34490192880518555,14.483140508999895,14.629847264999626,14.519763060354302,14.5915889100455
basketball-540p,960,540,0,100,decode,memory,process_peak_rss_mib,10,1058.19609375,0.6162385021183402,0.0582348116533425,1057.921875,1059.9375,1057.7552632817958,1058.6369242182043
basketball-540p,960,540,0,100,decode,throughput,codec_seconds,10,4.0581738307999995,0.028051917531815358,0.6912448480868895,4.02146667,4.12743034,4.038106697868403,4.078240963731596
basketball-540p,960,540,0,100,decode,throughput,throughput_fps,10,24.642675550930576,0.1687831713748594,0.6849222643297176,24.228149662726953,24.86654949697743,24.521935343678994,24.76341575818216
basketball-540p,960,540,0,100,decode,throughput,process_seconds,10,7.71594853470001,0.04363848431405337,0.5655621485524852,7.619305618999988,7.779247237000163,7.684731443580649,7.74716562581937
basketball-540p,960,540,0,100,encode,memory,process_peak_rss_mib,10,1025.2234375,1.6052853073422026,0.15657906838890448,1023.6640625,1028.71875,1024.0750855693686,1026.3717894306315
basketball-540p,960,540,0,100,encode,throughput,codec_seconds,10,4.4148242319,0.07813146362538342,1.769752531954327,4.327395999,4.520916767,4.3589323498234,4.4707161139766
basketball-540p,960,540,0,100,encode,throughput,throughput_fps,10,22.657338551663045,0.4005851505571192,1.7680150280833242,22.11940744628179,23.108585399420015,22.37077719778996,22.94389990553613
basketball-540p,960,540,0,100,encode,throughput,process_seconds,10,8.032122465899988,0.07111883460415022,0.8854301575465515,7.920415098000376,8.145084431000214,7.981247116422611,8.082997815377366
basketball-540p,960,540,0,30,decode,memory,process_peak_rss_mib,10,1058.57265625,0.794226433185234,0.07502805107386638,1057.94140625,1060.01953125,1058.0045008861307,1059.1408116138691
basketball-540p,960,540,0,30,decode,throughput,codec_seconds,10,4.1797274544,0.03244997082697899,0.7763657123820095,4.149674274,4.240850518,4.156514143670961,4.202940765129039
basketball-540p,960,540,0,30,decode,throughput,throughput_fps,10,23.926295818357673,0.18474983097793873,0.772162278609745,23.580175621743052,24.098276972377136,23.794133750894034,24.058457885821312
basketball-540p,960,540,0,30,decode,throughput,process_seconds,10,7.826914848199817,0.032995742517388155,0.421567669475504,7.786239038000076,7.882845029999999,7.803311115922971,7.850518580476664
basketball-540p,960,540,0,30,encode,memory,process_peak_rss_mib,10,1025.738671875,1.3533130948662786,0.13193546582313104,1024.6953125,1027.8046875,1024.7705700066713,1026.7067737433285
basketball-540p,960,540,0,30,encode,throughput,codec_seconds,10,4.6142950054,0.06331689388480825,1.3721899837507137,4.486740915,4.692101282,4.569000828096036,4.6595891827039635
basketball-540p,960,540,0,30,encode,throughput,throughput_fps,10,21.675497689904432,0.30081689797251643,1.3878200273695434,21.312412923315065,22.28789268078342,21.460306244512562,21.890689135296302
basketball-540p,960,540,0,30,encode,throughput,process_seconds,10,8.233985348300394,0.04898317660839873,0.5948902571038643,8.131308915999398,8.294594284001505,8.198944894638082,8.269025801962705
basketball-540p,960,540,21,1,decode,memory,process_peak_rss_mib,10,1025.894921875,19.904334296072363,1.940192301536473,1015.328125,1065.1953125,1011.6562188779159,1040.1336248720838
basketball-540p,960,540,21,1,decode,throughput,codec_seconds,10,8.6652087061,0.0635885893664861,0.7338379434729829,8.559889154,8.725500193,8.619720169556901,8.710697242643098
basketball-540p,960,540,21,1,decode,throughput,throughput_fps,10,11.540964156699875,0.08497581221539781,0.7362973410333902,11.460661026656629,11.6823942694714,11.480176122592662,11.601752190807089
basketball-540p,960,540,21,1,decode,throughput,process_seconds,10,12.727171883899905,0.0798634793723115,0.6275037384647897,12.557643137999548,12.812842857999385,12.67004099239752,12.784302775402288
basketball-540p,960,540,21,1,encode,memory,process_peak_rss_mib,10,1026.690625,1.9442504979850026,0.18937062934464827,1024.68359375,1029.78125,1025.2997919793647,1028.0814580206352
basketball-540p,960,540,21,1,encode,throughput,codec_seconds,10,10.4226151453,0.023233734001159575,0.22291654903555227,10.392857306,10.458574219,10.405994733231205,10.439235557368795
basketball-540p,960,540,21,1,encode,throughput,throughput_fps,10,9.594563905237278,0.021380405630365057,0.22283874328768993,9.561532758292318,9.621992976105622,9.57926928441753,9.609858526057026
basketball-540p,960,540,21,1,encode,throughput,process_seconds,10,14.593901902100333,0.042027273382178834,0.2879783190548261,14.524913827001,14.660546953000448,14.563837401848035,14.62396640235263
basketball-540p,960,540,21,100,decode,memory,process_peak_rss_mib,10,1058.5234375,0.8598404673776862,0.08123017752053187,1057.9140625,1060.09375,1057.908344683644,1059.138530316356
basketball-540p,960,540,21,100,decode,throughput,codec_seconds,10,4.0674584458,0.024022725469510068,0.5906077662407491,4.026557051,4.119900623,4.050273623235583,4.084643268364417
basketball-540p,960,540,21,100,decode,throughput,throughput_fps,10,24.58614620214034,0.1446842918567374,0.5884789371509632,24.272430126526377,24.835113158315956,24.482645294777768,24.689647109502914
basketball-540p,960,540,21,100,decode,throughput,process_seconds,10,7.72545049360001,0.05676073734008318,0.7347239800074499,7.62212485200007,7.81272484999954,7.684846308156821,7.766054679043199
basketball-540p,960,540,21,100,encode,memory,process_peak_rss_mib,10,1024.48515625,1.328219206217718,0.12964748177313748,1023.67578125,1027.46875,1023.5350054682134,1025.4353070317868
basketball-540p,960,540,21,100,encode,throughput,codec_seconds,10,4.3849541533,0.07534798690819745,1.7183300959142884,4.302761205,4.505074254,4.331053450515597,4.4388548560844026
basketball-540p,960,540,21,100,encode,throughput,throughput_fps,10,22.81128167367428,0.38968482695363904,1.7082986941648306,22.197192401703752,23.240890032148553,22.532517941568063,23.090045405780497
basketball-540p,960,540,21,100,encode,throughput,process_seconds,10,8.011872585699928,0.07848021747608118,0.9795489960256906,7.862473859000033,8.133058401999733,7.9557312201477535,8.068013951252102
basketball-540p,960,540,21,30,decode,memory,process_peak_rss_mib,10,1059.1046875,1.1227746122268312,0.10601167433949547,1058.0390625,1060.92578125,1058.3015029273154,1059.9078720726845
basketball-540p,960,540,21,30,decode,throughput,codec_seconds,10,4.187078968,0.027411270624407815,0.6546633305438011,4.140566966,4.229349163,4.167470126257895,4.206687809742105
basketball-540p,960,540,21,30,decode,throughput,throughput_fps,10,23.88391977040385,0.15639290973574402,0.654804199809534,23.644299901942144,24.15128189476069,23.772043022382366,23.995796518425333
basketball-540p,960,540,21,30,decode,throughput,process_seconds,10,7.828072131199735,0.06772391036767181,0.8651416240500636,7.737655075000021,7.94237138599965,7.7796253642201085,7.876518898179362
basketball-540p,960,540,21,30,encode,memory,process_peak_rss_mib,10,1025.722265625,1.7272776630499416,0.1683962336527291,1024.6484375,1029.515625,1024.4866456202396,1026.9578856297605
basketball-540p,960,540,21,30,encode,throughput,codec_seconds,10,4.5971347956,0.05830036815418791,1.2681892253842162,4.489921098,4.674399602,4.555429224621324,4.638840366578675
basketball-540p,960,540,21,30,encode,throughput,throughput_fps,10,21.75584257665239,0.27715155741798586,1.2739178289303086,21.393121794125978,22.27210630595362,21.557580296057925,21.954104857246858
basketball-540p,960,540,21,30,encode,throughput,process_seconds,10,8.227182149600173,0.0685456286705863,0.8331604603396013,8.131371204999937,8.326515872000527,8.17814756075781,8.276216738442537
basketball-540p,960,540,42,1,decode,memory,process_peak_rss_mib,10,1016.142578125,1.0603856010358281,0.10435401722782504,1015.4140625,1017.9140625,1015.3840239623263,1016.9011322876737
basketball-540p,960,540,42,1,decode,throughput,codec_seconds,10,8.6876284817,0.05445182190455914,0.6267742919630926,8.600669529,8.804756785,8.648675994858873,8.726580968541125
basketball-540p,960,540,42,1,decode,throughput,throughput_fps,10,11.511026552624408,0.07187318490973878,0.6243855366083954,11.357497139541941,11.627001788967354,11.45961157344642,11.562441531802396
basketball-540p,960,540,42,1,decode,throughput,process_seconds,10,12.742055084899993,0.05034449314739698,0.3951049717800848,12.654888406999817,12.824072392999824,12.706040804050321,12.778069365749666
basketball-540p,960,540,42,1,encode,memory,process_peak_rss_mib,10,1026.016796875,1.6393286565791754,0.15977600577029302,1024.68359375,1029.73828125,1024.84409179939,1027.1895019506098
basketball-540p,960,540,42,1,encode,throughput,codec_seconds,10,10.415551907,0.023910251899447597,0.22956298536017272,10.386397996,10.450967771,10.398447543180664,10.432656270819335
basketball-540p,960,540,42,1,encode,throughput,throughput_fps,10,9.601072997805604,0.022034814410506788,0.22950366501268146,9.568491855604632,9.62797690195503,9.585310241145665,9.616835754465543
basketball-540p,960,540,42,1,encode,throughput,process_seconds,10,14.569508760300119,0.04102532554904842,0.2815834509179659,14.487578972000165,14.628421511999477,14.540161010349655,14.598856510250583
basketball-540p,960,540,42,100,decode,memory,process_peak_rss_mib,10,1058.24921875,0.5935780772659683,0.056090575523136274,1057.9296875,1059.9296875,1057.8245985732058,1058.6738389267941
basketball-540p,960,540,42,100,decode,throughput,codec_seconds,10,4.074328154,0.0311380364135999,0.7642495949431544,4.037527455,4.129384385,4.052053344613729,4.096602963386271
basketball-540p,960,540,42,100,decode,throughput,throughput_fps,10,24.545209671041473,0.1869422538784715,0.7616241881161302,24.216684783148374,24.767633437677762,24.41147923871517,24.678940103367776
basketball-540p,960,540,42,100,decode,throughput,process_seconds,10,7.719810821700094,0.045127553751079644,0.5845681298850979,7.649981247999676,7.799642579000647,7.687528514475513,7.752093128924674
basketball-540p,960,540,42,100,encode,memory,process_peak_rss_mib,10,1024.12109375,0.8633706040358303,0.08430356618028896,1023.6328125,1025.8359375,1023.5034756260065,1024.7387118739935
basketball-540p,960,540,42,100,encode,throughput,codec_seconds,10,4.4178131106,0.061578429606955185,1.3938667857905827,4.330297038,4.502821764,4.3737625557229505,4.46186366547705
basketball-540p,960,540,42,100,encode,throughput,throughput_fps,10,22.639603643520363,0.31646659769693614,1.3978451331567874,22.208296317544406,23.09310403477222,22.413217077354545,22.86599020968618
basketball-540p,960,540,42,100,encode,throughput,process_seconds,10,8.038276755399897,0.07390430284794006,0.9194048064878226,7.921281227000009,8.156434348000403,7.9854088019780125,8.091144708821782
basketball-540p,960,540,42,30,decode,memory,process_peak_rss_mib,10,1058.884765625,1.0367433293525603,0.09790898528421355,1057.98046875,1060.12109375,1058.1431241246473,1059.6264071253527
basketball-540p,960,540,42,30,decode,throughput,codec_seconds,10,4.1810528834,0.02144838965977645,0.5129901548227916,4.155058401,4.2273572,4.165709629735317,4.196396137064682
basketball-540p,960,540,42,30,decode,throughput,throughput_fps,10,23.917984835190047,0.122231569980557,0.5110446002153165,23.655441276644424,24.067050411597815,23.83054563747903,24.005424032901065
basketball-540p,960,540,42,30,decode,throughput,process_seconds,10,7.822981458800086,0.0373521769929086,0.47746728264185095,7.749164147000101,7.883059338999374,7.796261321035846,7.849701596564326
basketball-540p,960,540,42,30,encode,memory,process_peak_rss_mib,10,1029.746484375,10.711818886777282,1.0402384518242638,1024.671875,1059.9296875,1022.0837107590306,1037.4092579909693
basketball-540p,960,540,42,30,encode,throughput,codec_seconds,10,4.5810886672,0.0724653666389178,1.5818372422642768,4.502655018,4.681219751,4.529250066732465,4.632927267667536
basketball-540p,960,540,42,30,encode,throughput,throughput_fps,10,21.83377655975075,0.34448477250423837,1.577760821915139,21.361953789637422,22.209118753321288,21.58734699874434,22.080206120757158
basketball-540p,960,540,42,30,encode,throughput,process_seconds,10,8.204379283199842,0.0767626964405594,0.9356307624361888,8.092067693999525,8.319132136000007,8.149466558181546,8.259292008218138
basketball-540p,960,540,63,1,decode,memory,process_peak_rss_mib,10,1021.688671875,15.370131639688875,1.5043850502405647,1015.4375,1065.203125,1010.6935420611484,1032.6838016888514
basketball-540p,960,540,63,1,decode,throughput,codec_seconds,10,8.8108754402,0.03909803023557302,0.44374739492044757,8.745406929,8.870773815,8.78290639426184,8.83884448613816
basketball-540p,960,540,63,1,decode,throughput,throughput_fps,10,11.349811209020261,0.05038183843855958,0.443900233322988,11.272973709565832,11.43457369243704,11.313770212958651,11.385852205081871
basketball-540p,960,540,63,1,decode,throughput,process_seconds,10,12.88403831559997,0.045705535657300726,0.3547454186158431,12.791624533999993,12.952285586000471,12.851342545027258,12.916734086172681
basketball-540p,960,540,63,1,encode,memory,process_peak_rss_mib,10,1029.744140625,10.80041561661359,1.0488445809517606,1024.66015625,1059.80859375,1022.0179887264975,1037.4702925235026
basketball-540p,960,540,63,1,encode,throughput,codec_seconds,10,10.3971332968,0.03530820249094746,0.3395955546882766,10.33424374,10.474554375,10.37187533031133,10.42239126328867
basketball-540p,960,540,63,1,encode,throughput,throughput_fps,10,9.618135417130615,0.032602229747686416,0.3389662167744012,9.54694552339846,9.676566811844909,9.594813186931155,9.641457647330075
basketball-540p,960,540,63,1,encode,throughput,process_seconds,10,14.568087559600155,0.05178508913987812,0.3554693704854383,14.507791908000058,14.672412519999853,14.531042738458574,14.605132380741736
basketball-540p,960,540,63,100,decode,memory,process_peak_rss_mib,10,1059.750390625,1.5832963370300785,0.14940276040816663,1058.171875,1063.12109375,1058.617768656136,1060.883012593864
basketball-540p,960,540,63,100,decode,throughput,codec_seconds,10,4.102732523,0.024516904783329282,0.5975750221562587,4.065278147,4.145796588,4.085194185850664,4.120270860149336
basketball-540p,960,540,63,100,decode,throughput,throughput_fps,10,24.37478178096161,0.1454784029516656,0.59683981690164,24.120816802601897,24.59856284957911,24.270712800743183,24.478850761180034
basketball-540p,960,540,63,100,decode,throughput,process_seconds,10,7.754408825400287,0.06584234288366318,0.8490955837663661,7.6693056300000535,7.858747829001004,7.707308050714362,7.801509600086213
basketball-540p,960,540,63,100,encode,memory,process_peak_rss_mib,10,1025.16484375,1.142564287962273,0.11145176260461995,1023.7890625,1026.8828125,1024.3475024961115,1025.9821850038886
basketball-540p,960,540,63,100,encode,throughput,codec_seconds,10,4.4365336011,0.08733285475953359,1.9684930310880586,4.302693088,4.535029054,4.374059440331214,4.499007761868786
basketball-540p,960,540,63,100,encode,throughput,throughput_fps,10,22.548051549879094,0.4477387657268914,1.9857093405008304,22.05057537873935,23.241257964435135,22.227758531753683,22.868344568004506
basketball-540p,960,540,63,100,encode,throughput,process_seconds,10,8.065361433700104,0.09371072544397752,1.1618912086496083,7.899902520999603,8.179278902000078,7.99832481909193,8.132398048308279
basketball-540p,960,540,63,30,decode,memory,process_peak_rss_mib,10,1058.804296875,0.9409666266906457,0.08887068455122958,1058.171875,1060.20703125,1058.131169900326,1059.477423849674
basketball-540p,960,540,63,30,decode,throughput,codec_seconds,10,4.2403970736000005,0.034715876321210454,0.8186939977236015,4.197709435,4.312976237,4.215562831727428,4.265231315472573
basketball-540p,960,540,63,30,decode,throughput,throughput_fps,10,23.58411095835975,0.19188548051677845,0.8136218526768833,23.185845343204935,23.822515957443823,23.446844354720046,23.721377561999457
basketball-540p,960,540,63,30,decode,throughput,process_seconds,10,7.88194900569988,0.06509608718626206,0.8258882053054063,7.730951950999952,7.948343729000044,7.835382070180697,7.928515941219064
basketball-540p,960,540,63,30,encode,memory,process_peak_rss_mib,10,1025.330078125,0.9697667190724648,0.0945809295720513,1024.6328125,1026.84375,1024.6363488053485,1026.0238074446515
basketball-540p,960,540,63,30,encode,throughput,codec_seconds,10,4.641099033,0.07796415512003116,1.6798640702487928,4.491512939,4.724281303,4.585326836218128,4.6968712297818715
basketball-540p,960,540,63,30,encode,throughput,throughput_fps,10,21.552165214805648,0.36677342088507114,1.7017938440501077,21.167240811104598,22.264212829422288,21.289791315255663,21.814539114355632
basketball-540p,960,540,63,30,encode,throughput,process_seconds,10,8.269636238199814,0.07111046485990889,0.8598983414945065,8.112815968999712,8.34407228999953,8.21876687607678,8.320505600322848
fourpeople-720p,1280,720,0,1,decode,memory,process_peak_rss_mib,10,1004.21796875,17.83219224362946,1.7757292538616967,997.9140625,1054.91015625,991.4615868802457,1016.9743506197542
fourpeople-720p,1280,720,0,1,decode,throughput,codec_seconds,10,15.095801119399999,0.41732321007497936,2.764498596491621,14.209144631,15.491809425,14.797266079058566,15.394336159741432
fourpeople-720p,1280,720,0,1,decode,throughput,throughput_fps,10,6.62906092333033,0.18903893926601947,2.8516699643039254,6.45502389402134,7.0377213123603966,6.4938306126324346,6.764291234028226
fourpeople-720p,1280,720,0,1,decode,throughput,process_seconds,10,19.41255496129985,0.45277525960663983,2.332383658458538,18.429005361000236,19.813456788999247,19.08865905249577,19.73645087010393
fourpeople-720p,1280,720,0,1,encode,memory,process_peak_rss_mib,10,1016.970703125,11.127757631959632,1.0942063127055366,1013.1015625,1048.58984375,1009.0103848552112,1024.9310213947888
fourpeople-720p,1280,720,0,1,encode,throughput,codec_seconds,10,17.9113372135,0.13022405595980208,0.7270482064379346,17.724055879,18.063738589,17.818180535748002,18.004493891252
fourpeople-720p,1280,720,0,1,encode,throughput,throughput_fps,10,5.5833220161418735,0.0406433218913051,0.7279415690838125,5.535952566369372,5.642049465578758,5.554247535146075,5.612396497137672
fourpeople-720p,1280,720,0,1,encode,throughput,process_seconds,10,22.461558372399804,0.16864251697465046,0.7508050607115228,22.212161717000072,22.6679710669996,22.340918783244764,22.582197961554844
fourpeople-720p,1280,720,0,100,decode,memory,process_peak_rss_mib,10,1049.106640625,1.599511782016457,0.15246417476335447,1048.21484375,1053.0,1047.962418825582,1050.2508624244178
fourpeople-720p,1280,720,0,100,decode,throughput,codec_seconds,10,7.1343900775,0.0498877750574427,0.6992577433462139,7.041083607,7.212100631,7.09870251309005,7.17007764190995
fourpeople-720p,1280,720,0,100,decode,throughput,throughput_fps,10,14.017232906672143,0.09816505472377152,0.7003169268668238,13.865585786499821,14.202359406808277,13.947009856852281,14.087455956492006
fourpeople-720p,1280,720,0,100,decode,throughput,process_seconds,10,10.756827442699773,0.05467584519488188,0.5082896930915088,10.67327708799894,10.829201732000001,10.71771469925082,10.795940186148727
fourpeople-720p,1280,720,0,100,encode,memory,process_peak_rss_mib,10,1046.246875,1.2952434935043209,0.12379903103694535,1045.3125,1048.59375,1045.3203136220316,1047.1734363779685
fourpeople-720p,1280,720,0,100,encode,throughput,codec_seconds,10,7.8265151425,0.03773135323885182,0.4820964701641069,7.762247898,7.87848341,7.799523758389651,7.8535065266103485
fourpeople-720p,1280,720,0,100,encode,throughput,throughput_fps,10,12.777346252065037,0.061662415188735976,0.48259172109991366,12.692798194265665,12.88286606071493,12.73323561752206,12.821456886608013
fourpeople-720p,1280,720,0,100,encode,throughput,process_seconds,10,11.479584260100433,0.041256800207085186,0.3593928078953291,11.420811231000698,11.546021385000131,11.450070923154788,11.509097597046077
fourpeople-720p,1280,720,0,30,decode,memory,process_peak_rss_mib,10,1048.647265625,0.8265820474282286,0.07882364971748443,1048.20703125,1050.2265625,1048.0559644490359,1049.2385668009642
fourpeople-720p,1280,720,0,30,decode,throughput,codec_seconds,10,7.4043577875,0.10209435090278669,1.3788414043840758,7.161937604,7.490298929,7.331323888522947,7.477391686477054
fourpeople-720p,1280,720,0,30,decode,throughput,throughput_fps,10,13.50791665654629,0.18990560296420206,1.4058837331674596,13.350602018409779,13.962701929174752,13.37206637198676,13.643766941105818
fourpeople-720p,1280,720,0,30,decode,throughput,process_seconds,10,11.024641653299886,0.11942697491622341,1.083273077456233,10.732090901000447,11.114029778000258,10.939208742036541,11.11007456456323
fourpeople-720p,1280,720,0,30,encode,memory,process_peak_rss_mib,10,1046.279296875,0.9857832911461142,0.09421798692666732,1045.49609375,1047.46484375,1045.574109989906,1046.984483760094
fourpeople-720p,1280,720,0,30,encode,throughput,codec_seconds,10,8.1763574876,0.04776894075931123,0.5842325366981087,8.132809192,8.281737568,8.142185645937788,8.210529329262213
fourpeople-720p,1280,720,0,30,encode,throughput,throughput_fps,10,12.230758233294692,0.0709828071077313,0.5803630956787389,12.07476078285701,12.295874357702502,12.179980192026276,12.281536274563107
fourpeople-720p,1280,720,0,30,encode,throughput,process_seconds,10,11.826990585999727,0.052853664723993624,0.44689022401488565,11.763571075999948,11.942833847000657,11.789181351934516,11.864799820064938
fourpeople-720p,1280,720,21,1,decode,memory,process_peak_rss_mib,10,1010.4875,24.55615095718004,2.430129116607582,997.83203125,1058.42578125,992.9210878291674,1028.0539121708325
fourpeople-720p,1280,720,21,1,decode,throughput,codec_seconds,10,15.0301676477,0.46862898667405467,3.1179225518869504,14.439819992,15.745934777,14.69493066575316,15.365404629646841
fourpeople-720p,1280,720,21,1,decode,throughput,throughput_fps,10,6.659086916524685,0.20678398522831318,3.105290377201321,6.35084556212372,6.925294086449994,6.511162564651216,6.807011268398154
fourpeople-720p,1280,720,21,1,decode,throughput,process_seconds,10,19.348121391600035,0.5182668220826707,2.6786415672773054,18.682603795999967,20.15786198999922,18.977375641297105,19.718867141902965
fourpeople-720p,1280,720,21,1,encode,memory,process_peak_rss_mib,10,1017.7,10.84223139057144,1.0653661580594909,1013.22265625,1048.14453125,1009.943934898819,1025.4560651011811
fourpeople-720p,1280,720,21,1,encode,throughput,codec_seconds,10,17.950582862,0.11152015074829073,0.6212620036108704,17.795835444,18.13376571,17.87080615200934,18.03035957199066
fourpeople-720p,1280,720,21,1,encode,throughput,throughput_fps,10,5.571042844587859,0.03453552122437851,0.6199112479978318,5.514574391178677,5.6192922391691225,5.546337620979328,5.595748068196389
fourpeople-720p,1280,720,21,1,encode,throughput,process_seconds,10,22.506576054400217,0.11177565724705203,0.4966355476589652,22.358987251000144,22.7162893349996,22.42661656607115,22.586535542729283
fourpeople-720p,1280,720,21,100,decode,memory,process_peak_rss_mib,10,1048.919140625,1.1315352144146922,0.10787630529274786,1048.20703125,1051.11328125,1048.1096890950398,1049.72859215496
fourpeople-720p,1280,720,21,100,decode,throughput,codec_seconds,10,7.0736395408,0.09119749653020418,1.2892584645314016,6.953472613,7.192680224,7.008400781851533,7.138878299748468
fourpeople-720p,1280,720,21,100,decode,throughput,throughput_fps,10,14.13911377883726,0.1826915856797017,1.2921006828104433,13.903023196600266,14.381303496190244,14.008424091361858,14.269803466312661
fourpeople-720p,1280,720,21,100,decode,throughput,process_seconds,10,10.700927168500323,0.09309178782358901,0.8699413271180624,10.584287083000163,10.85658553400026,10.634333315193247,10.767521021807399
fourpeople-720p,1280,720,21,100,encode,memory,process_peak_rss_mib,10,1046.502734375,1.056342018227362,0.10094020622490187,1045.47265625,1047.66015625,1045.7470728172132,1047.258395932787
fourpeople-720p,1280,720,21,100,encode,throughput,codec_seconds,10,7.8222878133,0.029393891433375265,0.3757710293323357,7.772987649,7.871039492,7.801260690070315,7.843314936529685
fourpeople-720p,1280,720,21,100,encode,throughput,throughput_fps,10,12.784146205865506,0.04804776542555893,0.37583867277358024,12.704802218517441,12.865066113010622,12.749774905052742,12.818517506678269
fourpeople-720p,1280,720,21,100,encode,throughput,process_seconds,10,11.464776817199754,0.05270936795482845,0.4597504931430719,11.369712633999825,11.54629630099953,11.427070806824872,11.502482827574635
fourpeople-720p,1280,720,21,30,decode,memory,process_peak_rss_mib,10,1048.444140625,0.6250326868622691,0.05961525870988928,1048.2265625,1050.22265625,1047.9970191760071,1048.891262073993
fourpeople-720p,1280,720,21,30,decode,throughput,codec_seconds,10,7.335723789,0.09024731746471723,1.230244213938972,7.188322039,7.474291748,7.27116474720792,7.40028283079208
fourpeople-720p,1280,720,21,30,decode,throughput,throughput_fps,10,13.633776564204712,0.16768917290374183,1.2299539464656286,13.379194092438041,13.911452416496278,13.513818956314546,13.753734172094878
fourpeople-720p,1280,720,21,30,decode,throughput,process_seconds,10,10.976367572399862,0.1311051986886491,1.1944315623896729,10.8141455519999,11.183491936999417,10.882580563111652,11.070154581688072
fourpeople-720p,1280,720,21,30,encode,memory,process_peak_rss_mib,10,1046.358984375,1.6630387047694344,0.15893576961665626,1045.38671875,1050.43359375,1045.1693181526769,1047.5486505973233
fourpeople-720p,1280,720,21,30,encode,throughput,codec_seconds,10,8.1518821918,0.02645786733230595,0.3245614535367058,8.114714458,8.186828351,8.132955373687059,8.170809009912942
fourpeople-720p,1280,720,21,30,encode,throughput,throughput_fps,10,12.267221984252373,0.03983015259332353,0.3246876321668763,12.214742475672553,12.323292522192652,12.238729209529595,12.295714758975151
fourpeople-720p,1280,720,21,30,encode,throughput,process_seconds,10,11.798145647399782,0.0429970144398553,0.36443874931592746,11.73534685900006,11.844337294998695,11.767387436184888,11.828903858614675
fourpeople-720p,1280,720,42,1,decode,memory,process_peak_rss_mib,10,998.909765625,0.942088470962375,0.09431166891965734,998.015625,1000.50390625,998.2358361312787,999.5836951187213
fourpeople-720p,1280,720,42,1,decode,throughput,codec_seconds,10,15.0299894912,0.3586262638469289,2.38607128805315,14.341796974,15.535645786,14.77344371670113,15.28653526569887
fourpeople-720p,1280,720,42,1,decode,throughput,throughput_fps,10,6.656804157114544,0.16022695478629212,2.4069651292812564,6.436809990230039,6.972626943561417,6.542184698488419,6.771423615740669
fourpeople-720p,1280,720,42,1,decode,throughput,process_seconds,10,19.360439463600027,0.3997130206378063,2.064586505845155,18.63373724899975,19.8946628220001,19.07450199388761,19.646376933312446
fourpeople-720p,1280,720,42,1,encode,memory,process_peak_rss_mib,10,1017.020703125,9.894342001455394,0.9728751805202239,1013.1796875,1045.0546875,1009.9427172444023,1024.0986890055976
fourpeople-720p,1280,720,42,1,encode,throughput,codec_seconds,10,18.0120327269,0.1411171505382447,0.7834604382407868,17.801233706,18.226343061,17.911083598714118,18.11298185508588
fourpeople-720p,1280,720,42,1,encode,throughput,throughput_fps,10,5.552150980497702,0.04350443577587931,0.7835600279727898,5.486564126732366,5.6175881768404885,5.521029781925856,5.583272179069548
fourpeople-720p,1280,720,42,1,encode,throughput,process_seconds,10,22.574926906800055,0.16574555447080377,0.7342019540310345,22.351421602999835,22.815288626999973,22.456359679778426,22.693494133821684
fourpeople-720p,1280,720,42,100,decode,memory,process_peak_rss_mib,10,1049.208203125,0.9976440651990182,0.09508542367735962,1048.3828125,1050.3828125,1048.4945315532773,1049.9218746967226
fourpeople-720p,1280,720,42,100,decode,throughput,codec_seconds,10,7.0789985676,0.08855076215934028,1.250893912659199,6.919548772,7.195554896,7.015653168361952,7.142343966838048
fourpeople-720p,1280,720,42,100,decode,throughput,throughput_fps,10,14.128298747132838,0.17827207083573565,1.261808474087609,13.897468846438775,14.451809401886242,14.000770590122029,14.255826904143648
fourpeople-720p,1280,720,42,100,decode,throughput,process_seconds,10,10.695846434100144,0.10812032600644883,1.010862736975572,10.485847304000345,10.801905297999838,10.618501812217588,10.7731910559827
fourpeople-720p,1280,720,42,100,encode,memory,process_peak_rss_mib,10,1046.23125,1.2133513687526047,0.11597353536826631,1045.42578125,1048.7578125,1045.3632707190159,1047.0992292809842
fourpeople-720p,1280,720,42,100,encode,throughput,codec_seconds,10,7.8450918675,0.038769621844611524,0.4941895200134382,7.785015271,7.909302933,7.817357750772287,7.872825984227712
fourpeople-720p,1280,720,42,100,encode,throughput,throughput_fps,10,12.747103390149004,0.0629692660668808,0.49398882349650997,12.643339223077398,12.84518996032166,12.702057890805296,12.792148889492712
fourpeople-720p,1280,720,42,100,encode,throughput,process_seconds,10,11.4984903356004,0.03937056589779702,0.3423976952513677,11.443623122999725,11.574353987999984,11.47032632939415,11.52665434180665
fourpeople-720p,1280,720,42,30,decode,memory,process_peak_rss_mib,10,1049.658984375,1.1271711332917147,0.1073845077373265,1048.37890625,1051.27734375,1048.8526547206095,1050.4653140293906
fourpeople-720p,1280,720,42,30,decode,throughput,codec_seconds,10,7.3665567123999995,0.05848059085128098,0.793866023631388,7.281584756,7.454796457,7.324722217870349,7.40839120692965
fourpeople-720p,1280,720,42,30,decode,throughput,throughput_fps,10,13.57563311407457,0.10775484291867311,0.7937371466451758,13.414182476585356,13.733274191116207,13.498549943042862,13.652716285106278
fourpeople-720p,1280,720,42,30,decode,throughput,process_seconds,10,10.995205149900073,0.08619519272058768,0.7839343745338943,10.84500606499978,11.113300561999495,10.933544823527487,11.056865476272659
fourpeople-720p,1280,720,42,30,encode,memory,process_peak_rss_mib,10,1046.6953125,1.3079023619233405,0.12495540452927562,1045.37109375,1048.609375,1045.7596955130864,1047.6309294869136
fourpeople-720p,1280,720,42,30,encode,throughput,codec_seconds,10,8.1636643657,0.028305787586985782,0.3467289481658973,8.115605085,8.207833075,8.143415625071224,8.183913106328777
fourpeople-720p,1280,720,42,30,encode,throughput,throughput_fps,10,12.249533824784448,0.042503607975544276,0.34698143279172666,12.183483641326369,12.321940132945736,12.219128575291242,12.279939074277655
fourpeople-720p,1280,720,42,30,encode,throughput,process_seconds,10,11.803350916399689,0.04328883368552684,0.3667503744668044,11.723090729000091,11.875319529999615,11.772383950272115,11.834317882527262
fourpeople-720p,1280,720,63,1,decode,memory,process_peak_rss_mib,10,1022.3484375,29.630941464241257,2.89832119631339,998.3125,1058.2890625,1001.1517388936786,1043.5451361063215
fourpeople-720p,1280,720,63,1,decode,throughput,codec_seconds,10,15.1443217556,0.43935948748297093,2.901149979334707,14.474553649,15.774748989,14.830022912033273,15.458620599166727
fourpeople-720p,1280,720,63,1,decode,throughput,throughput_fps,10,6.608167884670549,0.1928044362244002,2.9176685518487315,6.339245085277216,6.908675902894503,6.470243899719132,6.746091869621966
fourpeople-720p,1280,720,63,1,decode,throughput,process_seconds,10,19.44995921030022,0.4518426046440974,2.323103096302704,18.73950903200057,20.14223871700051,19.126730482664467,19.773187937935976
fourpeople-720p,1280,720,63,1,encode,memory,process_peak_rss_mib,10,1021.832421875,14.703348636761929,1.4389197604223773,1013.16015625,1050.72265625,1011.314279887064,1032.350563862936
fourpeople-720p,1280,720,63,1,encode,throughput,codec_seconds,10,17.9801372098,0.06701341970878359,0.3727080551546526,17.84034465,18.052233407,17.93219869721982,18.028075722380176
fourpeople-720p,1280,720,63,1,encode,throughput,throughput_fps,10,5.561762613962913,0.02080735460455419,0.37411439589882756,5.539480780324037,5.6052728779541825,5.5468779291519414,5.576647298773885
fourpeople-720p,1280,720,63,1,encode,throughput,process_seconds,10,22.54736484789985,0.08264779158732788,0.3665518881911649,22.40708408700084,22.677736402998562,22.488242179426127,22.606487516373573
fourpeople-720p,1280,720,63,100,decode,memory,process_peak_rss_mib,10,1048.901171875,0.8349310245819482,0.07960054264115637,1048.4765625,1050.48828125,1048.3038982005712,1049.4984455494289
fourpeople-720p,1280,720,63,100,decode,throughput,codec_seconds,10,7.1551453146,0.06885237666095732,0.9622778243296437,7.057900864,7.246062135,7.105891291464337,7.204399337735664
fourpeople-720p,1280,720,63,100,decode,throughput,throughput_fps,10,13.97712048309904,0.1343991629849241,0.9615654608360706,13.800599296130656,14.168518646962962,13.880977113703528,14.07326385249455
fourpeople-720p,1280,720,63,100,decode,throughput,process_seconds,10,10.809524989999954,0.10031451082615375,0.9280196023317966,10.699726384000314,10.96415987399996,10.73776431191321,10.881285668086697
fourpeople-720p,1280,720,63,100,encode,memory,process_peak_rss_mib,10,1045.923828125,0.8439172649600529,0.08068630260321356,1045.4609375,1047.5234375,1045.3201260814583,1046.5275301685417
fourpeople-720p,1280,720,63,100,encode,throughput,codec_seconds,10,7.8490441876,0.02463141287797607,0.31381417009843093,7.803601057,7.884444792,7.83142393629437,7.866664438905629
fourpeople-720p,1280,720,63,100,encode,throughput,throughput_fps,10,12.740517789414099,0.040016978324597545,0.3140922448053645,12.683201244742763,12.814596654745417,12.711891367614244,12.769144211213954
fourpeople-720p,1280,720,63,100,encode,throughput,process_seconds,10,11.499877041100081,0.041889928969348636,0.3642641466481405,11.441405357999429,11.564856748000238,11.469910791121995,11.529843291078167
fourpeople-720p,1280,720,63,30,decode,memory,process_peak_rss_mib,10,1049.406640625,1.2165283821287276,0.11592535581861711,1048.484375,1051.66015625,1048.5363886455568,1050.276892604443
fourpeople-720p,1280,720,63,30,decode,throughput,codec_seconds,10,7.4236960931,0.11874114774327221,1.5994882637186199,7.185991008,7.543366285,7.338753793041116,7.5086383931588845
fourpeople-720p,1280,720,63,30,decode,throughput,throughput_fps,10,13.47352246594644,0.21838736420266452,1.620863176312105,13.256680932868155,13.915965089390214,13.317297556791283,13.629747375101596
fourpeople-720p,1280,720,63,30,decode,throughput,process_seconds,10,11.067579937699985,0.13568693411670274,1.2259855802306552,10.80402260200026,11.194460184000036,10.97051535233207,11.164644523067901
fourpeople-720p,1280,720,63,30,encode,memory,process_peak_rss_mib,10,1046.48984375,0.9669548219043983,0.09239982859646345,1045.50390625,1047.55078125,1045.7981259404066,1047.1815615595935
fourpeople-720p,1280,720,63,30,encode,throughput,codec_seconds,10,8.1755802305,0.040172335491886375,0.4913698399291414,8.083530113,8.221750773,8.146842672877636,8.204317788122363
fourpeople-720p,1280,720,63,30,encode,throughput,throughput_fps,10,12.231815037316403,0.060440560946253045,0.4941258575433249,12.162859561298939,12.370832866593664,12.188578464643854,12.275051609988953
fourpeople-720p,1280,720,63,30,encode,throughput,process_seconds,10,11.823283340000017,0.05030847358479,0.4255034083010475,11.690497075999986,11.868298370998673,11.787294825993206,11.85927185400683
waterfall-cif,352,288,0,1,decode,memory,process_peak_rss_mib,10,1008.325,1.0814486811679969,0.10725199525629106,1007.4140625,1010.22265625,1007.5513782174933,1009.0986217825068
waterfall-cif,352,288,0,1,decode,throughput,codec_seconds,10,2.5545363295,0.039321442800783694,1.539279060027308,2.489570742,2.634184753,2.52640746384044,2.5826651951595596
waterfall-cif,352,288,0,1,decode,throughput,throughput_fps,10,39.15434573581811,0.5991357290959997,1.5301896068918721,37.96240938913369,40.167567168493015,38.72574985440636,39.582941617229864
waterfall-cif,352,288,0,1,decode,throughput,process_seconds,10,5.663338197700023,0.06388641128601824,1.1280698601394419,5.584571725999922,5.773622553999303,5.617636612190044,5.709039783210002
waterfall-cif,352,288,0,1,encode,memory,process_peak_rss_mib,10,1017.583984375,1.0350084243243187,0.10171233433474494,1016.55078125,1018.62109375,1016.8435839509405,1018.3243847990595
waterfall-cif,352,288,0,1,encode,throughput,codec_seconds,10,2.1817374286,0.016631485737947347,0.7623046439928205,2.151925731,2.204989315,2.1698399804211075,2.1936348767788925
waterfall-cif,352,288,0,1,encode,throughput,throughput_fps,10,45.83743388674292,0.3504243310510001,0.7644937801641414,45.35169368836601,46.47000524201641,45.586755421511775,46.08811235197407
waterfall-cif,352,288,0,1,encode,throughput,process_seconds,10,5.1925127849999395,0.04294200552155711,0.8269985515607663,5.097183432999827,5.251171137999336,5.16179392479464,5.223231645205239
waterfall-cif,352,288,0,100,decode,memory,process_peak_rss_mib,10,1007.849609375,0.6520285488917479,0.06469502422053741,1007.4140625,1009.484375,1007.383176249672,1008.316042500328
waterfall-cif,352,288,0,100,decode,throughput,codec_seconds,10,1.1698334737,0.02674338903000024,2.2860851250404974,1.115681627,1.226371525,1.150702405668813,1.188964541731187
waterfall-cif,352,288,0,100,decode,throughput,throughput_fps,10,85.52243623567199,1.9546996285244083,2.285598627169475,81.54135835794132,89.63130482742994,84.12412835734412,86.92074411399986
waterfall-cif,352,288,0,100,decode,throughput,process_seconds,10,4.157076006899638,0.06574419192822137,1.5815008390297298,4.040799834000154,4.273409947998516,4.110045445177514,4.2041065686217625
waterfall-cif,352,288,0,100,encode,memory,process_peak_rss_mib,10,1024.846484375,0.6230167372326059,0.060791225489010774,1024.6015625,1026.609375,1024.4008050494967,1025.2921637005034
waterfall-cif,352,288,0,100,encode,throughput,codec_seconds,10,1.0246528629,0.010510087910820093,1.0257218118801874,1.013281364,1.047907108,1.0171343989308261,1.032171326869174
waterfall-cif,352,288,0,100,encode,throughput,throughput_fps,10,97.6031781463363,0.9912686217960475,1.0156110083934355,95.42830584559792,98.68927185756472,96.89406729208041,98.3122890005922
waterfall-cif,352,288,0,100,encode,throughput,process_seconds,10,3.9099397740996893,0.048158530156443356,1.2316949349311253,3.7898771840000336,3.9627536029984185,3.8754892369717524,3.944390311227626
waterfall-cif,352,288,0,30,decode,memory,process_peak_rss_mib,10,1008.101171875,0.9773702388663237,0.09695160229290094,1007.41796875,1010.234375,1007.4020033249544,1008.8003404250455
waterfall-cif,352,288,0,30,decode,throughput,codec_seconds,10,1.2112018193,0.04775082413011558,3.942433322772964,1.16120924,1.287662706,1.1770429374935951,1.245360701106405
waterfall-cif,352,288,0,30,decode,throughput,throughput_fps,10,82.6765263869218,3.21120609946506,3.8840602524068135,77.66008872823564,86.11712390438781,80.37936792723244,84.97368484661115
waterfall-cif,352,288,0,30,decode,throughput,process_seconds,10,4.187830146900035,0.0697749595941892,1.6661363318624285,4.0913993419999315,4.3259507109996775,4.1379161476917705,4.2377441461083
waterfall-cif,352,288,0,30,encode,memory,process_peak_rss_mib,10,1030.256640625,1.2970044828474865,0.12589139751243586,1029.59765625,1032.75,1029.3288195111436,1031.1844617388565
waterfall-cif,352,288,0,30,encode,throughput,codec_seconds,10,1.0617971037,0.011187600470834147,1.0536476725966932,1.042065456,1.075596244,1.0537939764421507,1.0698002309578494
waterfall-cif,352,288,0,30,encode,throughput,throughput_fps,10,94.18940173415177,0.9965769385689642,1.0580563420306972,92.97168947719011,95.9632616398715,93.4764935388334,94.90230992947015
waterfall-cif,352,288,0,30,encode,throughput,process_seconds,10,3.9549487750999672,0.023208300541540987,0.5868167165061288,3.9213950839999825,3.9912725989997853,3.938346557032153,3.9715509931677815
waterfall-cif,352,288,21,1,decode,memory,process_peak_rss_mib,10,1008.19765625,0.9022210489567153,0.08948850886169825,1007.4296875,1010.05078125,1007.552246191933,1008.843066308067
waterfall-cif,352,288,21,1,decode,throughput,codec_seconds,10,2.5541231346,0.04758234332224141,1.8629619957494046,2.446346125,2.604889489,2.5200847767030283,2.588161492496972
waterfall-cif,352,288,21,1,decode,throughput,throughput_fps,10,39.16492565015568,0.7483364107805064,1.9107310900193977,38.38934450858003,40.87729000326968,38.62959803072808,39.70025326958328
waterfall-cif,352,288,21,1,decode,throughput,process_seconds,10,5.6571009889999235,0.06345332312735105,1.1216579525579318,5.5015322579999975,5.722553157999755,5.611709216095133,5.702492761904714
waterfall-cif,352,288,21,1,encode,memory,process_peak_rss_mib,10,1017.7515625,1.6022284353990817,0.15742824618842888,1016.546875,1021.60546875,1016.6053973238237,1018.8977276761763
waterfall-cif,352,288,21,1,encode,throughput,codec_seconds,10,2.1813187722,0.015814870352198616,0.7250141773752904,2.160596522,2.207835798,2.17000549547681,2.19263204892319
waterfall-cif,352,288,21,1,encode,throughput,throughput_fps,10,45.845985215465326,0.33079087214489494,0.7215263683183071,45.29322338671492,46.283514289578214,45.6093516806504,46.082618750280254
waterfall-cif,352,288,21,1,encode,throughput,process_seconds,10,5.211703801599856,0.03691226618236876,0.7082571763007265,5.158433565999985,5.280415143000937,5.185298357071939,5.238109246127773
waterfall-cif,352,288,21,100,decode,memory,process_peak_rss_mib,10,1008.807421875,2.463977984232344,0.24424661543951767,1007.41015625,1015.30078125,1007.0447982078643,1010.5700455421357
waterfall-cif,352,288,21,100,decode,throughput,codec_seconds,10,1.1843275885,0.026396024859012223,2.228777334524807,1.135914609,1.23058219,1.1654450098274098,1.20321016717259
waterfall-cif,352,288,21,100,decode,throughput,throughput_fps,10,84.47387937676731,1.8843013678363154,2.230631979658497,81.26234949004098,88.03478642468977,83.12593138038973,85.8218273731449
waterfall-cif,352,288,21,100,decode,throughput,process_seconds,10,4.172264212699974,0.03952411540685827,0.9473061482192482,4.10188071399989,4.211887865000335,4.143990363792012,4.200538061607936
waterfall-cif,352,288,21,100,encode,memory,process_peak_rss_mib,10,1028.702734375,10.548465583829305,1.0254143623170344,1024.62109375,1058.61328125,1021.1568166724047,1036.2486520775954
waterfall-cif,352,288,21,100,encode,throughput,codec_seconds,10,1.0298988807,0.0074981476982072075,0.7280469800210753,1.019752042,1.03969811,1.024535028962235,1.035262732437765
waterfall-cif,352,288,21,100,encode,throughput,throughput_fps,10,97.10153436910028,0.7055986659756993,0.7266606759205192,96.18176568581048,98.06305443024551,96.59677949056363,97.60628924763692
waterfall-cif,352,288,21,100,encode,throughput,process_seconds,10,3.9224534756001277,0.035343740585964754,0.9010620726497522,3.859531032000177,3.9674299850012176,3.8971700866897616,3.9477368645104938
waterfall-cif,352,288,21,30,decode,memory,process_peak_rss_mib,10,1016.04921875,15.22363372223489,1.4983165619637844,1007.421875,1048.265625,1005.1588872331068,1026.9395502668933
waterfall-cif,352,288,21,30,decode,throughput,codec_seconds,10,1.1969875412,0.022432813694684167,1.8741058634741428,1.153985346,1.220943501,1.1809400730035602,1.2130350093964397
waterfall-cif,352,288,21,30,decode,throughput,throughput_fps,10,83.56980626702573,1.5860462587740254,1.8978699719683736,81.903871815605,86.65621305038651,82.43521712265148,84.70439541139997
waterfall-cif,352,288,21,30,decode,throughput,process_seconds,10,4.174369739099836,0.04815431959871957,1.15357102049862,4.101909678999618,4.24150452700087,4.139922214023445,4.208817264176227
waterfall-cif,352,288,21,30,encode,memory,process_peak_rss_mib,10,1030.610546875,1.2703356826374796,0.12326049704123156,1029.625,1032.48046875,1029.7018034715472,1031.5192902784527
waterfall-cif,352,288,21,30,encode,throughput,codec_seconds,10,1.0614774105,0.006904722907571445,0.650482322023135,1.051262838,1.076551882,1.0565380692843798,1.0664167517156202
waterfall-cif,352,288,21,30,encode,throughput,throughput_fps,10,94.21188511750537,0.6095635167366174,0.6470133953655017,92.88915998569588,95.12368970470543,93.7758296461911,94.64794058881965
waterfall-cif,352,288,21,30,encode,throughput,process_seconds,10,3.955809025800204,0.029451465963139925,0.744511824788668,3.910974650999833,4.001723815999867,3.934740716233045,3.976877335367363
waterfall-cif,352,288,42,1,decode,memory,process_peak_rss_mib,10,1008.351953125,1.5801986449281387,0.15671102138801032,1007.4140625,1012.48828125,1007.2215471115737,1009.4823591384263
waterfall-cif,352,288,42,1,decode,throughput,codec_seconds,10,2.6923260865,0.08932384425519137,3.317720119530973,2.522235831,2.805826077,2.6284276576458168,2.7562245153541833
waterfall-cif,352,288,42,1,decode,throughput,throughput_fps,10,37.18000977548765,1.2535060153424025,3.3714515485921805,35.64012781110096,39.647363173154446,36.28330559075937,38.076713960215926
waterfall-cif,352,288,42,1,decode,throughput,process_seconds,10,5.796960215000103,0.11888375665416459,2.050794765617733,5.5619455270007165,5.9853419429991845,5.711915898671962,5.882004531328245
waterfall-cif,352,288,42,1,encode,memory,process_peak_rss_mib,10,1016.806640625,0.638903115524158,0.06283427841614447,1016.44140625,1018.6171875,1016.3495968690752,1017.2636843809248
waterfall-cif,352,288,42,1,encode,throughput,codec_seconds,10,2.1721656588,0.009809687628536373,0.45160863255501776,2.155997544,2.189887753,2.165148231009689,2.179183086590311
waterfall-cif,352,288,42,1,encode,throughput,throughput_fps,10,46.037849011865084,0.20780507793328337,0.45137877288690637,45.664440957307825,46.38224207550396,45.889194214273495,46.186503809456674
waterfall-cif,352,288,42,1,encode,throughput,process_seconds,10,5.196766608599967,0.035044810195866444,0.6743579774752994,5.149354534000054,5.248594921000404,5.1716970616085565,5.221836155591378
waterfall-cif,352,288,42,100,decode,memory,process_peak_rss_mib,10,1007.85,0.6530339308850289,0.06479475426750299,1007.40625,1009.4765625,1007.3828476677201,1008.31715233228
waterfall-cif,352,288,42,100,decode,throughput,codec_seconds,10,1.1657735315,0.03685468707411206,3.1613933648580237,1.118104765,1.228470065,1.139409276584813,1.192137786415187
waterfall-cif,352,288,42,100,decode,throughput,throughput_fps,10,85.8558494968532,2.6686715869677347,3.1083165592177235,81.40206493350735,89.43705735839521,83.94679684739641,87.76490214630998
waterfall-cif,352,288,42,100,decode,throughput,process_seconds,10,4.153014642599669,0.05974475739453373,1.438587689571333,4.019955206999839,4.234599012997933,4.1102758178030285,4.19575346739631
waterfall-cif,352,288,42,100,encode,memory,process_peak_rss_mib,10,1025.1875,1.143267724292837,0.11151791494656706,1024.60546875,1027.90625,1024.3696555380745,1026.0053444619255
waterfall-cif,352,288,42,100,encode,throughput,codec_seconds,10,1.0250008124,0.011795453414948965,1.1507750308344014,1.01166624,1.051664908,1.0165628533407745,1.0334387714592257
waterfall-cif,352,288,42,100,encode,throughput,throughput_fps,10,97.57239848618448,1.1104859244326115,1.1381148169580437,95.08732224428277,98.84682916769071,96.77800471117848,98.36679226119048
waterfall-cif,352,288,42,100,encode,throughput,process_seconds,10,3.9222577773000467,0.03850777012154044,0.9817756075187879,3.8481446760001745,3.981060961001276,3.8947109780107687,3.9498045765893246
waterfall-cif,352,288,42,30,decode,memory,process_peak_rss_mib,10,1008.085546875,0.9969732466661994,0.09889768281637921,1007.41796875,1010.265625,1007.3723551779474,1008.7987385720526
waterfall-cif,352,288,42,30,decode,throughput,codec_seconds,10,1.2460778597,0.04574343810142392,3.6709935695701152,1.173946251,1.296075769,1.2133549753521324,1.2788007440478675
waterfall-cif,352,288,42,30,decode,throughput,throughput_fps,10,80.35100317042667,3.003276434989784,3.737696253299729,77.15598300025005,85.18277554429534,78.20258863217211,82.49941770868122
waterfall-cif,352,288,42,30,decode,throughput,process_seconds,10,4.22327012809995,0.06322505105482115,1.4970638660820428,4.081650119000017,4.304187469000681,4.178041651198679,4.26849860500122
waterfall-cif,352,288,42,30,encode,memory,process_peak_rss_mib,10,1030.81484375,1.0436930160550815,0.10124931964097762,1029.515625,1031.703125,1030.0682307432705,1031.5614567567293
waterfall-cif,352,288,42,30,encode,throughput,codec_seconds,10,1.0564594022,0.008479038320554423,0.8025900761446622,1.041797305,1.068784959,1.0503938635815548,1.0625249408184452
waterfall-cif,352,288,42,30,encode,throughput,throughput_fps,10,94.66127703580786,0.7595664452425279,0.8024046041077643,93.5641909608872,95.98796188093422,94.11791593367377,95.20463813794194
waterfall-cif,352,288,42,30,encode,throughput,process_seconds,10,3.9432835019001913,0.04417727029456473,1.1203168697679629,3.890415563000033,4.008114138001474,3.911680986508841,3.9748860172915417
waterfall-cif,352,288,63,1,decode,memory,process_peak_rss_mib,10,1008.293359375,0.8777112825641269,0.08704919797430626,1007.546875,1010.14453125,1007.6654825475853,1008.9212362024148
waterfall-cif,352,288,63,1,decode,throughput,codec_seconds,10,2.9310189461,0.07393112628640115,2.5223694437312854,2.825111014,3.007577083,2.878131804346171,2.983906087853829
waterfall-cif,352,288,63,1,decode,throughput,throughput_fps,10,34.13757517736276,0.8699567636920026,2.548384761284646,33.249355624246185,35.39683909922274,33.51524559857554,34.759904756149986
waterfall-cif,352,288,63,1,decode,throughput,process_seconds,10,6.059182922200432,0.07155060051163983,1.1808621959486207,5.944492206001087,6.157135831000232,6.007998705999377,6.110367138401488
waterfall-cif,352,288,63,1,encode,memory,process_peak_rss_mib,10,1017.199609375,1.1192168613140796,0.11002922641719871,1016.6171875,1019.80859375,1016.3989698640004,1018.0002488859997
waterfall-cif,352,288,63,1,encode,throughput,codec_seconds,10,2.1651147848,0.01579588029735169,0.72956318104912,2.142426546,2.191172582,2.1538150927436894,2.1764144768563107
waterfall-cif,352,288,63,1,encode,throughput,throughput_fps,10,46.18913257505903,0.33580819310304444,0.7270285765971981,45.63766488385167,46.676045994064154,45.94890986504731,46.42935528507074
waterfall-cif,352,288,63,1,encode,throughput,process_seconds,10,5.192230373999598,0.03951555646533297,0.7610516795096277,5.126995079999688,5.2413938289973885,5.163962647789563,5.220498100209633
waterfall-cif,352,288,63,100,decode,memory,process_peak_rss_mib,10,1008.3296875,0.963348446279773,0.09553903432797352,1007.5234375,1010.16796875,1007.640549536115,1009.0188254638849
waterfall-cif,352,288,63,100,decode,throughput,codec_seconds,10,1.2365020748,0.040479686773764074,3.2737257460980427,1.189174242,1.331748205,1.2075446513155907,1.2654594982844092
waterfall-cif,352,288,63,100,decode,throughput,throughput_fps,10,80.94878355814673,2.564291672057232,3.167795190171404,75.08926959657512,84.09196606194233,79.11439980166392,82.78316731462954
waterfall-cif,352,288,63,100,decode,throughput,process_seconds,10,4.219519433500307,0.061343066960055447,1.4537927346187913,4.121335593999902,4.313788315000238,4.17563724691812,4.263401620082494
waterfall-cif,352,288,63,100,encode,memory,process_peak_rss_mib,10,1025.2671875,0.8314762021225747,0.0810984894727819,1024.79296875,1026.84375,1024.6723852566765,1025.8619897433236
waterfall-cif,352,288,63,100,encode,throughput,codec_seconds,10,1.0264086146,0.009013960099734594,0.8782038626251601,1.014172349,1.043367743,1.0199604159926738,1.0328568132073261
waterfall-cif,352,288,63,100,encode,throughput,throughput_fps,10,97.43383053794645,0.8534073447259499,0.875884012785049,95.84348440030315,98.6025699661429,96.8233397003061,98.0443213755868
waterfall-cif,352,288,63,100,encode,throughput,process_seconds,10,3.9177490854003283,0.0364508693121739,0.9304033647282247,3.837943073999668,3.9595629240011476,3.89167370430989,3.9438244664907667
waterfall-cif,352,288,63,30,decode,memory,process_peak_rss_mib,10,1008.56484375,0.9532374136804943,0.09451424165611505,1007.52734375,1009.81640625,1007.8829387831113,1009.2467487168888
waterfall-cif,352,288,63,30,decode,throughput,codec_seconds,10,1.2834164095,0.04577595690796219,3.566726790239173,1.194950179,1.325574303,1.2506702625993018,1.3161625564006982
waterfall-cif,352,288,63,30,decode,throughput,throughput_fps,10,78.01064147595653,2.9165270715390474,3.738627213362863,75.43900011767201,83.6854973181271,75.92428369393345,80.09699925797962
waterfall-cif,352,288,63,30,decode,throughput,process_seconds,10,4.2646055546996875,0.06272172970705171,1.47075102028911,4.171478145000037,4.324597176999305,4.219737132200457,4.309473977198918
waterfall-cif,352,288,63,30,encode,memory,process_peak_rss_mib,10,1030.87421875,1.3154068339828895,0.1276010991503797,1029.62890625,1032.6953125,1029.933233387173,1031.815204112827
waterfall-cif,352,288,63,30,encode,throughput,codec_seconds,10,1.0677006676,0.014582315447405235,1.365768130517673,1.050761935,1.099133493,1.0572691075399199,1.0781322276600802
waterfall-cif,352,288,63,30,encode,throughput,throughput_fps,10,93.67475468340035,1.2648488693000972,1.3502558651741363,90.98075951362169,95.16903560081857,92.76993630976023,94.57957305704048
waterfall-cif,352,288,63,30,encode,throughput,process_seconds,10,3.9723090371004446,0.030797350746481062,0.7753009763047375,3.9294036870001037,4.020869283000138,3.9502779395589056,3.9943401346419836
