sequence,width,height,qp,gop,implementation,operation,mode,metric,n,mean,sample_std,cv_percent,minimum,maximum
akiyo-qcif,176,144,0,1,nvcr,decode,memory,process_peak_rss_mib,10,519.737109375,0.13811968256638726,0.02657491260004129,519.39453125,519.9296875
akiyo-qcif,176,144,0,1,nvcr,decode,throughput,codec_seconds,10,0.1673713652,0.00056101653085147,0.3351926598561735,0.166672865,0.168840218
akiyo-qcif,176,144,0,1,nvcr,decode,throughput,process_seconds,10,1.2520836915998643,0.017762624116038062,1.418645114156999,1.2195988550001857,1.2802123969995591
akiyo-qcif,176,144,0,1,nvcr,decode,throughput,throughput_fps,10,597.4797730273817,1.9910276969804743,0.33323767378636066,592.2759469547713,599.9776868298268
akiyo-qcif,176,144,0,1,nvcr,encode,memory,process_peak_rss_mib,10,519.3859375,0.13320509783892573,0.025646650827723987,519.109375,519.515625
akiyo-qcif,176,144,0,1,nvcr,encode,throughput,codec_seconds,10,0.1914206073,0.0019499103023502328,1.0186522390947577,0.19050737,0.196948272
akiyo-qcif,176,144,0,1,nvcr,encode,throughput,process_seconds,10,1.2733207165000295,0.027985660686428906,2.1978485328781074,1.2397692599997754,1.3120799229998283
akiyo-qcif,176,144,0,1,nvcr,encode,throughput,throughput_fps,10,522.4573777408731,5.190308670489255,0.9934415498030406,507.7475368760788,524.9140755026957
akiyo-qcif,176,144,0,1,python,decode,memory,process_peak_rss_mib,10,1263.7625,0.157426129060938,0.012456939421840575,1263.53125,1264.0234375
akiyo-qcif,176,144,0,1,python,decode,throughput,codec_seconds,10,0.39407387360170104,0.0020366361371251416,0.5168158240258306,0.3899177210023481,0.397493071003737
akiyo-qcif,176,144,0,1,python,decode,throughput,process_seconds,10,3.590540277799846,0.013252009353069062,0.36908120582870657,3.577530673000183,3.6213200049996885
akiyo-qcif,176,144,0,1,python,decode,throughput,throughput_fps,10,253.7656376608814,1.3136501836259384,0.5176627520316321,251.57671238767296,256.4643631557279
akiyo-qcif,176,144,0,1,python,encode,memory,process_peak_rss_mib,10,1287.9265625,0.20507543814377457,0.015922913938951743,1287.59765625,1288.2578125
akiyo-qcif,176,144,0,1,python,encode,throughput,codec_seconds,10,0.5147731889039051,0.0031946197891004804,0.6205878351789672,0.508184557000277,0.5194677940071415
akiyo-qcif,176,144,0,1,python,encode,throughput,process_seconds,10,3.7387886646999275,0.01709451989610002,0.4572208121175529,3.7179209789992456,3.771350517999963
akiyo-qcif,176,144,0,1,python,encode,throughput,throughput_fps,10,194.26706238037258,1.2087393484009576,0.6222049860589648,192.5047156987469,196.77890369255257
akiyo-qcif,176,144,0,30,nvcr,decode,memory,process_peak_rss_mib,10,519.4046875,0.1690523429635281,0.03254732716741762,519.05859375,519.65625
akiyo-qcif,176,144,0,30,nvcr,decode,throughput,codec_seconds,10,0.09634309419999999,0.002754927787929915,2.85949689576185,0.095266334,0.104171648
akiyo-qcif,176,144,0,30,nvcr,decode,throughput,process_seconds,10,1.1565272179001682,0.02069443583783183,1.7893600355904618,1.1388423420003164,1.189629990999947
akiyo-qcif,176,144,0,30,nvcr,decode,throughput,throughput_fps,10,1038.670205032849,27.708837551245015,2.6677223835807147,959.9540942272507,1049.6887599348581
akiyo-qcif,176,144,0,30,nvcr,encode,memory,process_peak_rss_mib,10,519.4796875,0.11452117158551708,0.022045360837235257,519.30859375,519.65234375
akiyo-qcif,176,144,0,30,nvcr,encode,throughput,codec_seconds,10,0.107073611,0.00011391457536924579,0.10638902929055581,0.106936524,0.10725435
akiyo-qcif,176,144,0,30,nvcr,encode,throughput,process_seconds,10,1.1788393445998508,0.013836705761572027,1.1737566976328573,1.1599947710001288,1.2011862049994306
akiyo-qcif,176,144,0,30,nvcr,encode,throughput,throughput_fps,10,933.9378854171875,0.9933501174753616,0.10636147574542762,932.363116274538,935.1341923176781
akiyo-qcif,176,144,0,30,python,decode,memory,process_peak_rss_mib,10,1353.5296875,0.12355666277028753,0.00912847822337015,1353.2265625,1353.66796875
akiyo-qcif,176,144,0,30,python,decode,throughput,codec_seconds,10,0.29074508030105334,0.001974612290509978,0.6791558737521395,0.28796204999798647,0.29392960600080187
akiyo-qcif,176,144,0,30,python,decode,throughput,process_seconds,10,3.5676221898001357,0.009860554264530327,0.2763900923343773,3.5567799790005665,3.5793787890015665
akiyo-qcif,176,144,0,30,python,decode,throughput,throughput_fps,10,343.95817748395496,2.3340733003995804,0.6785921816057013,340.2175145287242,347.2679820160304
akiyo-qcif,176,144,0,30,python,encode,memory,process_peak_rss_mib,10,1359.4515625,0.1590269722656698,0.011697877044859391,1359.078125,1359.69140625
akiyo-qcif,176,144,0,30,python,encode,throughput,codec_seconds,10,0.3629758418993333,0.003339153962008324,0.9199383475593387,0.35877969899411255,0.3703651150026417
akiyo-qcif,176,144,0,30,python,encode,throughput,process_seconds,10,3.6661252688001014,0.030600098756803116,0.8346713904519233,3.6386570250006116,3.7301964890002637
akiyo-qcif,176,144,0,30,python,encode,throughput,throughput_fps,10,275.52126010312287,2.516230288898675,0.9132617526345855,270.00383121743727,278.72257064812624
akiyo-qcif,176,144,0,100,nvcr,decode,memory,process_peak_rss_mib,10,519.412109375,0.1517723212936097,0.02922001981744993,519.19921875,519.640625
akiyo-qcif,176,144,0,100,nvcr,decode,throughput,codec_seconds,10,0.0937438329,0.0027629317331786243,2.9473210639103535,0.092611629,0.101591317
akiyo-qcif,176,144,0,100,nvcr,decode,throughput,process_seconds,10,1.1533342304999679,0.020666592518495785,1.791899691517598,1.128818447001322,1.191304322999713
akiyo-qcif,176,144,0,100,nvcr,decode,throughput,throughput_fps,10,1067.5139471632876,29.29672145608377,2.7443876994707335,984.3360924241193,1079.7780049846656
akiyo-qcif,176,144,0,100,nvcr,encode,memory,process_peak_rss_mib,10,519.348046875,0.10348818753252643,0.019926557566786157,519.1640625,519.46484375
akiyo-qcif,176,144,0,100,nvcr,encode,throughput,codec_seconds,10,0.1042302739,0.00010506709557912563,0.10080285856288594,0.104071051,0.104421641
akiyo-qcif,176,144,0,100,nvcr,encode,throughput,process_seconds,10,1.173433098699934,0.016424217617426438,1.399672263857488,1.149181412998587,1.2001566950002598
akiyo-qcif,176,144,0,100,nvcr,encode,throughput,throughput_fps,10,959.4150306187265,0.9668447759095403,0.1007744036786689,957.6558943370752,960.8820035842629
akiyo-qcif,176,144,0,100,python,decode,memory,process_peak_rss_mib,10,1353.578515625,0.12608645145303027,0.009315045266865163,1353.44921875,1353.796875
akiyo-qcif,176,144,0,100,python,decode,throughput,codec_seconds,10,0.28650346570057084,0.0012082658311962009,0.4217281729006999,0.2847271450000335,0.2891592890036918
akiyo-qcif,176,144,0,100,python,decode,throughput,process_seconds,10,3.568059662100268,0.00997803214133324,0.2796486910608403,3.557411782001509,3.5867412820002755
akiyo-qcif,176,144,0,100,python,decode,throughput,throughput_fps,10,349.0414873278688,1.4675012706277097,0.4204374906439779,345.83014899695394,351.2134398003683
akiyo-qcif,176,144,0,100,python,encode,memory,process_peak_rss_mib,10,1359.4796875,0.11807821218458693,0.00868554442337609,1359.296875,1359.60546875
akiyo-qcif,176,144,0,100,python,encode,throughput,codec_seconds,10,0.35748926079941157,0.0021263863823584154,0.5948112616315873,0.35275084700424486,0.3601906560038515
akiyo-qcif,176,144,0,100,python,encode,throughput,process_seconds,10,3.652549952700133,0.010590674903382268,0.28995291072071866,3.637766716999977,3.6695005490000767
akiyo-qcif,176,144,0,100,python,encode,throughput,throughput_fps,10,279.73763739651724,1.6727897416712174,0.5979852254561308,277.6307445325031,283.486208039627
akiyo-qcif,176,144,21,1,nvcr,decode,memory,process_peak_rss_mib,10,519.5765625,0.1468205055525094,0.028257722951563924,519.3046875,519.75390625
akiyo-qcif,176,144,21,1,nvcr,decode,throughput,codec_seconds,10,0.16816418,0.00018939965223891648,0.11262782135822057,0.167882687,0.168387398
akiyo-qcif,176,144,21,1,nvcr,decode,throughput,process_seconds,10,1.2530184561997202,0.013589573549692988,1.0845469579840674,1.2295039529999485,1.2722153089998756
akiyo-qcif,176,144,21,1,nvcr,decode,throughput,throughput_fps,10,594.6576388108575,0.6700199920622699,0.11267323386312085,593.8686694357021,595.6540354872924
akiyo-qcif,176,144,21,1,nvcr,encode,memory,process_peak_rss_mib,10,519.433203125,0.17169192032720224,0.033053705326165896,519.20703125,519.7109375
akiyo-qcif,176,144,21,1,nvcr,encode,throughput,codec_seconds,10,0.1916937919,0.0025779333043380362,1.3448183578542048,0.190551153,0.198984966
akiyo-qcif,176,144,21,1,nvcr,encode,throughput,process_seconds,10,1.2750321651999001,0.026649778501943285,2.0901259771564367,1.2482831209999858,1.3209557109985326
akiyo-qcif,176,144,21,1,nvcr,encode,throughput,throughput_fps,10,521.747495525153,6.79096649710866,1.301581043579973,502.55052937014347,524.7934658259454
akiyo-qcif,176,144,21,1,python,decode,memory,process_peak_rss_mib,10,1263.71640625,0.08692223061649547,0.006878301981884668,1263.578125,1263.859375
akiyo-qcif,176,144,21,1,python,decode,throughput,codec_seconds,10,0.396240769798834,0.004237406160525636,1.0694018595504218,0.39156647699746827,0.40386915900853637
akiyo-qcif,176,144,21,1,python,decode,throughput,process_seconds,10,3.5855836846002034,0.013626838837423048,0.3800452042424567,3.5769600240000727,3.6220214100012527
akiyo-qcif,176,144,21,1,python,decode,throughput,throughput_fps,10,252.39763198957175,2.6830976253195815,1.063043897904097,247.60494276287722,255.3844771564716
akiyo-qcif,176,144,21,1,python,encode,memory,process_peak_rss_mib,10,1287.9140625,0.24090301174478565,0.01870489800205793,1287.2890625,1288.18359375
akiyo-qcif,176,144,21,1,python,encode,throughput,codec_seconds,10,0.5141904871016493,0.004497516771146962,0.87467910900068,0.5097104259984917,0.5245070960004341
akiyo-qcif,176,144,21,1,python,encode,throughput,process_seconds,10,3.742348998499705,0.014482822290273088,0.3869981740366599,3.718530152000028,3.769626962999837
akiyo-qcif,176,144,21,1,python,encode,throughput,throughput_fps,10,194.49370924447885,1.683738045615739,0.8657030873421608,190.65518991551878,196.18982641782554
akiyo-qcif,176,144,21,30,nvcr,decode,memory,process_peak_rss_mib,10,519.39453125,0.1939098942602308,0.03733383441553723,519.0546875,519.58984375
akiyo-qcif,176,144,21,30,nvcr,decode,throughput,codec_seconds,10,0.09540746530000001,0.00015062801496626898,0.1578786465950364,0.095144143,0.095602131
akiyo-qcif,176,144,21,30,nvcr,decode,throughput,process_seconds,10,1.1592855058001532,0.016439899750115946,1.4181062100633202,1.1384906739999678,1.179804329000035
akiyo-qcif,176,144,21,30,nvcr,decode,throughput,throughput_fps,10,1048.1383625811627,1.6557185575703686,0.15796755625783687,1046.0017883910975,1051.0368462722925
akiyo-qcif,176,144,21,30,nvcr,encode,memory,process_peak_rss_mib,10,519.441015625,0.11081410023637749,0.02133333658741679,519.28515625,519.55859375
akiyo-qcif,176,144,21,30,nvcr,encode,throughput,codec_seconds,10,0.1070653718,0.0001766453891393099,0.16498834886529568,0.106856519,0.10736919
akiyo-qcif,176,144,21,30,nvcr,encode,throughput,process_seconds,10,1.173335256500195,0.016748523252643404,1.4274286193871495,1.1491210250001131,1.2000754189998588
akiyo-qcif,176,144,21,30,nvcr,encode,throughput,throughput_fps,10,934.0110914175787,1.5396080073846332,0.16483830026556973,931.3658787963288,935.8343406264245
akiyo-qcif,176,144,21,30,python,decode,memory,process_peak_rss_mib,10,1353.436328125,0.17941413762562836,0.013256193431292182,1353.234375,1353.73828125
akiyo-qcif,176,144,21,30,python,decode,throughput,codec_seconds,10,0.2899994731991228,0.0018926497987156149,0.6526390471806347,0.2875902850046259,0.29339930299920525
akiyo-qcif,176,144,21,30,python,decode,throughput,process_seconds,10,3.5657886571000517,0.005651838796188086,0.15850178851554694,3.5578374590004387,3.576772677000008
akiyo-qcif,176,144,21,30,python,decode,throughput,throughput_fps,10,344.84138640566584,2.242857825630841,0.6504027399403792,340.8324388564443,347.7168917524161
akiyo-qcif,176,144,21,30,python,encode,memory,process_peak_rss_mib,10,1359.343359375,0.12478891139313632,0.009180087616017182,1359.10546875,1359.4921875
akiyo-qcif,176,144,21,30,python,encode,throughput,codec_seconds,10,0.36330069650341557,0.0028742666358198047,0.791153626591735,0.3595779580064118,0.36761226700218685
akiyo-qcif,176,144,21,30,python,encode,throughput,process_seconds,10,3.6579705438000927,0.008660970677553385,0.2367698310811413,3.6395542669997667,3.66927656200005
akiyo-qcif,176,144,21,30,python,encode,throughput,throughput_fps,10,275.2695602054423,2.173709615295286,0.7896658147282897,272.0257428172415,278.10380968406537
akiyo-qcif,176,144,21,100,nvcr,decode,memory,process_peak_rss_mib,10,519.504296875,0.11784321756376669,0.02268378111069241,519.296875,519.671875
akiyo-qcif,176,144,21,100,nvcr,decode,throughput,codec_seconds,10,0.0929742475,0.00027115656566978634,0.2916469591967242,0.092551231,0.093340763
akiyo-qcif,176,144,21,100,nvcr,decode,throughput,process_seconds,10,1.1463465885000232,0.011706221597556854,1.021176467483038,1.1292420379995747,1.160468882000714
akiyo-qcif,176,144,21,100,nvcr,decode,throughput,throughput_fps,10,1075.5748903625054,3.1390798720312256,0.2918513531840864,1071.3432886765668,1080.4826572214906
akiyo-qcif,176,144,21,100,nvcr,encode,memory,process_peak_rss_mib,10,519.3234375,0.17253267479387138,0.03322258583676409,519.07421875,519.5703125
akiyo-qcif,176,144,21,100,nvcr,encode,throughput,codec_seconds,10,0.1064639248,0.004632009183185914,4.350778155029951,0.104016335,0.115440888
akiyo-qcif,176,144,21,100,nvcr,encode,throughput,process_seconds,10,1.1736877633995846,0.014461172187535056,1.232114079953283,1.149132684999131,1.1898589739998897
akiyo-qcif,176,144,21,100,nvcr,encode,throughput,throughput_fps,10,940.7948304284746,38.55092849023987,4.097697738483775,866.2442028339213,961.3874589986275
akiyo-qcif,176,144,21,100,python,decode,memory,process_peak_rss_mib,10,1353.539453125,0.10575690445881916,0.007813359574754299,1353.39453125,1353.70703125
akiyo-qcif,176,144,21,100,python,decode,throughput,codec_seconds,10,0.28674816209946813,0.0029787089502303203,1.0387892038858322,0.2829887679990861,0.2927213380004332
akiyo-qcif,176,144,21,100,python,decode,throughput,process_seconds,10,3.5651936610002393,0.009119362033722557,0.25578868641778235,3.549700032000146,3.5788014110003132
akiyo-qcif,176,144,21,100,python,decode,throughput,throughput_fps,10,348.77174430821617,3.6023356945420657,1.032863399438291,341.6218328431254,353.37091541499956
akiyo-qcif,176,144,21,100,python,encode,memory,process_peak_rss_mib,10,1359.441015625,0.15602685889491777,0.011477280522037564,1359.19140625,1359.609375
akiyo-qcif,176,144,21,100,python,encode,throughput,codec_seconds,10,0.3588054373991213,0.003530563814056936,0.9839772328003139,0.35481176599967057,0.3665942389925476
akiyo-qcif,176,144,21,100,python,encode,throughput,process_seconds,10,3.6518898667000825,0.012041108668004372,0.32972266709907516,3.637885275998997,3.6806822329999704
akiyo-qcif,176,144,21,100,python,encode,throughput,throughput_fps,10,278.72662491161043,2.7156498092556762,0.9743058490077369,272.78115519440246,281.8395825128664
akiyo-qcif,176,144,42,1,nvcr,decode,memory,process_peak_rss_mib,10,519.658984375,0.21946227354007447,0.04223197907451255,519.3359375,519.90234375
akiyo-qcif,176,144,42,1,nvcr,decode,throughput,codec_seconds,10,0.16979226,0.00031480948611396016,0.18540861998889713,0.169355452,0.170365283
akiyo-qcif,176,144,42,1,nvcr,decode,throughput,process_seconds,10,1.267264448200126,0.026709879071860888,2.107679980275346,1.2305950710006073,1.3305862380000235
akiyo-qcif,176,144,42,1,nvcr,decode,throughput,throughput_fps,10,588.9568190521105,1.0918417325463827,0.18538570184205258,586.9740491670477,590.4740521728229
akiyo-qcif,176,144,42,1,nvcr,encode,memory,process_peak_rss_mib,10,519.459375,0.10464084781408262,0.02014418313541509,519.30859375,519.6328125
akiyo-qcif,176,144,42,1,nvcr,encode,throughput,codec_seconds,10,0.1908340576,0.0001669052390817433,0.087460928715139,0.190617502,0.191068803
akiyo-qcif,176,144,42,1,nvcr,encode,throughput,process_seconds,10,1.282208561699963,0.021248197975695368,1.6571561452938923,1.2399738359999901,1.3109716740000295
akiyo-qcif,176,144,42,1,nvcr,encode,throughput,throughput_fps,10,524.0158391467066,0.45821775534733933,0.08744349332903541,523.3716777929467,524.610798855186
akiyo-qcif,176,144,42,1,python,decode,memory,process_peak_rss_mib,10,1263.816796875,0.1449640432623749,0.01147033680995718,1263.5859375,1264.07421875
akiyo-qcif,176,144,42,1,python,decode,throughput,codec_seconds,10,0.39738841649868845,0.001888968565906462,0.47534565364279974,0.39328849599769455,0.3992322409958433
akiyo-qcif,176,144,42,1,python,decode,throughput,process_seconds,10,3.5888655781001035,0.010085502098586956,0.28102200762632307,3.5681466660007573,3.5990059569999175
akiyo-qcif,176,144,42,1,python,decode,throughput,throughput_fps,10,251.64810833333266,1.2018956567927703,0.4776096529208721,250.48077217050508,254.26627276834
akiyo-qcif,176,144,42,1,python,encode,memory,process_peak_rss_mib,10,1287.937890625,0.18727788131159276,0.014540909361763717,1287.65234375,1288.26171875
akiyo-qcif,176,144,42,1,python,encode,throughput,codec_seconds,10,0.5176768127015748,0.0035020329666277826,0.6764902117890684,0.512407524007358,0.5249705939986598
akiyo-qcif,176,144,42,1,python,encode,throughput,process_seconds,10,3.7497886029000482,0.007290953441902194,0.19443638599422497,3.7393233409993627,3.7604325849999896
akiyo-qcif,176,144,42,1,python,encode,throughput,throughput_fps,10,193.17864298741924,1.3022080179876017,0.6740952301194123,190.48685991782483,195.15716556606228
akiyo-qcif,176,144,42,30,nvcr,decode,memory,process_peak_rss_mib,10,519.517578125,0.12069757662095018,0.023232626132990902,519.38671875,519.7421875
akiyo-qcif,176,144,42,30,nvcr,decode,throughput,codec_seconds,10,0.0974164184,0.003776224743461418,3.876374029638333,0.095430067,0.104669374
akiyo-qcif,176,144,42,30,nvcr,decode,throughput,process_seconds,10,1.1638237704000403,0.01917246546526874,1.6473684378072637,1.1377217760000349,1.1893222789999527
akiyo-qcif,176,144,42,30,nvcr,decode,throughput,throughput_fps,10,1027.8386740511528,37.76947054541071,3.674649679851512,955.3893004079684,1047.8877689565072
akiyo-qcif,176,144,42,30,nvcr,encode,memory,process_peak_rss_mib,10,519.540625,0.11825612302828364,0.022761670086585365,519.3359375,519.671875
akiyo-qcif,176,144,42,30,nvcr,encode,throughput,codec_seconds,10,0.1078174565,0.002186973636868501,2.0284040338759994,0.106977355,0.114036888
akiyo-qcif,176,144,42,30,nvcr,encode,throughput,process_seconds,10,1.1814639268000746,0.019860367260634056,1.6809965001999416,1.148826814000131,1.2104227849995368
akiyo-qcif,176,144,42,30,nvcr,encode,throughput,throughput_fps,10,927.8204403732985,17.9040326465925,1.9296872398488019,876.9092330895595,934.7772713206455
akiyo-qcif,176,144,42,30,python,decode,memory,process_peak_rss_mib,10,1353.565625,0.14213359402459091,0.01050067993744972,1353.296875,1353.7421875
akiyo-qcif,176,144,42,30,python,decode,throughput,codec_seconds,10,0.2908088974979023,0.0018957347859639728,0.6518833509822881,0.2884692540028482,0.2945920339971053
akiyo-qcif,176,144,42,30,python,decode,throughput,process_seconds,10,3.568395189100033,0.01075702724919326,0.30145280102527644,3.5474734920007904,3.57957991100011
akiyo-qcif,176,144,42,30,python,decode,throughput,throughput_fps,10,343.88153365898347,2.2329407776999055,0.6493343082255306,339.4524917838838,346.65739454858044
akiyo-qcif,176,144,42,30,python,encode,memory,process_peak_rss_mib,10,1359.408203125,0.0919283743417373,0.00676238190489162,1359.29296875,1359.609375
akiyo-qcif,176,144,42,30,python,encode,throughput,codec_seconds,10,0.36462115650010674,0.0039036439174622833,1.0706026921016418,0.36086171899955843,0.3730636950003827
akiyo-qcif,176,144,42,30,python,encode,throughput,process_seconds,10,3.6630564741000398,0.018166208035671587,0.49593032933336806,3.638874097000098,3.7021816229998876
akiyo-qcif,176,144,42,30,python,encode,throughput,throughput_fps,10,274.2852726431115,2.9072146280988065,1.0599237064694875,268.0507413081228,277.1144589047484
akiyo-qcif,176,144,42,100,nvcr,decode,memory,process_peak_rss_mib,10,519.43203125,0.15237379511418622,0.029334693655203078,519.12890625,519.7109375
akiyo-qcif,176,144,42,100,nvcr,decode,throughput,codec_seconds,10,0.0938721511,0.002794535736685332,2.976959304691306,0.092750848,0.101813083
akiyo-qcif,176,144,42,100,nvcr,decode,throughput,process_seconds,10,1.1523738930998888,0.014191760010668063,1.2315239086588636,1.1291277349992015,1.169406519000404
akiyo-qcif,176,144,42,100,nvcr,decode,throughput,throughput_fps,10,1066.0697627698987,29.527025063706454,2.7697085214187425,982.1920430402839,1078.1572584651733
akiyo-qcif,176,144,42,100,nvcr,encode,memory,process_peak_rss_mib,10,519.316796875,0.11904559905745327,0.02292350252751552,519.12890625,519.47265625
akiyo-qcif,176,144,42,100,nvcr,encode,throughput,codec_seconds,10,0.1043061579,0.0001933717094696412,0.1853885843010628,0.104067126,0.104603398
akiyo-qcif,176,144,42,100,nvcr,encode,throughput,process_seconds,10,1.184791612500021,0.01622792017760978,1.3696856060085834,1.149294025999552,1.2106321569999636
akiyo-qcif,176,144,42,100,nvcr,encode,throughput,throughput_fps,10,958.7191326945994,1.7768709824702147,0.1853380121325104,955.991888523545,960.9182442493897
akiyo-qcif,176,144,42,100,python,decode,memory,process_peak_rss_mib,10,1353.4796875,0.13653633664324796,0.010087800940363057,1353.27734375,1353.703125
akiyo-qcif,176,144,42,100,python,decode,throughput,codec_seconds,10,0.28884485939981913,0.004099323183111321,1.4192127883560623,0.2856285560028482,0.2962190489979548
akiyo-qcif,176,144,42,100,python,decode,throughput,process_seconds,10,3.5790361838001443,0.022574830692024768,0.6307516753869555,3.5580763879997903,3.639072957999815
akiyo-qcif,176,144,42,100,python,decode,throughput,throughput_fps,10,346.26842983188146,4.8399614104788435,1.3977483921444174,337.58801244645963,350.10505041730784
akiyo-qcif,176,144,42,100,python,encode,memory,process_peak_rss_mib,10,1359.40234375,0.1777617977165807,0.013076466914586391,1359.19140625,1359.7265625
akiyo-qcif,176,144,42,100,python,encode,throughput,codec_seconds,10,0.3568101537983921,0.0015988023852825438,0.44808208742453914,0.3547946430007869,0.35917516500194324
akiyo-qcif,176,144,42,100,python,encode,throughput,process_seconds,10,3.6525506303998667,0.011936489222451878,0.32679873409845434,3.6283495320003567,3.669020179000654
akiyo-qcif,176,144,42,100,python,encode,throughput,throughput_fps,10,280.26614666243165,1.2557351754746913,0.4480509652802161,278.4156861164356,281.8531845752198
akiyo-qcif,176,144,63,1,nvcr,decode,memory,process_peak_rss_mib,10,519.636328125,0.1151508495548852,0.022159892086525818,519.4453125,519.79296875
akiyo-qcif,176,144,63,1,nvcr,decode,throughput,codec_seconds,10,0.1730074894,0.0002657320347911936,0.1535956828879303,0.172694554,0.173540685
akiyo-qcif,176,144,63,1,nvcr,decode,throughput,process_seconds,10,1.2579234578001377,0.021390914408075615,1.700494117939747,1.2096631500000399,1.288613992000137
akiyo-qcif,176,144,63,1,nvcr,decode,throughput,throughput_fps,10,578.0108850011608,0.8866915138157799,0.1534039473692609,576.2337517568286,579.0570558467061
akiyo-qcif,176,144,63,1,nvcr,encode,memory,process_peak_rss_mib,10,519.44765625,0.07156011185971553,0.013776193038644696,519.3046875,519.546875
akiyo-qcif,176,144,63,1,nvcr,encode,throughput,codec_seconds,10,0.1922296381,0.004142052715890687,2.1547419829901284,0.190665932,0.20400684
akiyo-qcif,176,144,63,1,nvcr,encode,throughput,process_seconds,10,1.2791426898001532,0.022044962790044798,1.723417017181171,1.2382303519998459,1.3196664410006633
akiyo-qcif,176,144,63,1,nvcr,encode,throughput,throughput_fps,10,520.4174053105901,10.636072933751324,2.043758111319051,490.17964299628386,524.4775453645279
akiyo-qcif,176,144,63,1,python,decode,memory,process_peak_rss_mib,10,1263.912890625,0.15628309111398572,0.012365020744167293,1263.703125,1264.16796875
akiyo-qcif,176,144,63,1,python,decode,throughput,codec_seconds,10,0.40177885540006175,0.002839765874449526,0.7067982389520963,0.3951522930055944,0.40551866900023015
akiyo-qcif,176,144,63,1,python,decode,throughput,process_seconds,10,3.5922499289999905,0.00962016135938174,0.2678032305524966,3.5782367550000345,3.6092119449995153
akiyo-qcif,176,144,63,1,python,decode,throughput,throughput_fps,10,248.90441589853864,1.7730373649874147,0.7123366448067202,246.597771309866,253.0669865012886
akiyo-qcif,176,144,63,1,python,encode,memory,process_peak_rss_mib,10,1287.9734375,0.16781020456737558,0.01302901128870335,1287.58203125,1288.16796875
akiyo-qcif,176,144,63,1,python,encode,throughput,codec_seconds,10,0.5150546285021165,0.005021727928316018,0.9749893798489343,0.5044522860043799,0.5211841760028619
akiyo-qcif,176,144,63,1,python,encode,throughput,process_seconds,10,3.7388202891999525,0.01298835540577399,0.34739180814045734,3.7125846719991387,3.760461220000252
akiyo-qcif,176,144,63,1,python,encode,throughput,throughput_fps,10,194.17089048310416,1.9064762651231515,0.9818548292072875,191.87075242179048,198.23480391390626
akiyo-qcif,176,144,63,30,nvcr,decode,memory,process_peak_rss_mib,10,519.514453125,0.09367853902599645,0.018031940875272726,519.359375,519.7109375
akiyo-qcif,176,144,63,30,nvcr,decode,throughput,codec_seconds,10,0.0967930638,0.00282932790210902,2.9230688553832307,0.095624606,0.104833803
akiyo-qcif,176,144,63,30,nvcr,decode,throughput,process_seconds,10,1.1559162175999689,0.018125648590235657,1.568076328911621,1.1275218559999303,1.1801891969998906
akiyo-qcif,176,144,63,30,nvcr,decode,throughput,throughput_fps,10,1033.872468320148,28.151439760895688,2.7229122182387333,953.8907979900338,1045.7559427748126
akiyo-qcif,176,144,63,30,nvcr,encode,memory,process_peak_rss_mib,10,519.47421875,0.08333740224441377,0.01604264451178094,519.3515625,519.609375
akiyo-qcif,176,144,63,30,nvcr,encode,throughput,codec_seconds,10,0.1070727935,0.00014337594060003336,0.13390510877072928,0.106928823,0.107374019
akiyo-qcif,176,144,63,30,nvcr,encode,throughput,process_seconds,10,1.166274198400032,0.01958839717223783,1.679570481719515,1.147703067000009,1.1990128590000495
akiyo-qcif,176,144,63,30,nvcr,encode,throughput,throughput_fps,10,933.9455704189446,1.2492554854278675,0.1337610589948494,931.3239918867151,935.2015405612385
akiyo-qcif,176,144,63,30,python,decode,memory,process_peak_rss_mib,10,1353.554296875,0.1396747650250718,0.010319110607350145,1353.30859375,1353.76171875
akiyo-qcif,176,144,63,30,python,decode,throughput,codec_seconds,10,0.29111964520052425,0.0011611898599655686,0.398870319852766,0.2891871540005013,0.2929746819936554
akiyo-qcif,176,144,63,30,python,decode,throughput,process_seconds,10,3.572535114100037,0.008612326344109826,0.24107044630908742,3.557973203999836,3.5825078079997184
akiyo-qcif,176,144,63,30,python,decode,throughput,throughput_fps,10,343.5062981775561,1.3699198825635248,0.3988048806765756,341.3264221997366,345.7968260921667
akiyo-qcif,176,144,63,30,python,encode,memory,process_peak_rss_mib,10,1359.4171875,0.1362006552465271,0.010019047610910622,1359.2265625,1359.7109375
akiyo-qcif,176,144,63,30,python,encode,throughput,codec_seconds,10,0.36409372659966266,0.001879626298713697,0.5162479222775597,0.3607962329997463,0.3678849089938012
akiyo-qcif,176,144,63,30,python,encode,throughput,process_seconds,10,3.6561881024000287,0.011953278907063818,0.3269328210771578,3.6372184330000437,3.679900701000406
akiyo-qcif,176,144,63,30,python,encode,throughput,throughput_fps,10,274.6611342976191,1.4163601266133075,0.5156754814383598,271.82414270133864,277.1647563184794
akiyo-qcif,176,144,63,100,nvcr,decode,memory,process_peak_rss_mib,10,519.41640625,0.20584615608254223,0.039630276134070844,518.953125,519.63671875
akiyo-qcif,176,144,63,100,nvcr,decode,throughput,codec_seconds,10,0.0950450006,0.003912592622566475,4.116568570537181,0.093001248,0.103086417
akiyo-qcif,176,144,63,100,nvcr,decode,throughput,process_seconds,10,1.15566966370003,0.019171184020414664,1.6588809607613624,1.1292922020002152,1.1900165799997922
akiyo-qcif,176,144,63,100,nvcr,decode,throughput,throughput_fps,10,1053.6503008214381,40.94975650092415,3.886465601442836,970.0599061465101,1075.2543879841269
akiyo-qcif,176,144,63,100,nvcr,encode,memory,process_peak_rss_mib,10,519.362890625,0.13966262614885608,0.026891144644698512,519.15234375,519.546875
akiyo-qcif,176,144,63,100,nvcr,encode,throughput,codec_seconds,10,0.1042075877,0.00012895300071563573,0.12374626796550989,0.104076731,0.10448029
akiyo-qcif,176,144,63,100,nvcr,encode,throughput,process_seconds,10,1.180679624400034,0.021384605813172485,1.8112115574145813,1.1393523000000414,1.20821598800012
akiyo-qcif,176,144,63,100,nvcr,encode,throughput,throughput_fps,10,959.624340747655,1.1860272998560344,0.12359287374182132,957.1183234656029,960.8295633343826
akiyo-qcif,176,144,63,100,python,decode,memory,process_peak_rss_mib,10,1353.52421875,0.1766980336491782,0.013054663610848536,1353.328125,1353.8515625
akiyo-qcif,176,144,63,100,python,decode,throughput,codec_seconds,10,0.2882112644994095,0.00362124927715587,1.2564565383818609,0.2829543799998646,0.29602408000118885
akiyo-qcif,176,144,63,100,python,decode,throughput,process_seconds,10,3.5681287839998275,0.010661795212972471,0.2988063452412929,3.55633577899971,3.5879598809997333
akiyo-qcif,176,144,63,100,python,decode,throughput,throughput_fps,10,347.0165488037544,4.320209075544619,1.2449576512812919,337.8103565074787,353.41386127349523
akiyo-qcif,176,144,63,100,python,encode,memory,process_peak_rss_mib,10,1359.51171875,0.14423181256299988,0.010609089320363748,1359.2578125,1359.73046875
akiyo-qcif,176,144,63,100,python,encode,throughput,codec_seconds,10,0.35725781209889645,0.0017256427677156932,0.4830245019912956,0.35480550899774244,0.35976782699890464
akiyo-qcif,176,144,63,100,python,encode,throughput,process_seconds,10,3.653767419399969,0.016382310430392708,0.4483676312676479,3.628099731000475,3.689295809000214
akiyo-qcif,176,144,63,100,python,encode,throughput,throughput_fps,10,279.91577850999795,1.351261954253831,0.4827387585818308,277.95703922214386,281.8445527592873
basketball-1080p,1920,1080,0,1,nvcr,decode,memory,process_peak_rss_mib,10,486.86015625,0.11098761583192765,0.022796610978971982,486.66015625,487.04296875
basketball-1080p,1920,1080,0,1,nvcr,decode,throughput,codec_seconds,10,5.5843809219,0.0073820923143250484,0.13219177591154374,5.568313335,5.59475307
basketball-1080p,1920,1080,0,1,nvcr,decode,throughput,process_seconds,10,7.222751003899828,0.021980195140741225,0.3043188824988334,7.1949730979995365,7.264600726000026
basketball-1080p,1920,1080,0,1,nvcr,decode,throughput,throughput_fps,10,17.907116085166894,0.02369585320080008,0.13232646221815808,17.873889830136864,17.958759499298182
basketball-1080p,1920,1080,0,1,nvcr,encode,memory,process_peak_rss_mib,10,466.333203125,0.1153215154278373,0.02472942408025909,466.05859375,466.45703125
basketball-1080p,1920,1080,0,1,nvcr,encode,throughput,codec_seconds,10,6.1897594501,0.0050103764022329566,0.08094622162016345,6.181047944,6.197558138
basketball-1080p,1920,1080,0,1,nvcr,encode,throughput,process_seconds,10,7.902616763199944,0.021482570822220798,0.2718412326693928,7.866893607999373,7.932035379999434
basketball-1080p,1920,1080,0,1,nvcr,encode,throughput,throughput_fps,10,16.155726207959663,0.013077076771018381,0.08094391179132213,16.13538715947742,16.178486383861642
basketball-1080p,1920,1080,0,1,python,decode,memory,process_peak_rss_mib,10,1272.432421875,0.41826698699118486,0.03287144997255298,1272.046875,1273.55859375
basketball-1080p,1920,1080,0,1,python,decode,throughput,codec_seconds,10,4.580429332799213,0.005391169479695953,0.11770009071183021,4.572495062007874,4.591018327993879
basketball-1080p,1920,1080,0,1,python,decode,throughput,process_seconds,10,8.215238597400225,0.01537317111646516,0.187129940709575,8.197443805000148,8.239838081000016
basketball-1080p,1920,1080,0,1,python,decode,throughput,throughput_fps,10,21.832041788262114,0.025680256544419,0.11762645378512358,21.781659940289682,21.86989786624023
basketball-1080p,1920,1080,0,1,python,encode,memory,process_peak_rss_mib,10,1282.5828125,0.2745068376311417,0.021402659926190278,1282.19140625,1283.046875
basketball-1080p,1920,1080,0,1,python,encode,throughput,codec_seconds,10,8.493722126199515,0.02453829341621598,0.28889917814153343,8.457207024999946,8.53705586700562
basketball-1080p,1920,1080,0,1,python,encode,throughput,process_seconds,10,12.56788630920002,0.029280387357487076,0.2329778185219027,12.512372440999968,12.605443248001393
basketball-1080p,1920,1080,0,1,python,encode,throughput,throughput_fps,10,11.77348977936235,0.03398970862930955,0.2886969731683958,11.713640107063641,11.824234608942973
basketball-1080p,1920,1080,0,30,nvcr,decode,memory,process_peak_rss_mib,10,463.00390625,0.13320764339436592,0.02877030659919317,462.85546875,463.2578125
basketball-1080p,1920,1080,0,30,nvcr,decode,throughput,codec_seconds,10,2.2336524917,0.0020645989118193825,0.09243151830874312,2.231598829,2.2378566
basketball-1080p,1920,1080,0,30,nvcr,decode,throughput,process_seconds,10,3.5547613779998755,0.009316198431733229,0.26207661896493,3.5371622060001755,3.5698076029984804
basketball-1080p,1920,1080,0,30,nvcr,decode,throughput,throughput_fps,10,44.76975590831743,0.04135182696800725,0.09236554037214398,44.68561569137182,44.81092152428262
basketball-1080p,1920,1080,0,30,nvcr,encode,memory,process_peak_rss_mib,10,463.834765625,0.07375011954145208,0.015900084471261344,463.6796875,463.9140625
basketball-1080p,1920,1080,0,30,nvcr,encode,throughput,codec_seconds,10,2.3927522918,0.00237753776720811,0.09936414125925068,2.389335168,2.395855955
basketball-1080p,1920,1080,0,30,nvcr,encode,throughput,process_seconds,10,3.7269313237999313,0.02004193577146199,0.5377597285862378,3.701428934999967,3.7584410259987635
basketball-1080p,1920,1080,0,30,nvcr,encode,throughput,throughput_fps,10,41.792913213183496,0.04153310372438894,0.09937834080273543,41.738736334004685,41.85264643457506
basketball-1080p,1920,1080,0,30,python,decode,memory,process_peak_rss_mib,10,1281.65859375,2.531192530854816,0.19749350905133087,1280.4140625,1288.8359375
basketball-1080p,1920,1080,0,30,python,decode,throughput,codec_seconds,10,2.281146807100936,0.0011702071732981882,0.05129907332818186,2.2790263629988203,2.2830638369987355
basketball-1080p,1920,1080,0,30,python,decode,throughput,process_seconds,10,5.713835308800048,0.01829438285871724,0.3201769366810681,5.6930734170000505,5.74492727300003
basketball-1080p,1920,1080,0,30,python,decode,throughput,throughput_fps,10,43.83760982591146,0.0224891981164737,0.05130115032681555,43.8007901397351,43.87838667579808
basketball-1080p,1920,1080,0,30,python,encode,memory,process_peak_rss_mib,10,1291.31171875,5.013545291829841,0.3882521330080542,1287.16015625,1304.90234375
basketball-1080p,1920,1080,0,30,python,encode,throughput,codec_seconds,10,4.958477527898117,0.01700928536338515,0.34303443481764323,4.935856713001158,4.989725255000394
basketball-1080p,1920,1080,0,30,python,encode,throughput,process_seconds,10,8.718427746699945,0.026446030256536253,0.30333485606446037,8.688341824999952,8.787299829000176
basketball-1080p,1920,1080,0,30,python,encode,throughput,throughput_fps,10,20.167693911861335,0.06905102821906221,0.3423843525235717,20.041183610217054,20.259907411128395
basketball-1080p,1920,1080,0,100,nvcr,decode,memory,process_peak_rss_mib,10,462.954296875,0.19234772355201493,0.04154788601172651,462.66015625,463.22265625
basketball-1080p,1920,1080,0,100,nvcr,decode,throughput,codec_seconds,10,2.1254569705,0.00341342211413769,0.1605970933081136,2.122857553,2.133104027
basketball-1080p,1920,1080,0,100,nvcr,decode,throughput,process_seconds,10,3.4555673910000904,0.03016278382594325,0.8728749988931256,3.4157722889999604,3.488727340999958
basketball-1080p,1920,1080,0,100,nvcr,decode,throughput,throughput_fps,10,47.04881491998308,0.07539699957969459,0.16025270712540554,46.880039010868174,47.106316605502364
basketball-1080p,1920,1080,0,100,nvcr,encode,memory,process_peak_rss_mib,10,460.9921875,0.134575210184419,0.02919251428407754,460.76171875,461.21875
basketball-1080p,1920,1080,0,100,nvcr,encode,throughput,codec_seconds,10,2.2696018601,0.001505618374734508,0.0663384358817969,2.266441997,2.271687723
basketball-1080p,1920,1080,0,100,nvcr,encode,throughput,process_seconds,10,3.6211514223000507,0.028661436524314774,0.7915006356213035,3.582820970999819,3.6600747900001807
basketball-1080p,1920,1080,0,100,nvcr,encode,throughput,throughput_fps,10,44.06060877118169,0.029241750036513043,0.06636710397800703,44.02013489245767,44.12202038806467
basketball-1080p,1920,1080,0,100,python,decode,memory,process_peak_rss_mib,10,1280.8625,0.17062558824176174,0.0133211479172637,1280.5234375,1281.0625
basketball-1080p,1920,1080,0,100,python,decode,throughput,codec_seconds,10,2.2074418514009038,0.0025017045479249983,0.11333048462125275,2.2028834950015153,2.211237538002024
basketball-1080p,1920,1080,0,100,python,decode,throughput,process_seconds,10,5.648557340299999,0.01810540035683827,0.32053140768642135,5.626338647000011,5.6787651320000805
basketball-1080p,1920,1080,0,100,python,decode,throughput,throughput_fps,10,45.301358919483306,0.05134467871334644,0.11334026161247011,45.223544861831336,45.39504709482206
basketball-1080p,1920,1080,0,100,python,encode,memory,process_peak_rss_mib,10,1285.883203125,2.717774790424914,0.21135471587311191,1283.54296875,1290.5859375
basketball-1080p,1920,1080,0,100,python,encode,throughput,codec_seconds,10,4.836604800699138,0.01837420143659774,0.3798987552992075,4.8176033410036325,4.869609621998961
basketball-1080p,1920,1080,0,100,python,encode,throughput,process_seconds,10,8.60589412789975,0.020477039884300163,0.23794203809590136,8.577779248000297,8.639216865999515
basketball-1080p,1920,1080,0,100,python,encode,throughput,throughput_fps,10,20.675928634401814,0.07835246906508517,0.378955017936741,20.53552702628148,20.75720911866675
basketball-1080p,1920,1080,21,1,nvcr,decode,memory,process_peak_rss_mib,10,486.93046875,0.08563710123327908,0.017587131372805286,486.79296875,487.0859375
basketball-1080p,1920,1080,21,1,nvcr,decode,throughput,codec_seconds,10,5.6014924297,0.00618547641608736,0.11042550701829006,5.595515168,5.616652855
basketball-1080p,1920,1080,21,1,nvcr,decode,throughput,process_seconds,10,7.239902200400013,0.028837402226022355,0.3983120410718954,7.196682120999981,7.277045312001064
basketball-1080p,1920,1080,21,1,nvcr,decode,throughput,throughput_fps,10,17.852404660719714,0.019680335774836258,0.11023913107985113,17.804198084091848,17.871455442009445
basketball-1080p,1920,1080,21,1,nvcr,encode,memory,process_peak_rss_mib,10,466.30546875,0.07844552305138615,0.01682277569286735,466.1640625,466.4296875
basketball-1080p,1920,1080,21,1,nvcr,encode,throughput,codec_seconds,10,6.1918692421,0.005071670761547907,0.08190855722637687,6.183958393,6.200383099
basketball-1080p,1920,1080,21,1,nvcr,encode,throughput,process_seconds,10,7.911493889999929,0.016044074226027813,0.20279449683083756,7.8904313699999875,7.9390010879997135
basketball-1080p,1920,1080,21,1,nvcr,encode,throughput,throughput_fps,10,16.150221600581276,0.013228549314712455,0.0819093981610527,16.128035704137062,16.170872060393567
basketball-1080p,1920,1080,21,1,python,decode,memory,process_peak_rss_mib,10,1273.001953125,0.3132762169691303,0.024609248728966304,1272.734375,1273.7890625
basketball-1080p,1920,1080,21,1,python,decode,throughput,codec_seconds,10,4.595919163699887,0.011440161777462906,0.24891999554346267,4.57879516599769,4.620342346999678
basketball-1080p,1920,1080,21,1,python,decode,throughput,process_seconds,10,8.222940442199956,0.02203020063616859,0.26791147024621587,8.189084691999597,8.259526922000077
basketball-1080p,1920,1080,21,1,python,decode,throughput,throughput_fps,10,21.75855431280041,0.05407299528325914,0.2485137316841329,21.643417844337275,21.839806406410986
basketball-1080p,1920,1080,21,1,python,encode,memory,process_peak_rss_mib,10,1283.17578125,1.512488476697954,0.11787071567268594,1282.28515625,1287.03125
basketball-1080p,1920,1080,21,1,python,encode,throughput,codec_seconds,10,8.516504594299931,0.016149729225326474,0.18962860932565498,8.4871817630019,8.5424356550011
basketball-1080p,1920,1080,21,1,python,encode,throughput,process_seconds,10,12.594162519000179,0.016772961364685663,0.13318044244213254,12.57082539199996,12.615623513000173
basketball-1080p,1920,1080,21,1,python,encode,throughput,throughput_fps,10,11.741944424657927,0.022266590021955183,0.18963290249607756,11.706263182849474,11.782474181939778
basketball-1080p,1920,1080,21,30,nvcr,decode,memory,process_peak_rss_mib,10,463.0359375,0.11522959323882954,0.02488566953592658,462.8359375,463.17578125
basketball-1080p,1920,1080,21,30,nvcr,decode,throughput,codec_seconds,10,2.2352246478,0.004605602154711319,0.2060465000349894,2.225445201,2.24213552
basketball-1080p,1920,1080,21,30,nvcr,decode,throughput,process_seconds,10,3.568175930200084,0.027318117354885645,0.7656045522776056,3.546692620000158,3.6331687259998944
basketball-1080p,1920,1080,21,30,nvcr,decode,throughput,throughput_fps,10,44.738403695739244,0.09231395298758897,0.2063416334999469,44.60033709291577,44.934829199597985
basketball-1080p,1920,1080,21,30,nvcr,encode,memory,process_peak_rss_mib,10,463.907421875,0.13402037042804404,0.028889464601873922,463.734375,464.13671875
basketball-1080p,1920,1080,21,30,nvcr,encode,throughput,codec_seconds,10,2.3921348729,0.0015363063097770884,0.06422323118907651,2.389674726,2.39476258
basketball-1080p,1920,1080,21,30,nvcr,encode,throughput,process_seconds,10,3.737123310399704,0.02871313204619531,0.7683217721580692,3.6992204459997993,3.779632314999617
basketball-1080p,1920,1080,21,30,nvcr,encode,throughput,throughput_fps,10,41.803678485864474,0.02684761528775624,0.06422309294344639,41.75779295833159,41.84669943234776
basketball-1080p,1920,1080,21,30,python,decode,memory,process_peak_rss_mib,10,1281.125,0.14302779404644284,0.011164234094756002,1280.90625,1281.31640625
basketball-1080p,1920,1080,21,30,python,decode,throughput,codec_seconds,10,2.284840641898154,0.0021378734794595916,0.09356772810569108,2.281771081002262,2.288315030994454
basketball-1080p,1920,1080,21,30,python,decode,throughput,process_seconds,10,5.713464924500068,0.010568167861953946,0.18496950627343997,5.6963224510000146,5.733886299000005
basketball-1080p,1920,1080,21,30,python,decode,throughput,throughput_fps,10,43.76676296762482,0.040950753840780514,0.09356587296865577,43.70027668635384,43.8256058342519
basketball-1080p,1920,1080,21,30,python,encode,memory,process_peak_rss_mib,10,1288.8390625,1.8716892428351433,0.14522288292570612,1286.03515625,1291.11328125
basketball-1080p,1920,1080,21,30,python,encode,throughput,codec_seconds,10,4.966257618299528,0.037871649653268114,0.7625792410309065,4.92860031600685,5.057458790996861
basketball-1080p,1920,1080,21,30,python,encode,throughput,process_seconds,10,8.717027086100142,0.044719339803486864,0.5130113668545865,8.655297074001282,8.811986239000362
basketball-1080p,1920,1080,21,30,python,encode,throughput,throughput_fps,10,20.136930035257105,0.15204564535029744,0.7550587159218689,19.772776038831406,20.28973614988118
basketball-1080p,1920,1080,21,100,nvcr,decode,memory,process_peak_rss_mib,10,462.99140625,0.10539316993570894,0.02276352617197394,462.87109375,463.1953125
basketball-1080p,1920,1080,21,100,nvcr,decode,throughput,codec_seconds,10,2.1257330155,0.002143253845819788,0.10082422534683486,2.121329307,2.128716377
basketball-1080p,1920,1080,21,100,nvcr,decode,throughput,process_seconds,10,3.4431851902998005,0.024113724812013664,0.7003319159232927,3.4168897599993215,3.4868436340002518
basketball-1080p,1920,1080,21,100,nvcr,decode,throughput,throughput_fps,10,47.042639323370366,0.047459513808449406,0.10088616304500572,46.97666682159415,47.14025289238132
basketball-1080p,1920,1080,21,100,nvcr,encode,memory,process_peak_rss_mib,10,460.90859375,0.1001876765351602,0.0217369946869558,460.671875,461.015625
basketball-1080p,1920,1080,21,100,nvcr,encode,throughput,codec_seconds,10,2.2709073314,0.002591067827427945,0.11409835142108456,2.267232845,2.274620995
basketball-1080p,1920,1080,21,100,nvcr,encode,throughput,process_seconds,10,3.613786436700218,0.027397052317701686,0.7581259379211737,3.578299878001417,3.6774679730000344
basketball-1080p,1920,1080,21,100,nvcr,encode,throughput,throughput_fps,10,44.03531389469771,0.0502426931467542,0.11409636653641275,43.963368059917165,44.10662990373183
basketball-1080p,1920,1080,21,100,python,decode,memory,process_peak_rss_mib,10,1281.062109375,0.19529904467541173,0.015245087903715574,1280.77734375,1281.39453125
basketball-1080p,1920,1080,21,100,python,decode,throughput,codec_seconds,10,2.206629535302329,0.0014681190718436041,0.0665321952940532,2.2042396390003205,2.208285500002603
basketball-1080p,1920,1080,21,100,python,decode,throughput,process_seconds,10,5.6471061342000555,0.020168911553417285,0.35715481653992903,5.616659206000804,5.675171513000123
basketball-1080p,1920,1080,21,100,python,decode,throughput,throughput_fps,10,45.31800116493664,0.030160601899057636,0.06655324843054516,45.283999736393746,45.36711808946171
basketball-1080p,1920,1080,21,100,python,encode,memory,process_peak_rss_mib,10,1286.070703125,2.7743998049334953,0.21572684909095835,1283.9296875,1290.4296875
basketball-1080p,1920,1080,21,100,python,encode,throughput,codec_seconds,10,4.844861440101033,0.019814410840602197,0.40897786418818605,4.8249302700050976,4.887032557000566
basketball-1080p,1920,1080,21,100,python,encode,throughput,process_seconds,10,8.604190492200155,0.029134668571251476,0.3386102225149774,8.564657132999855,8.664998608999667
basketball-1080p,1920,1080,21,100,python,encode,throughput,throughput_fps,10,20.640734825185245,0.08412858869837453,0.4075852405977485,20.462315082544766,20.725688124793223
basketball-1080p,1920,1080,42,1,nvcr,decode,memory,process_peak_rss_mib,10,486.95703125,0.07836335168401602,0.01609245716872807,486.82421875,487.07421875
basketball-1080p,1920,1080,42,1,nvcr,decode,throughput,codec_seconds,10,5.6164556013,0.012831327511826477,0.22845952007270393,5.601257108,5.644737582
basketball-1080p,1920,1080,42,1,nvcr,decode,throughput,process_seconds,10,7.266026295199879,0.014932559614272778,0.2055120502954635,7.23399819000042,7.292216762999487
basketball-1080p,1920,1080,42,1,nvcr,decode,throughput,throughput_fps,10,17.804906850065635,0.04059598974830803,0.2280045051073007,17.71561539350936,17.85313512160956
basketball-1080p,1920,1080,42,1,nvcr,encode,memory,process_peak_rss_mib,10,464.445703125,0.1245985578507616,0.026827367981317587,464.1875,464.66796875
basketball-1080p,1920,1080,42,1,nvcr,encode,throughput,codec_seconds,10,6.1914138351,0.00313934787375071,0.05070486252999765,6.185648614,6.196405258
basketball-1080p,1920,1080,42,1,nvcr,encode,throughput,process_seconds,10,7.898918169399735,0.023458193775968854,0.2969798303120226,7.867405633000089,7.93877819699992
basketball-1080p,1920,1080,42,1,nvcr,encode,throughput,throughput_fps,10,16.1514035091576,0.008190973820770275,0.05071369690024844,16.13838924929787,16.166453389167575
basketball-1080p,1920,1080,42,1,python,decode,memory,process_peak_rss_mib,10,1274.41640625,0.18043323514183854,0.014158106742580908,1273.98828125,1274.57421875
basketball-1080p,1920,1080,42,1,python,decode,throughput,codec_seconds,10,4.616219890000036,0.010829961485908682,0.23460670730545716,4.598249660999954,4.629767525995703
basketball-1080p,1920,1080,42,1,python,decode,throughput,process_seconds,10,8.250659575399856,0.016623715144150397,0.2014834691970036,8.23170706000019,8.276931008999782
basketball-1080p,1920,1080,42,1,python,decode,throughput,throughput_fps,10,21.66285361590966,0.050860626697048696,0.2347826726747374,21.599356649877027,21.747405506958398
basketball-1080p,1920,1080,42,1,python,encode,memory,process_peak_rss_mib,10,1282.10859375,0.9666858188880377,0.07539812334153444,1279.95703125,1282.80078125
basketball-1080p,1920,1080,42,1,python,encode,throughput,codec_seconds,10,8.50800449100159,0.013682930993476932,0.16082420981263648,8.493185198002266,8.539057895999804
basketball-1080p,1920,1080,42,1,python,encode,throughput,process_seconds,10,12.579745758700039,0.020747615620860204,0.16492873559476623,12.544375097999819,12.62398240799996
basketball-1080p,1920,1080,42,1,python,encode,throughput,throughput_fps,10,11.753664739082188,0.018870730120748188,0.16055188351596417,11.710893779844948,11.774145702547687
basketball-1080p,1920,1080,42,30,nvcr,decode,memory,process_peak_rss_mib,10,462.999609375,0.1400989630771589,0.03025898083721443,462.69921875,463.1796875
basketball-1080p,1920,1080,42,30,nvcr,decode,throughput,codec_seconds,10,2.2401234161,0.00323896738548196,0.144588791947942,2.233713162,2.244678436
basketball-1080p,1920,1080,42,30,nvcr,decode,throughput,process_seconds,10,3.5609591686998896,0.02652754944946554,0.744955170579807,3.5336992259999533,3.629065962999448
basketball-1080p,1920,1080,42,30,nvcr,decode,throughput,throughput_fps,10,44.64048167763297,0.0645995615763466,0.1447107180492501,44.54981096454922,44.76850550966132
basketball-1080p,1920,1080,42,30,nvcr,encode,memory,process_peak_rss_mib,10,464.375,0.14696824020335897,0.03164861161848914,464.1328125,464.55078125
basketball-1080p,1920,1080,42,30,nvcr,encode,throughput,codec_seconds,10,2.3931552789,0.0023039124434677356,0.09627091329095518,2.389865014,2.396511715
basketball-1080p,1920,1080,42,30,nvcr,encode,throughput,process_seconds,10,3.7332977715999847,0.0300085265583693,0.8038074751671497,3.6980196969999497,3.7699918200000866
basketball-1080p,1920,1080,42,30,nvcr,encode,throughput,throughput_fps,10,41.78587335876823,0.04022722719436647,0.09626992081505771,41.7273153200505,41.843367476486264
basketball-1080p,1920,1080,42,30,python,decode,memory,process_peak_rss_mib,10,1281.62890625,0.14213597967703323,0.011090260135667352,1281.40234375,1281.91015625
basketball-1080p,1920,1080,42,30,python,decode,throughput,codec_seconds,10,2.2845255057000258,0.001039059734516547,0.04548251844525402,2.2831858749996172,2.285953774005975
basketball-1080p,1920,1080,42,30,python,decode,throughput,process_seconds,10,5.735591831499869,0.020964016402828585,0.3655074666871204,5.710310441000047,5.760815154000056
basketball-1080p,1920,1080,42,30,python,decode,throughput,throughput_fps,10,43.77277398267063,0.019909725187209192,0.045484266533099615,43.74541652465568,43.7984489545849
basketball-1080p,1920,1080,42,30,python,encode,memory,process_peak_rss_mib,10,1288.855859375,2.164596311831981,0.1679471211685107,1285.15625,1291.9296875
basketball-1080p,1920,1080,42,30,python,encode,throughput,codec_seconds,10,4.939292599798728,0.017699606927795503,0.3583429523595494,4.908246717986913,4.960338242998432
basketball-1080p,1920,1080,42,30,python,encode,throughput,process_seconds,10,8.697229572399738,0.025438304488473153,0.292487444153486,8.65540163499827,8.72793953299879
basketball-1080p,1920,1080,42,30,python,encode,throughput,throughput_fps,10,20.24604829636392,0.07260243600608762,0.35860052758605054,20.159915534218058,20.373873960641976
basketball-1080p,1920,1080,42,100,nvcr,decode,memory,process_peak_rss_mib,10,462.997265625,0.09120254931837234,0.019698291132509826,462.8203125,463.1015625
basketball-1080p,1920,1080,42,100,nvcr,decode,throughput,codec_seconds,10,2.1312586787,0.0016553955310096185,0.07767220129371424,2.127885716,2.133812675
basketball-1080p,1920,1080,42,100,nvcr,decode,throughput,process_seconds,10,3.4546880397999304,0.03239687843155348,0.9377656696733075,3.414366285000142,3.4973434390003604
basketball-1080p,1920,1080,42,100,nvcr,decode,throughput,throughput_fps,10,46.92065553726812,0.036462664505216215,0.07771132795929218,46.86446995634235,46.99500506445431
basketball-1080p,1920,1080,42,100,nvcr,encode,memory,process_peak_rss_mib,10,461.17265625,0.18380879102476602,0.03985682770513695,460.8984375,461.51171875
basketball-1080p,1920,1080,42,100,nvcr,encode,throughput,codec_seconds,10,2.2713696391,0.0021993052994677344,0.09682727380027761,2.266324338,2.274763945
basketball-1080p,1920,1080,42,100,nvcr,encode,throughput,process_seconds,10,3.6053003897998908,0.021232506723721085,0.5889247615480822,3.572208832999422,3.6372867909999513
basketball-1080p,1920,1080,42,100,nvcr,encode,throughput,throughput_fps,10,44.0263366780665,0.042665714378768586,0.09690952642903908,43.96060532777611,44.12431103671976
basketball-1080p,1920,1080,42,100,python,decode,memory,process_peak_rss_mib,10,1281.49140625,0.12623897693214645,0.009850942137923249,1281.26953125,1281.65625
basketball-1080p,1920,1080,42,100,python,decode,throughput,codec_seconds,10,2.208890424001811,0.0010909872824905959,0.049390738021040985,2.2064222500066535,2.210075879991564
basketball-1080p,1920,1080,42,100,python,decode,throughput,process_seconds,10,5.652258393699765,0.020278086801826026,0.3587607888632409,5.6278060719999985,5.691029560000061
basketball-1080p,1920,1080,42,100,python,decode,throughput,throughput_fps,10,45.27160826083621,0.02237170955982615,0.049416644160131556,45.24731521905108,45.32224056374452
basketball-1080p,1920,1080,42,100,python,encode,memory,process_peak_rss_mib,10,1286.280078125,3.001593865742546,0.23335461046072833,1283.91015625,1290.5625
basketball-1080p,1920,1080,42,100,python,encode,throughput,codec_seconds,10,4.848865481100245,0.029163465084570562,0.6014492503090259,4.823744790001001,4.923837218999324
basketball-1080p,1920,1080,42,100,python,encode,throughput,process_seconds,10,8.60755447369969,0.03356115375309042,0.3899034720678939,8.573478910999256,8.687136501999703
basketball-1080p,1920,1080,42,100,python,encode,throughput,throughput_fps,10,20.62404531812221,0.12273638417087883,0.5951130453686077,20.30936352122605,20.730781654802108
basketball-1080p,1920,1080,63,1,nvcr,decode,memory,process_peak_rss_mib,10,487.588671875,0.13951201633487675,0.028612645121222705,487.33203125,487.765625
basketball-1080p,1920,1080,63,1,nvcr,decode,throughput,codec_seconds,10,5.6803051733,0.009289599696440509,0.16354050377620244,5.663458225,5.701016917
basketball-1080p,1920,1080,63,1,nvcr,decode,throughput,process_seconds,10,7.327059503099872,0.022838120379945457,0.31169557679016113,7.288523664999957,7.376322393999999
basketball-1080p,1920,1080,63,1,nvcr,decode,throughput,throughput_fps,10,17.60473028156317,0.028764999594174435,0.16339358305477156,17.540730268981942,17.65705617083456
basketball-1080p,1920,1080,63,1,nvcr,encode,memory,process_peak_rss_mib,10,467.10703125,0.4894004534319972,0.104772658232598,466.4921875,467.62890625
basketball-1080p,1920,1080,63,1,nvcr,encode,throughput,codec_seconds,10,6.1917925809,0.004806413190219779,0.07762555233271637,6.186899979,6.200260338
basketball-1080p,1920,1080,63,1,nvcr,encode,throughput,process_seconds,10,7.902876512599891,0.0221895159084068,0.2807777126851105,7.8736174019995815,7.939360464999481
basketball-1080p,1920,1080,63,1,nvcr,encode,throughput,throughput_fps,10,16.150420561359237,0.012531924924220223,0.07759503770572723,16.12835502843687,16.16318355548447
basketball-1080p,1920,1080,63,1,python,decode,memory,process_peak_rss_mib,10,1278.493359375,0.5972633682783832,0.0467161885432365,1277.79296875,1279.265625
basketball-1080p,1920,1080,63,1,python,decode,throughput,codec_seconds,10,4.710762503300112,0.013205911593475717,0.280334905107705,4.692738023996753,4.724295123993215
basketball-1080p,1920,1080,63,1,python,decode,throughput,process_seconds,10,8.35601091639985,0.02602332807667482,0.3114324327365391,8.316424611000002,8.396031154999946
basketball-1080p,1920,1080,63,1,python,decode,throughput,throughput_fps,10,21.22813612531193,0.05954190505888305,0.28048578880124425,21.16717888603769,21.309521112970867
basketball-1080p,1920,1080,63,1,python,encode,memory,process_peak_rss_mib,10,1283.561328125,1.7570417388125,0.13688802399330233,1280.64453125,1287.09765625
basketball-1080p,1920,1080,63,1,python,encode,throughput,codec_seconds,10,8.537704713398512,0.0730375923470592,0.8554710522189741,8.484728583995093,8.738557445001788
basketball-1080p,1920,1080,63,1,python,encode,throughput,process_seconds,10,12.618922855900166,0.08689072542993605,0.6885748207051523,12.547798453000723,12.858541224999499
basketball-1080p,1920,1080,63,1,python,encode,throughput,throughput_fps,10,11.713507051824916,0.09834364055361462,0.8395746902998884,11.443536376498528,11.785880834023605
basketball-1080p,1920,1080,63,30,nvcr,decode,memory,process_peak_rss_mib,10,463.590625,0.14709277590086545,0.03172902297169306,463.3046875,463.81640625
basketball-1080p,1920,1080,63,30,nvcr,decode,throughput,codec_seconds,10,2.2547187016,0.0026807700705916322,0.11889598772074302,2.250483921,2.259736936
basketball-1080p,1920,1080,63,30,nvcr,decode,throughput,process_seconds,10,3.5885013919999325,0.033425660396066384,0.931465721891157,3.5500152369995703,3.6379769060004037
basketball-1080p,1920,1080,63,30,nvcr,decode,throughput,throughput_fps,10,44.35148702563344,0.05273800878460678,0.11890922339114866,44.252938652678644,44.43488756656618
basketball-1080p,1920,1080,63,30,nvcr,encode,memory,process_peak_rss_mib,10,464.500390625,0.11004645705566114,0.023691359421160043,464.3203125,464.64453125
basketball-1080p,1920,1080,63,30,nvcr,encode,throughput,codec_seconds,10,2.3918437324,0.0025460621565099005,0.1064476797551969,2.388450655,2.396388056
basketball-1080p,1920,1080,63,30,nvcr,encode,throughput,process_seconds,10,3.7410343291999197,0.018807968225473978,0.5027478117127132,3.707888165999975,3.760289333999026
basketball-1080p,1920,1080,63,30,nvcr,encode,throughput,throughput_fps,10,41.80879401356097,0.04447852875312859,0.106385581795786,41.729468543136484,41.86814569129124
basketball-1080p,1920,1080,63,30,python,decode,memory,process_peak_rss_mib,10,1283.226171875,0.1541685362006576,0.01201413590056323,1282.96484375,1283.5390625
basketball-1080p,1920,1080,63,30,python,decode,throughput,codec_seconds,10,2.290082927098035,0.0021569261557303886,0.09418550438536386,2.2870020139980625,2.292927586001042
basketball-1080p,1920,1080,63,30,python,decode,throughput,process_seconds,10,5.735341984600074,0.021724244467101583,0.37877853710263826,5.706792019999739,5.772441531000368
basketball-1080p,1920,1080,63,30,python,decode,throughput,throughput_fps,10,43.66657585879145,0.041138309241048644,0.09421006440734285,43.61236726817179,43.72536595417476
basketball-1080p,1920,1080,63,30,python,encode,memory,process_peak_rss_mib,10,1287.9046875,2.004588648835882,0.15564728262050698,1284.34375,1292.3125
basketball-1080p,1920,1080,63,30,python,encode,throughput,codec_seconds,10,4.950535464401537,0.020224714974919112,0.4085359072842042,4.925590746001944,4.996186745003797
basketball-1080p,1920,1080,63,30,python,encode,throughput,process_seconds,10,8.710674964899999,0.036680110048161546,0.4210937751203605,8.66607094399933,8.796805465000944
basketball-1080p,1920,1080,63,30,python,encode,throughput,throughput_fps,10,20.200137268687453,0.08218495917801055,0.4068534687900698,20.01526466159423,20.302133318966675
basketball-1080p,1920,1080,63,100,nvcr,decode,memory,process_peak_rss_mib,10,463.321484375,0.16916112229856192,0.036510528435078446,463.01953125,463.6640625
basketball-1080p,1920,1080,63,100,nvcr,decode,throughput,codec_seconds,10,2.1418318614,0.0017421901068998252,0.0813411238434491,2.13946233,2.145018313
basketball-1080p,1920,1080,63,100,nvcr,decode,throughput,process_seconds,10,3.4619296276001252,0.029983037350597527,0.8660787646160887,3.4229312100001152,3.4959636900002806
basketball-1080p,1920,1080,63,100,nvcr,decode,throughput,throughput_fps,10,46.68903349793513,0.03796234989039561,0.0813089221306638,46.619648603438286,46.7407154581684
basketball-1080p,1920,1080,63,100,nvcr,encode,memory,process_peak_rss_mib,10,461.19609375,0.16598166523578575,0.03598939095216172,460.96484375,461.51953125
basketball-1080p,1920,1080,63,100,nvcr,encode,throughput,codec_seconds,10,2.2708454397,0.0022353950788304216,0.09843889151371475,2.267694142,2.274688062
basketball-1080p,1920,1080,63,100,nvcr,encode,throughput,process_seconds,10,3.609956530999784,0.020032231815914556,0.5549161504824711,3.5803368220003904,3.64826428699962
basketball-1080p,1920,1080,63,100,nvcr,encode,throughput,throughput_fps,10,44.03650087335351,0.043337426730736366,0.09841251205533419,43.962071842095064,44.097657681385854
basketball-1080p,1920,1080,63,100,python,decode,memory,process_peak_rss_mib,10,1282.813671875,0.1959715443410248,0.015276695956520852,1282.45703125,1283.02734375
basketball-1080p,1920,1080,63,100,python,decode,throughput,codec_seconds,10,2.210517864102826,0.001677755350940929,0.07589874654199516,2.2077454989957914,2.2132493799963413
basketball-1080p,1920,1080,63,100,python,decode,throughput,process_seconds,10,5.648211873600007,0.020674037113851962,0.36602800278231995,5.617626905999941,5.686556620999909
basketball-1080p,1920,1080,63,100,python,decode,throughput,throughput_fps,10,45.238291656380426,0.0343368423810147,0.07590216412642058,45.182436694126764,45.29507592495861
basketball-1080p,1920,1080,63,100,python,encode,memory,process_peak_rss_mib,10,1287.6328125,2.731580293045114,0.21213969281674497,1283.93359375,1290.65234375
basketball-1080p,1920,1080,63,100,python,encode,throughput,codec_seconds,10,4.8435711301984155,0.013755543259915962,0.2839958966258119,4.82646606900289,4.860672537003438
basketball-1080p,1920,1080,63,100,python,encode,throughput,process_seconds,10,8.608099051700037,0.015476454110125718,0.17978945197045834,8.585192664000715,8.627384407000136
basketball-1080p,1920,1080,63,100,python,encode,throughput,throughput_fps,10,20.646073567257826,0.05863359364312289,0.28399391996795303,20.57328471291117,20.71909313570689
basketball-360p,640,360,0,1,nvcr,decode,memory,process_peak_rss_mib,10,549.352734375,0.15373463623694644,0.027984685725074388,549.015625,549.5703125
basketball-360p,640,360,0,1,nvcr,decode,throughput,codec_seconds,10,0.6199850999000001,0.0004961632247058644,0.08002824983792232,0.619125581,0.620604015
basketball-360p,640,360,0,1,nvcr,decode,throughput,process_seconds,10,1.793903496099881,0.01287452486900467,0.7176821326785486,1.7634813380000196,1.805458943999838
basketball-360p,640,360,0,1,nvcr,decode,throughput,throughput_fps,10,161.29429188597337,0.12914262782139863,0.08006645883829275,161.13334361847467,161.51812018247068
basketball-360p,640,360,0,1,nvcr,encode,memory,process_peak_rss_mib,10,547.097265625,0.125628438705355,0.022962724655886918,546.82421875,547.25390625
basketball-360p,640,360,0,1,nvcr,encode,throughput,codec_seconds,10,0.636890642,0.006146115889099647,0.9650190289810612,0.633435833,0.650785498
basketball-360p,640,360,0,1,nvcr,encode,throughput,process_seconds,10,1.8230052380998019,0.0212860872442761,1.167637195955812,1.7938259019992984,1.8640174960000877
basketball-360p,640,360,0,1,nvcr,encode,throughput,throughput_fps,10,157.02579664483525,1.49335789672654,0.9510271105990648,153.66046156117633,157.869187043607
basketball-360p,640,360,0,1,python,decode,memory,process_peak_rss_mib,10,1241.735546875,0.13046913984472694,0.010506998867276584,1241.53515625,1241.9765625
basketball-360p,640,360,0,1,python,decode,throughput,codec_seconds,10,0.653775639401647,0.0050150437282430755,0.7670894150832813,0.6475951559987152,0.661284181001065
basketball-360p,640,360,0,1,python,decode,throughput,process_seconds,10,3.8664022203001536,0.012202624339441775,0.31560669697976923,3.8503389840007003,3.8848384709999664
basketball-360p,640,360,0,1,python,decode,throughput,throughput_fps,10,152.96576848117863,1.1727348715372752,0.7666649101832035,151.22091662410256,154.417461393424
basketball-360p,640,360,0,1,python,encode,memory,process_peak_rss_mib,10,1265.384765625,0.18101534214179693,0.014305162118210715,1264.96484375,1265.609375
basketball-360p,640,360,0,1,python,encode,throughput,codec_seconds,10,0.974583692200531,0.0036596249046329235,0.3755064787067991,0.9669740350027496,0.9785353790048248
basketball-360p,640,360,0,1,python,encode,throughput,process_seconds,10,4.239532993799992,0.013142056308692007,0.30998830125656074,4.221447812000065,4.254812516999891
basketball-360p,640,360,0,1,python,encode,throughput,throughput_fps,10,102.60922040469781,0.38646466436482263,0.376637365375723,102.19354572718719,103.41539315449732
basketball-360p,640,360,0,30,nvcr,decode,memory,process_peak_rss_mib,10,546.9828125,0.12051412578568908,0.02203252516013729,546.7734375,547.13671875
basketball-360p,640,360,0,30,nvcr,decode,throughput,codec_seconds,10,0.2666351358,0.00037674977482669,0.14129787272645333,0.26615506,0.267333672
basketball-360p,640,360,0,30,nvcr,decode,throughput,process_seconds,10,1.4077161856999623,0.02657385594249121,1.8877282375834747,1.3803313910002544,1.4511557610003365
basketball-360p,640,360,0,30,nvcr,decode,throughput,throughput_fps,10,375.04501886522587,0.5294890028845299,0.14118011871924213,374.0643640281872,375.72082980500164
basketball-360p,640,360,0,30,nvcr,encode,memory,process_peak_rss_mib,10,546.82734375,0.10419595942295193,0.019054635912755035,546.69140625,546.953125
basketball-360p,640,360,0,30,nvcr,encode,throughput,codec_seconds,10,0.2602561865,0.005794936962151613,2.2266279392177344,0.258172466,0.276743395
basketball-360p,640,360,0,30,nvcr,encode,throughput,process_seconds,10,1.4083233444000824,0.03991580249077706,2.834278267806488,1.3704952049999974,1.4716064779995577
basketball-360p,640,360,0,30,nvcr,encode,throughput,throughput_fps,10,384.39917041913685,8.103291549736948,2.1080408526640086,361.3455706865199,387.33797429815775
basketball-360p,640,360,0,30,python,decode,memory,process_peak_rss_mib,10,1265.46953125,0.18645542362720371,0.01473409031373735,1265.26953125,1265.8828125
basketball-360p,640,360,0,30,python,decode,throughput,codec_seconds,10,0.36872814400214793,0.003980889114021427,1.0796271396083716,0.36238383399904706,0.37364558099216083
basketball-360p,640,360,0,30,python,decode,throughput,process_seconds,10,3.594665542399656,0.017156168956540714,0.4772674607465132,3.5770257939993826,3.6376791999996385
basketball-360p,640,360,0,30,python,decode,throughput,throughput_fps,10,271.23107286043296,2.939162801101329,1.0836379365035844,267.63330034431215,275.9504994923779
basketball-360p,640,360,0,30,python,encode,memory,process_peak_rss_mib,10,1271.578515625,0.19816878473097996,0.015584470978072246,1271.2578125,1271.9140625
basketball-360p,640,360,0,30,python,encode,throughput,codec_seconds,10,0.6722871120036473,0.004142623502102354,0.6161985598319606,0.6658194470091985,0.6771195920018727
basketball-360p,640,360,0,30,python,encode,throughput,process_seconds,10,3.9427420482998854,0.013903958839866573,0.35264693123563523,3.921287115999803,3.9733088379998662
basketball-360p,640,360,0,30,python,encode,throughput,throughput_fps,10,148.75106384498335,0.9181375096279447,0.6172308862172275,147.68439900602291,150.19086698231942
basketball-360p,640,360,0,100,nvcr,decode,memory,process_peak_rss_mib,10,546.95390625,0.10839091018033857,0.01981719280944226,546.796875,547.125
basketball-360p,640,360,0,100,nvcr,decode,throughput,codec_seconds,10,0.2550279546,0.0005113297959354388,0.20049950866658398,0.254492108,0.256015231
basketball-360p,640,360,0,100,nvcr,decode,throughput,process_seconds,10,1.3932744436002054,0.027719918826893623,1.9895519475162171,1.3613899740003035,1.4326191020008991
basketball-360p,640,360,0,100,nvcr,decode,throughput,throughput_fps,10,392.11529368692516,0.7851355094095137,0.20023077958198335,390.6017607210252,392.93949343214996
basketball-360p,640,360,0,100,nvcr,encode,memory,process_peak_rss_mib,10,546.633984375,0.10985525144266545,0.020096674298117352,546.40625,546.84375
basketball-360p,640,360,0,100,nvcr,encode,throughput,codec_seconds,10,0.24617869,0.00020823813391830705,0.08458820457542732,0.245883146,0.246547231
basketball-360p,640,360,0,100,nvcr,encode,throughput,process_seconds,10,1.3826575984000442,0.02369869829227331,1.7139961708304712,1.3509638710002037,1.4210269839999228
basketball-360p,640,360,0,100,nvcr,encode,throughput,throughput_fps,10,406.2092636457169,0.34357136103233943,0.08457989311932376,405.6017972475221,406.697252848717
basketball-360p,640,360,0,100,python,decode,memory,process_peak_rss_mib,10,1265.32578125,0.322555241285203,0.025491873007325794,1264.84375,1265.70703125
basketball-360p,640,360,0,100,python,decode,throughput,codec_seconds,10,0.35795253680001904,0.002453309609724827,0.685372879783624,0.3540484910010946,0.3619358549976823
basketball-360p,640,360,0,100,python,decode,throughput,process_seconds,10,3.590393311000048,0.020587577807058,0.5734073128975291,3.5603784589998213,3.63818284700028
basketball-360p,640,360,0,100,python,decode,throughput,throughput_fps,10,279.37846938175113,1.9166623180126936,0.6860451065732301,276.29205180746834,282.44718602596964
basketball-360p,640,360,0,100,python,encode,memory,process_peak_rss_mib,10,1271.41640625,0.1703610723295606,0.01339931367033676,1271.109375,1271.6875
basketball-360p,640,360,0,100,python,encode,throughput,codec_seconds,10,0.6611931328025775,0.003975981704589934,0.6013343919252566,0.655801200001406,0.6680682820033326
basketball-360p,640,360,0,100,python,encode,throughput,process_seconds,10,3.9295878140000466,0.007713319355931469,0.1962882551816509,3.9191424299999653,3.942016173000411
basketball-360p,640,360,0,100,python,encode,throughput,throughput_fps,10,151.24665725455264,0.9085630319963082,0.6007161073762902,149.68529818558451,152.4852348543821
basketball-360p,640,360,21,1,nvcr,decode,memory,process_peak_rss_mib,10,549.3390625,0.09056361666361633,0.016485923329658782,549.15625,549.48046875
basketball-360p,640,360,21,1,nvcr,decode,throughput,codec_seconds,10,0.6244518575,0.0027117802156333038,0.4342656976776314,0.623198803,0.632093065
basketball-360p,640,360,21,1,nvcr,decode,throughput,process_seconds,10,1.798260407800035,0.010714890772758291,0.5958475605803237,1.7739771559990913,1.814122666000003
basketball-360p,640,360,21,1,nvcr,decode,throughput,throughput_fps,10,160.14313725701396,0.6881616391910326,0.42971659665103284,158.2045517300526,160.46243914239355
basketball-360p,640,360,21,1,nvcr,encode,memory,process_peak_rss_mib,10,547.128125,0.07097966655483887,0.012973134319285609,546.97265625,547.23046875
basketball-360p,640,360,21,1,nvcr,encode,throughput,codec_seconds,10,0.6357324979,0.004587082624019873,0.7215428877982916,0.633479591,0.648720728
basketball-360p,640,360,21,1,nvcr,encode,throughput,process_seconds,10,1.8245519063000528,0.03165760281513511,1.735089185778907,1.7737659449999228,1.8848600749997786
basketball-360p,640,360,21,1,nvcr,encode,throughput,throughput_fps,10,157.30610559624444,1.115077647476451,0.7088584662686307,154.1495372104096,157.85828213051303
basketball-360p,640,360,21,1,python,decode,memory,process_peak_rss_mib,10,1241.8859375,0.19308451458961062,0.015547685077930971,1241.51171875,1242.19140625
basketball-360p,640,360,21,1,python,decode,throughput,codec_seconds,10,0.6555243012995675,0.004359846302403606,0.6650930093301306,0.6487232339914044,0.6637076829998705
basketball-360p,640,360,21,1,python,decode,throughput,process_seconds,10,3.8732057225000176,0.019066446940089854,0.4922652785864195,3.852281443998436,3.9203377090002505
basketball-360p,640,360,21,1,python,decode,throughput,throughput_fps,10,152.55570534292227,1.0123375679598419,0.6635855182762647,150.66873950895564,154.14894173703203
basketball-360p,640,360,21,1,python,encode,memory,process_peak_rss_mib,10,1265.22265625,0.2297725182789491,0.01816063893133032,1264.9140625,1265.515625
basketball-360p,640,360,21,1,python,encode,throughput,codec_seconds,10,0.9746442246972947,0.0038010733606343937,0.3899959866704112,0.9691725289976603,0.9792762399883941
basketball-360p,640,360,21,1,python,encode,throughput,process_seconds,10,4.256296011600045,0.020663927413826413,0.4854908436234053,4.231262925999545,4.286442375000206
basketball-360p,640,360,21,1,python,encode,throughput,throughput_fps,10,102.60294697407201,0.4003871845045066,0.39022971202346196,102.11623229129418,103.18080321923922
basketball-360p,640,360,21,30,nvcr,decode,memory,process_peak_rss_mib,10,546.937890625,0.16065249592401165,0.029373078493506805,546.66796875,547.21875
basketball-360p,640,360,21,30,nvcr,decode,throughput,codec_seconds,10,0.2676275863,0.0008672467817620761,0.32404984618810057,0.266979865,0.270022704
basketball-360p,640,360,21,30,nvcr,decode,throughput,process_seconds,10,1.41731678649993,0.03403525681981282,2.401386700842162,1.3806246499998451,1.4598952870001085
basketball-360p,640,360,21,30,nvcr,decode,throughput,throughput_fps,10,373.65706438072095,1.2020759930974672,0.3217056781971252,370.3392289560955,374.56008152524913
basketball-360p,640,360,21,30,nvcr,encode,memory,process_peak_rss_mib,10,546.819140625,0.13006567706121536,0.02378586764767482,546.55078125,547.046875
basketball-360p,640,360,21,30,nvcr,encode,throughput,codec_seconds,10,0.2584920273,0.00022571436146305514,0.08731966081147105,0.258071521,0.258864492
basketball-360p,640,360,21,30,nvcr,encode,throughput,process_seconds,10,1.3940556488999618,0.03976788531770121,2.852675597927653,1.3609019440000338,1.4818479279999792
basketball-360p,640,360,21,30,nvcr,encode,throughput,throughput_fps,10,386.85939243114024,0.33783903846401303,0.08732863802037515,386.3024983743232,387.4894820339358
basketball-360p,640,360,21,30,python,decode,memory,process_peak_rss_mib,10,1265.236328125,0.1963708305539494,0.015520486267174966,1265.01171875,1265.64453125
basketball-360p,640,360,21,30,python,decode,throughput,codec_seconds,10,0.3685439495001447,0.003505015287988541,0.951044045830188,0.3632880290024332,0.3733706780021748
basketball-360p,640,360,21,30,python,decode,throughput,process_seconds,10,3.59111747030031,0.01023641579510785,0.28504820239845347,3.5795844880012737,3.608995897000568
basketball-360p,640,360,21,30,python,decode,throughput,throughput_fps,10,271.36013288529557,2.5789402413233256,0.9503755079650733,267.8303516898494,275.2636806519442
basketball-360p,640,360,21,30,python,encode,memory,process_peak_rss_mib,10,1271.6625,0.1469936171434079,0.011559168973167637,1271.35546875,1271.828125
basketball-360p,640,360,21,30,python,encode,throughput,codec_seconds,10,0.6772334575994933,0.004099363386578644,0.6053102280429494,0.673579404998236,0.6861114829971484
basketball-360p,640,360,21,30,python,encode,throughput,process_seconds,10,3.9510120864002376,0.009324388524184697,0.23600000000709023,3.939764349000143,3.968314244000794
basketball-360p,640,360,21,30,python,encode,throughput,throughput_fps,10,147.66440326084398,0.8875149898808815,0.6010351650648785,145.7489088554077,148.46059611971344
basketball-360p,640,360,21,100,nvcr,decode,memory,process_peak_rss_mib,10,546.985546875,0.0991474686533377,0.018126158765945494,546.77734375,547.0703125
basketball-360p,640,360,21,100,nvcr,decode,throughput,codec_seconds,10,0.2560124978,0.0004789454213679114,0.18707892211655588,0.255447811,0.256769136
basketball-360p,640,360,21,100,nvcr,decode,throughput,process_seconds,10,1.4032407640000883,0.026999693053442242,1.9240955469734728,1.3717273050006042,1.4614681940001901
basketball-360p,640,360,21,100,nvcr,decode,throughput,throughput_fps,10,390.60716037925704,0.7302792166584203,0.1869600178218344,389.45490707263195,391.4693948972614
basketball-360p,640,360,21,100,nvcr,encode,memory,process_peak_rss_mib,10,546.553125,0.15053795317866595,0.02754315112161621,546.296875,546.74609375
basketball-360p,640,360,21,100,nvcr,encode,throughput,codec_seconds,10,0.2484480504,0.007134842559695544,2.871764358065393,0.245969502,0.268745733
basketball-360p,640,360,21,100,nvcr,encode,throughput,process_seconds,10,1.3782282599001292,0.015986438509572203,1.159926767916559,1.351587679999966,1.4007656080002562
basketball-360p,640,360,21,100,nvcr,encode,throughput,throughput_fps,10,402.7773677834412,10.784635526928941,2.6775674080891876,372.098931148425,406.5544678787047
basketball-360p,640,360,21,100,python,decode,memory,process_peak_rss_mib,10,1265.187109375,0.15140547510838284,0.011967042185813672,1264.890625,1265.37890625
basketball-360p,640,360,21,100,python,decode,throughput,codec_seconds,10,0.3596058919015036,0.005126581831970244,1.4256111891999865,0.3523583010037328,0.3675009860035061
basketball-360p,640,360,21,100,python,decode,throughput,process_seconds,10,3.595652339399737,0.0358259501327907,0.9963685793596923,3.5679436339996755,3.6888949409994893
basketball-360p,640,360,21,100,python,decode,throughput,throughput_fps,10,278.1329698895143,3.9567415220034468,1.4226078711830623,272.10811347060155,283.80202684352435
basketball-360p,640,360,21,100,python,encode,memory,process_peak_rss_mib,10,1271.561328125,0.13977911584399322,0.010992715235379692,1271.29296875,1271.765625
basketball-360p,640,360,21,100,python,encode,throughput,codec_seconds,10,0.6640661282006931,0.005072189107142286,0.7638078335489771,0.6553918840018014,0.6710945369995898
basketball-360p,640,360,21,100,python,encode,throughput,process_seconds,10,3.9289508672998634,0.013355087779054605,0.3399148584475115,3.8992881039998792,3.9444124070000726
basketball-360p,640,360,21,100,python,encode,throughput,throughput_fps,10,150.59534360368255,1.1537586546876364,0.7661316924406042,149.01030255303826,152.58046741348593
basketball-360p,640,360,42,1,nvcr,decode,memory,process_peak_rss_mib,10,549.755078125,0.05349803923344216,0.009731249671381498,549.671875,549.83984375
basketball-360p,640,360,42,1,nvcr,decode,throughput,codec_seconds,10,0.6367135122,0.0004817580189947301,0.07566323154194403,0.636206495,0.63733929
basketball-360p,640,360,42,1,nvcr,decode,throughput,process_seconds,10,1.8110640534999902,0.019445100286298575,1.073683741263582,1.7843599970001378,1.853774458000089
basketball-360p,640,360,42,1,nvcr,decode,throughput,throughput_fps,10,157.05658761276763,0.1188080910872045,0.07564667798598358,156.9022992447241,157.18167102333652
basketball-360p,640,360,42,1,nvcr,encode,memory,process_peak_rss_mib,10,546.953515625,0.08643813299408701,0.01580356109336179,546.78125,547.05078125
basketball-360p,640,360,42,1,nvcr,encode,throughput,codec_seconds,10,0.6343955733,0.0005228776898717017,0.08242139634609927,0.633504135,0.635162069
basketball-360p,640,360,42,1,nvcr,encode,throughput,process_seconds,10,1.8112288995000427,0.022193809153979706,1.2253453530973313,1.78389531300013,1.8544148990004032
basketball-360p,640,360,42,1,nvcr,encode,throughput,throughput_fps,10,157.63045230785406,0.1299675137516361,0.08245076496881965,157.44013202400473,157.85216618988602
basketball-360p,640,360,42,1,python,decode,memory,process_peak_rss_mib,10,1242.289453125,0.14450720051414057,0.01163232933762983,1242.046875,1242.49609375
basketball-360p,640,360,42,1,python,decode,throughput,codec_seconds,10,0.674811138402805,0.004306023962822967,0.6381080153796508,0.6652207860024646,0.6799276590003842
basketball-360p,640,360,42,1,python,decode,throughput,process_seconds,10,3.8818889753000634,0.013456602118518561,0.34665087549234685,3.8532662490000007,3.8991146009993827
basketball-360p,640,360,42,1,python,decode,throughput,throughput_fps,10,148.19507966840735,0.9522840687044394,0.6425881823034979,147.0744698737774,150.3260302506986
basketball-360p,640,360,42,1,python,encode,memory,process_peak_rss_mib,10,1265.342578125,0.21696826777416126,0.01714699809561988,1265.03515625,1265.68359375
basketball-360p,640,360,42,1,python,encode,throughput,codec_seconds,10,0.9743723322008065,0.005662588617058366,0.5811524434677168,0.9653105730139941,0.9811667210033193
basketball-360p,640,360,42,1,python,encode,throughput,process_seconds,10,4.244000600999948,0.017759189513289707,0.41845398205422935,4.231709892000254,4.284478964999835
basketball-360p,640,360,42,1,python,encode,throughput,throughput_fps,10,102.63330129986772,0.598308795124719,0.5829577608310745,101.91947796368616,103.5936027176927
basketball-360p,640,360,42,30,nvcr,decode,memory,process_peak_rss_mib,10,547.06015625,0.117320526348878,0.02144563536724907,546.87890625,547.23828125
basketball-360p,640,360,42,30,nvcr,decode,throughput,codec_seconds,10,0.26997979,0.0007874008057901019,0.291651758744646,0.269456563,0.272074346
basketball-360p,640,360,42,30,nvcr,decode,throughput,process_seconds,10,1.4154116590997545,0.035449591274751314,2.504542833658608,1.370991290999882,1.4621125829999073
basketball-360p,640,360,42,30,nvcr,decode,throughput,throughput_fps,10,370.40091456426114,1.0740433137767962,0.2899677812729751,367.54659698786884,371.11732921495036
basketball-360p,640,360,42,30,nvcr,encode,memory,process_peak_rss_mib,10,546.962890625,0.11514790482162074,0.02105223348700024,546.80078125,547.14453125
basketball-360p,640,360,42,30,nvcr,encode,throughput,codec_seconds,10,0.258338898,0.0001983410953119807,0.07677554439052407,0.258111574,0.258789549
basketball-360p,640,360,42,30,nvcr,encode,throughput,process_seconds,10,1.4041178168998385,0.031890595039162785,2.271219313317614,1.3606037289991946,1.4519917359993997
basketball-360p,640,360,42,30,nvcr,encode,throughput,throughput_fps,10,387.08864125154605,0.2969590441850226,0.07671603155930543,386.414367915607,387.42935254813483
basketball-360p,640,360,42,30,python,decode,memory,process_peak_rss_mib,10,1265.381640625,0.3300315086658236,0.026081578716663986,1264.66015625,1265.95703125
basketball-360p,640,360,42,30,python,decode,throughput,codec_seconds,10,0.3688133763993619,0.003708535634818212,1.0055317599984501,0.36289779199523764,0.37359636499968474
basketball-360p,640,360,42,30,python,decode,throughput,process_seconds,10,3.595366848100093,0.00771557476568879,0.21459770564903405,3.586697242999435,3.609290625999847
basketball-360p,640,360,42,30,python,decode,throughput,throughput_fps,10,271.16457685917845,2.7334551269143583,1.0080428493187368,267.66855721437327,275.5596815571485
basketball-360p,640,360,42,30,python,encode,memory,process_peak_rss_mib,10,1271.696484375,0.2417183656312034,0.01900755161322952,1271.3203125,1272.09765625
basketball-360p,640,360,42,30,python,encode,throughput,codec_seconds,10,0.6752492199990456,0.004680543124342476,0.6931578720445011,0.6685785579902586,0.6844460480015186
basketball-360p,640,360,42,30,python,encode,throughput,process_seconds,10,3.9486968618002267,0.01740292518575466,0.44072578358979414,3.9233052980007415,3.9713657190004596
basketball-360p,640,360,42,30,python,encode,throughput,throughput_fps,10,148.09985415939315,1.023416956747144,0.6910317113787883,146.1035538038173,149.5710545976813
basketball-360p,640,360,42,100,nvcr,decode,memory,process_peak_rss_mib,10,547.019140625,0.09949569697955744,0.018188704853339874,546.8515625,547.15625
basketball-360p,640,360,42,100,nvcr,decode,throughput,codec_seconds,10,0.2581260419,0.0004217199508911809,0.16337752974748607,0.257438809,0.258791623
basketball-360p,640,360,42,100,nvcr,decode,throughput,process_seconds,10,1.401643980600022,0.024617933721468067,1.756361391494687,1.3702225440010807,1.441237536000017
basketball-360p,640,360,42,100,nvcr,decode,throughput,throughput_fps,10,387.40856794622965,0.6329699390893065,0.16338563249771995,386.41127112526357,388.44182191660155
basketball-360p,640,360,42,100,nvcr,encode,memory,process_peak_rss_mib,10,546.574609375,0.08791618069820269,0.01608493683940671,546.44921875,546.6953125
basketball-360p,640,360,42,100,nvcr,encode,throughput,codec_seconds,10,0.2481892882,0.006320748625272347,2.5467451359862303,0.245907726,0.266169411
basketball-360p,640,360,42,100,nvcr,encode,throughput,process_seconds,10,1.3919999329000803,0.03211223427769487,2.3069134932206876,1.3508023070000945,1.4523642860003747
basketball-360p,640,360,42,100,nvcr,encode,throughput,throughput_fps,10,403.13938345637604,9.64667811266794,2.392889037523622,375.70057214425736,406.65660093981757
basketball-360p,640,360,42,100,python,decode,memory,process_peak_rss_mib,10,1265.308203125,0.2889536793101835,0.022836624199269316,1264.71484375,1265.76171875
basketball-360p,640,360,42,100,python,decode,throughput,codec_seconds,10,0.3599378625997588,0.003632487013805795,1.0091983620642384,0.3531388319997859,0.366108272002748
basketball-360p,640,360,42,100,python,decode,throughput,process_seconds,10,3.585197794299847,0.004251738602231993,0.11859146541348117,3.577505373999884,3.5898161790000813
basketball-360p,640,360,42,100,python,decode,throughput,throughput_fps,10,277.85124663975915,2.8093844581258494,1.0111109783028196,273.1432410771899,283.1747486780514
basketball-360p,640,360,42,100,python,encode,memory,process_peak_rss_mib,10,1271.525390625,0.21436776502712737,0.016859102193921425,1271.16796875,1271.75390625
basketball-360p,640,360,42,100,python,encode,throughput,codec_seconds,10,0.6666715453013239,0.001988835497584848,0.29832314152330125,0.6625390539984437,0.6689324370036047
basketball-360p,640,360,42,100,python,encode,throughput,process_seconds,10,3.9406675864998304,0.012715955048344505,0.322685300630471,3.9212896169999567,3.9625068139994255
basketball-360p,640,360,42,100,python,encode,throughput,throughput_fps,10,150.0001064589443,0.4484882102098958,0.29899192793749724,149.49192843441247,150.93449872350453
basketball-360p,640,360,63,1,nvcr,decode,memory,process_peak_rss_mib,10,549.383203125,0.13127751137757596,0.02389543594176953,549.125,549.51953125
basketball-360p,640,360,63,1,nvcr,decode,throughput,codec_seconds,10,0.6631823126,0.0005907321677419843,0.08907538040724042,0.66240315,0.66425261
basketball-360p,640,360,63,1,nvcr,decode,throughput,process_seconds,10,1.8320983150000756,0.027096070494962602,1.4789637801157784,1.8037392900000668,1.8738229890004732
basketball-360p,640,360,63,1,nvcr,decode,throughput,throughput_fps,10,150.78820632521723,0.13426575876159236,0.08904261283671644,150.54513673645934,150.9654656684528
basketball-360p,640,360,63,1,nvcr,encode,memory,process_peak_rss_mib,10,546.984765625,0.09795007879628233,0.017907277304946848,546.85546875,547.14453125
basketball-360p,640,360,63,1,nvcr,encode,throughput,codec_seconds,10,0.6345239215,0.0003895887250582352,0.06139858748544206,0.633901457,0.635252374
basketball-360p,640,360,63,1,nvcr,encode,throughput,process_seconds,10,1.8173826694999549,0.03483522380230075,1.9167797947520604,1.774560283000028,1.884545483999318
basketball-360p,640,360,63,1,nvcr,encode,throughput,throughput_fps,10,157.59852471608855,0.09675581498768177,0.06139385832575905,157.4177509488536,157.75322630312237
basketball-360p,640,360,63,1,python,decode,memory,process_peak_rss_mib,10,1242.974609375,0.1931411419281121,0.015538623272862227,1242.6953125,1243.30078125
basketball-360p,640,360,63,1,python,decode,throughput,codec_seconds,10,0.7039919636012997,0.006120796041151001,0.8694411808111869,0.6948967529996253,0.7166239029975259
basketball-360p,640,360,63,1,python,decode,throughput,process_seconds,10,3.9274428623000404,0.020239330451656462,0.5153309968156645,3.9027281839998977,3.9687378499997976
basketball-360p,640,360,63,1,python,decode,throughput,throughput_fps,10,142.05669516524384,1.229354350417866,0.8653969804012762,139.54321029722232,143.90627034640053
basketball-360p,640,360,63,1,python,encode,memory,process_peak_rss_mib,10,1265.363671875,0.15276550860220242,0.012072853994285803,1265.10546875,1265.609375
basketball-360p,640,360,63,1,python,encode,throughput,codec_seconds,10,0.9760083723968705,0.004736108649685684,0.4852528711464637,0.9688311919976513,0.9849806719994376
basketball-360p,640,360,63,1,python,encode,throughput,process_seconds,10,4.254970862000005,0.014188542590277419,0.3334580435553968,4.234371925000005,4.28048938899974
basketball-360p,640,360,63,1,python,encode,throughput,throughput_fps,10,102.46030637346443,0.4966317982145528,0.4847065325027882,101.5248347939736,103.21715570883728
basketball-360p,640,360,63,30,nvcr,decode,memory,process_peak_rss_mib,10,546.98359375,0.09608633948390721,0.017566585283693845,546.8359375,547.14453125
basketball-360p,640,360,63,30,nvcr,decode,throughput,codec_seconds,10,0.2779179951,0.00029256698784701406,0.10527097669287054,0.277475909,0.278395693
basketball-360p,640,360,63,30,nvcr,decode,throughput,process_seconds,10,1.4286435255002516,0.014612259884275898,1.022806573050425,1.3925143080014095,1.4418506499998784
basketball-360p,640,360,63,30,nvcr,decode,throughput,throughput_fps,10,359.8187287982759,0.378667673311776,0.10523845564583363,359.20095933380696,360.39164755020226
basketball-360p,640,360,63,30,nvcr,encode,memory,process_peak_rss_mib,10,546.985546875,0.06909757664098105,0.01263243188704794,546.8515625,547.078125
basketball-360p,640,360,63,30,nvcr,encode,throughput,codec_seconds,10,0.26030170539999997,0.0062638015704600545,2.406362094644984,0.258031849,0.278120288
basketball-360p,640,360,63,30,nvcr,encode,throughput,process_seconds,10,1.397290056700217,0.025650630119027965,1.83574126188255,1.3607618380010535,1.4422809850002523
basketball-360p,640,360,63,30,nvcr,encode,throughput,throughput_fps,10,384.35842735713925,8.719281579107003,2.26852878940656,359.5566534146549,387.54905794594373
basketball-360p,640,360,63,30,python,decode,memory,process_peak_rss_mib,10,1265.651953125,0.3474462439217966,0.027451958104589724,1264.9765625,1266.14453125
basketball-360p,640,360,63,30,python,decode,throughput,codec_seconds,10,0.3741047712999489,0.0027505602411341595,0.7352379472671364,0.3686283040096896,0.378106757997557
basketball-360p,640,360,63,30,python,decode,throughput,process_seconds,10,3.6001500766998786,0.015559731459246252,0.4321967453509402,3.569497247000072,3.627483163000079
basketball-360p,640,360,63,30,python,decode,throughput,throughput_fps,10,267.31784384494875,1.9717318340375993,0.7375982858747188,264.47556909481665,271.2759679934166
basketball-360p,640,360,63,30,python,encode,memory,process_peak_rss_mib,10,1271.515234375,0.18758542975676776,0.014752904620051476,1271.203125,1271.80078125
basketball-360p,640,360,63,30,python,encode,throughput,codec_seconds,10,0.6767891888006602,0.004311069279711782,0.6369884967210305,0.668209569006649,0.682857800002239
basketball-360p,640,360,63,30,python,encode,throughput,process_seconds,10,3.9565388976001485,0.022475533909086343,0.5680604814151821,3.92914047499994,4.0102929199999835
basketball-360p,640,360,63,30,python,encode,throughput,throughput_fps,10,147.76191787239512,0.945529240244207,0.6399004925347215,146.44337371510161,149.65364855319058
basketball-360p,640,360,63,100,nvcr,decode,memory,process_peak_rss_mib,10,547.01328125,0.11792591431640931,0.021558144629858438,546.796875,547.21484375
basketball-360p,640,360,63,100,nvcr,decode,throughput,codec_seconds,10,0.26533601230000003,0.0007044594845649925,0.2654971251201669,0.264602625,0.267069337
basketball-360p,640,360,63,100,nvcr,decode,throughput,process_seconds,10,1.4106993361001288,0.030748483814066634,2.1796624572795693,1.3708440969999174,1.4419303240001682
basketball-360p,640,360,63,100,nvcr,decode,throughput,throughput_fps,10,376.8829986611609,0.9967788260269429,0.264479647415219,374.43459860762675,377.9252000995833
basketball-360p,640,360,63,100,nvcr,encode,memory,process_peak_rss_mib,10,546.59296875,0.10100675943415316,0.018479337497726123,546.453125,546.7734375
basketball-360p,640,360,63,100,nvcr,encode,throughput,codec_seconds,10,0.2486016342,0.005211146521679903,2.096183534130567,0.245902138,0.259606927
basketball-360p,640,360,63,100,nvcr,encode,throughput,process_seconds,10,1.3974981603000969,0.02391558801971013,1.7113144545803574,1.3604082250003557,1.4294706689997838
basketball-360p,640,360,63,100,nvcr,encode,throughput,throughput_fps,10,402.4043834238215,8.184987421963047,2.0340204428992097,385.1977339572299,406.6658420025612
basketball-360p,640,360,63,100,python,decode,memory,process_peak_rss_mib,10,1265.520703125,0.45563261626055046,0.03600356873936862,1264.82421875,1266.37890625
basketball-360p,640,360,63,100,python,decode,throughput,codec_seconds,10,0.3648114593018136,0.0028184987406327197,0.7725905173118305,0.3598730140015505,0.367696416007675
basketball-360p,640,360,63,100,python,decode,throughput,process_seconds,10,3.5948606602000837,0.007494761639066953,0.20848545597452467,3.5864446420000604,3.6095827039998767
basketball-360p,640,360,63,100,python,decode,throughput,throughput_fps,10,274.12899561489866,2.1283970599798083,0.7764217189814604,271.9634884826092,277.875795375891
basketball-360p,640,360,63,100,python,encode,memory,process_peak_rss_mib,10,1271.67578125,0.10960726825903624,0.008619120523888349,1271.5,1271.81640625
basketball-360p,640,360,63,100,python,encode,throughput,codec_seconds,10,0.6708985735979468,0.010186160496109549,1.5182862055410877,0.6607771689973561,0.6967114070039315
basketball-360p,640,360,63,100,python,encode,throughput,process_seconds,10,3.9439983034998702,0.016523389857439955,0.4189502273055554,3.9297520279997116,3.9833572210000057
basketball-360p,640,360,63,100,python,encode,throughput,throughput_fps,10,149.08403853149542,2.2112781776882513,1.483242739779348,143.5314521833797,151.33694790293237
basketball-540p,960,540,0,1,nvcr,decode,memory,process_peak_rss_mib,10,547.209765625,0.0888866212343669,0.016243610187191074,547.1015625,547.40234375
basketball-540p,960,540,0,1,nvcr,decode,throughput,codec_seconds,10,1.2829337651,0.0012982376888388476,0.1011928849450505,1.280962506,1.285092203
basketball-540p,960,540,0,1,nvcr,decode,throughput,process_seconds,10,2.5048133089001796,0.027802500473263443,1.1099629810523102,2.4786907990001055,2.5501812020002035
basketball-540p,960,540,0,1,nvcr,decode,throughput,throughput_fps,10,77.94641848405249,0.07886061968790453,0.10117285851182384,77.81542815881515,78.06629743774873
basketball-540p,960,540,0,1,nvcr,encode,memory,process_peak_rss_mib,10,542.30859375,0.06889977372564038,0.012704901696136986,542.18359375,542.38671875
basketball-540p,960,540,0,1,nvcr,encode,throughput,codec_seconds,10,1.3151327191,0.0022858809511225376,0.173813708527217,1.312169344,1.320160634
basketball-540p,960,540,0,1,nvcr,encode,throughput,process_seconds,10,2.536507254599974,0.030823997436196147,1.2152142431407051,2.508498289000272,2.6098956790001466
basketball-540p,960,540,0,1,nvcr,encode,throughput,throughput_fps,10,76.03815948319829,0.13193892071674396,0.17351672056962103,75.74835775628802,76.20967557065562
basketball-540p,960,540,0,1,python,decode,memory,process_peak_rss_mib,10,1274.484375,0.2888864892061125,0.022666930632720586,1274.15625,1275.0625
basketball-540p,960,540,0,1,python,decode,throughput,codec_seconds,10,1.36718776990092,0.004462669566980345,0.32641233817530085,1.36148857200169,1.3753999579876108
basketball-540p,960,540,0,1,python,decode,throughput,process_seconds,10,4.679505654999991,0.02122220823102334,0.45351389218533555,4.643986337999991,4.711442228001033
basketball-540p,960,540,0,1,python,decode,throughput,throughput_fps,10,73.14354280032846,0.2383148708540569,0.3258180582045675,72.70612407631087,73.44901900496883
basketball-540p,960,540,0,1,python,encode,memory,process_peak_rss_mib,10,1278.159765625,0.2392536936295124,0.018718606238753033,1277.75,1278.52734375
basketball-540p,960,540,0,1,python,encode,throughput,codec_seconds,10,2.2386990267007376,0.002884018262173032,0.12882563612953937,2.234783878995586,2.2439733839992186
basketball-540p,960,540,0,1,python,encode,throughput,process_seconds,10,5.64739610200021,0.021209553424633324,0.3755634108455978,5.625925313001062,5.698409362999882
basketball-540p,960,540,0,1,python,encode,throughput,throughput_fps,10,44.66886707231509,0.057496444203163875,0.1287170415808443,44.56380842707661,44.747056276844354
basketball-540p,960,540,0,30,nvcr,decode,memory,process_peak_rss_mib,10,541.9453125,0.09028612407999852,0.01665963742051898,541.80078125,542.04296875
basketball-540p,960,540,0,30,nvcr,decode,throughput,codec_seconds,10,0.5044673901,0.00048444087927823485,0.09603016741720503,0.50360429,0.505127919
basketball-540p,960,540,0,30,nvcr,decode,throughput,process_seconds,10,1.6557521548999374,0.024449178884716177,1.4766206894167517,1.6222917579998466,1.702992857000936
basketball-540p,960,540,0,30,nvcr,decode,throughput,throughput_fps,10,198.22903319184735,0.19040592854042732,0.096053502090257,197.96965528646618,198.56860234451142
basketball-540p,960,540,0,30,nvcr,encode,memory,process_peak_rss_mib,10,541.74921875,0.12032546376766132,0.02221054679973386,541.609375,542.01171875
basketball-540p,960,540,0,30,nvcr,encode,throughput,codec_seconds,10,0.4794992427,0.001210317362133315,0.2524127786559516,0.478148341,0.481810492
basketball-540p,960,540,0,30,nvcr,encode,throughput,process_seconds,10,1.6167361349003329,0.01594109102955508,0.9860044991533392,1.5923241180007608,1.6333684729997913
basketball-540p,960,540,0,30,nvcr,encode,throughput,throughput_fps,10,208.5520969649019,0.5256285134132566,0.25203703106457703,207.55048231701855,209.14011704162746
basketball-540p,960,540,0,30,python,decode,memory,process_peak_rss_mib,10,1278.340625,0.21166605150829246,0.016557875684213075,1278.1171875,1278.8671875
basketball-540p,960,540,0,30,python,decode,throughput,codec_seconds,10,0.6233684180987893,0.003952883860343583,0.6341167992436125,0.6190842660016642,0.6310484359983093
basketball-540p,960,540,0,30,python,decode,throughput,process_seconds,10,3.892205027899911,0.017627882316159808,0.45290220298777933,3.8695378849997724,3.9216562120000162
basketball-540p,960,540,0,30,python,decode,throughput,throughput_fps,10,160.42455802316522,1.012767187600196,0.6313043339997565,158.4664413941562,161.5288992011488
basketball-540p,960,540,0,30,python,encode,memory,process_peak_rss_mib,10,1284.460546875,0.27401631446402586,0.02133318264470542,1283.921875,1284.8203125
basketball-540p,960,540,0,30,python,encode,throughput,codec_seconds,10,1.24027679609909,0.003404607068231364,0.2745038106767385,1.236993499998789,1.2478470559954076
basketball-540p,960,540,0,30,python,encode,throughput,process_seconds,10,4.5704865267000745,0.010241721610356639,0.22408383769487314,4.559090960000503,4.595203541000046
basketball-540p,960,540,0,30,python,encode,throughput,throughput_fps,10,80.62770870505595,0.2206918408958799,0.273717118395603,80.13802614634531,80.84116852683373
basketball-540p,960,540,0,100,nvcr,decode,memory,process_peak_rss_mib,10,541.976953125,0.09334130389375758,0.017222375113103677,541.859375,542.12109375
basketball-540p,960,540,0,100,nvcr,decode,throughput,codec_seconds,10,0.4791056765,0.0006212064397121408,0.12965958663863605,0.478418992,0.480090171
basketball-540p,960,540,0,100,nvcr,decode,throughput,process_seconds,10,1.6379398022001623,0.02652459274767317,1.619387520349894,1.591395815999931,1.6932449320001979
basketball-540p,960,540,0,100,nvcr,decode,throughput,throughput_fps,10,208.72253482311967,0.27052606245334626,0.12961037613049378,208.29420396527968,209.0218023786146
basketball-540p,960,540,0,100,nvcr,encode,memory,process_peak_rss_mib,10,540.97265625,0.0886756033540699,0.016391882718946555,540.8203125,541.1015625
basketball-540p,960,540,0,100,nvcr,encode,throughput,codec_seconds,10,0.4529276013,0.001258215995135531,0.277796272853361,0.452023023,0.455971947
basketball-540p,960,540,0,100,nvcr,encode,throughput,process_seconds,10,1.6026219718998846,0.019011882270901923,1.1862986159090043,1.5721992379999392,1.631116235999798
basketball-540p,960,540,0,100,nvcr,encode,throughput,throughput_fps,10,220.78736510053582,0.6108071116358682,0.27664948642225806,219.3117376144195,221.22766963575657
basketball-540p,960,540,0,100,python,decode,memory,process_peak_rss_mib,10,1278.39140625,0.1468043380553688,0.011483520409918964,1278.1796875,1278.64453125
basketball-540p,960,540,0,100,python,decode,throughput,codec_seconds,10,0.5993103372012343,0.00419008686087122,0.69915144137824,0.5936528229993883,0.6048210999990715
basketball-540p,960,540,0,100,python,decode,throughput,process_seconds,10,3.8568530944000714,0.02340800897515438,0.6069199008160684,3.8233355580000534,3.9103810340002383
basketball-540p,960,540,0,100,python,decode,throughput,throughput_fps,10,166.8657947132698,1.1656481139444757,0.6985542578977565,165.3381470986272,168.44862203258324
basketball-540p,960,540,0,100,python,encode,memory,process_peak_rss_mib,10,1284.555859375,0.2190214864176271,0.017050366850079362,1284.2109375,1284.94921875
basketball-540p,960,540,0,100,python,encode,throughput,codec_seconds,10,1.2066556989996002,0.009605933238938123,0.7960790511246991,1.1834930190052546,1.2176152930023818
basketball-540p,960,540,0,100,python,encode,throughput,process_seconds,10,4.545526425099911,0.014042386630059264,0.3089276206275847,4.517275197000345,4.557961919000263
basketball-540p,960,540,0,100,python,encode,throughput,throughput_fps,10,82.87845887162976,0.6668309980376301,0.8045890417321623,82.12774640290625,84.49563993546126
basketball-540p,960,540,21,1,nvcr,decode,memory,process_peak_rss_mib,10,547.3671875,0.21722559118409088,0.0396855339787957,547.15234375,547.94921875
basketball-540p,960,540,21,1,nvcr,decode,throughput,codec_seconds,10,1.2900860935,0.0010124901519913481,0.07848237083499328,1.288773378,1.291905757
basketball-540p,960,540,21,1,nvcr,decode,throughput,process_seconds,10,2.52054263200007,0.024529196454016466,0.9731712585457187,2.4882041190003292,2.55017576299997
basketball-540p,960,540,21,1,nvcr,decode,throughput,throughput_fps,10,77.5142495788811,0.06082892732881981,0.07847450973116658,77.4050269984206,77.59316083576023
basketball-540p,960,540,21,1,nvcr,encode,memory,process_peak_rss_mib,10,542.206640625,0.12224960790986032,0.022546682159580996,541.89453125,542.32421875
basketball-540p,960,540,21,1,nvcr,encode,throughput,codec_seconds,10,1.3148947323,0.001579995079863331,0.12016133619302136,1.313088247,1.317717464
basketball-540p,960,540,21,1,nvcr,encode,throughput,process_seconds,10,2.5480374058000734,0.02700852891341135,1.0599737999109469,2.5016068340000857,2.5995373650002875
basketball-540p,960,540,21,1,nvcr,encode,throughput,throughput_fps,10,76.05181416567908,0.09130011519966134,0.1200498846756815,75.88880221443281,76.15634381654776
basketball-540p,960,540,21,1,python,decode,memory,process_peak_rss_mib,10,1274.84765625,0.2480460206131392,0.01945691466718255,1274.5,1275.23046875
basketball-540p,960,540,21,1,python,decode,throughput,codec_seconds,10,1.377201028798504,0.006674051912233285,0.4846098552551804,1.3656525210003565,1.3844260529986059
basketball-540p,960,540,21,1,python,decode,throughput,process_seconds,10,4.679380836499945,0.018160790705677377,0.3881024293645904,4.656282108999221,4.71534581700007
basketball-540p,960,540,21,1,python,decode,throughput,throughput_fps,10,72.6125802052046,0.3529715455702415,0.48610246953453096,72.23209920342397,73.22506894121854
basketball-540p,960,540,21,1,python,encode,memory,process_peak_rss_mib,10,1278.08671875,0.43543660241442983,0.034069409847267446,1277.28515625,1278.5703125
basketball-540p,960,540,21,1,python,encode,throughput,codec_seconds,10,2.2412733192969427,0.0063524291672676725,0.2834294734414785,2.235881339995103,2.2547156429864117
basketball-540p,960,540,21,1,python,encode,throughput,process_seconds,10,5.651590069599979,0.011808882818087268,0.2089479716798197,5.636189598999863,5.673599918000036
basketball-540p,960,540,21,1,python,encode,throughput,throughput_fps,10,44.61781611349725,0.12607989464392266,0.2825774670889427,44.35149075718843,44.725092611676345
basketball-540p,960,540,21,30,nvcr,decode,memory,process_peak_rss_mib,10,541.975390625,0.10983981713166388,0.020266569115803913,541.80078125,542.125
basketball-540p,960,540,21,30,nvcr,decode,throughput,codec_seconds,10,0.506214627,0.0018942827154359255,0.3742054485193541,0.504991342,0.511417331
basketball-540p,960,540,21,30,nvcr,decode,throughput,process_seconds,10,1.6514043913997967,0.026157487984393532,1.5839541253866594,1.624112094999873,1.7133613679998234
basketball-540p,960,540,21,30,nvcr,decode,throughput,throughput_fps,10,197.54713633048897,0.7331637155775739,0.3711335578922382,195.53502382186576,198.02319699968243
basketball-540p,960,540,21,30,nvcr,encode,memory,process_peak_rss_mib,10,541.75078125,0.10934089249941874,0.020182876755088893,541.6328125,541.9140625
basketball-540p,960,540,21,30,nvcr,encode,throughput,codec_seconds,10,0.4809072081,0.003901705409026908,0.8113218815001804,0.477744863,0.491521634
basketball-540p,960,540,21,30,nvcr,encode,throughput,process_seconds,10,1.6333794944000375,0.028985162341458474,1.77455162384692,1.5926573140000073,1.673894898999606
basketball-540p,960,540,21,30,nvcr,encode,throughput,throughput_fps,10,207.95243323370565,1.6585969804935705,0.7975847912438562,203.44984448843203,209.31674570407677
basketball-540p,960,540,21,30,python,decode,memory,process_peak_rss_mib,10,1278.466796875,0.17711444656207348,0.013853660258913283,1278.23828125,1278.734375
basketball-540p,960,540,21,30,python,decode,throughput,codec_seconds,10,0.6288107801993874,0.004342273861833544,0.6905533426854845,0.6196397899993826,0.6343915649958944
basketball-540p,960,540,21,30,python,decode,throughput,process_seconds,10,3.8863417981999193,0.009371802452412615,0.2411471491455913,3.8732385140001497,3.901618497999152
basketball-540p,960,540,21,30,python,decode,throughput,throughput_fps,10,159.03721575308785,1.1043472462328612,0.6943954853607397,157.63135186175933,161.3840841307167
basketball-540p,960,540,21,30,python,encode,memory,process_peak_rss_mib,10,1284.45078125,0.3655177757067895,0.028457125881544126,1283.9375,1285.1484375
basketball-540p,960,540,21,30,python,encode,throughput,codec_seconds,10,1.2372771973002272,0.010906018901268143,0.8814531557734496,1.2164185789993098,1.2502875859963751
basketball-540p,960,540,21,30,python,encode,throughput,process_seconds,10,4.575274968599979,0.017962050780216076,0.39258953622436404,4.5340515339999,4.59855940899979
basketball-540p,960,540,21,30,python,encode,throughput,throughput_fps,10,80.82832757770976,0.7179328641687095,0.8882193726926695,79.9815987297901,82.20854377468099
basketball-540p,960,540,21,100,nvcr,decode,memory,process_peak_rss_mib,10,541.98515625,0.11282084360496562,0.02081622389542437,541.8671875,542.1875
basketball-540p,960,540,21,100,nvcr,decode,throughput,codec_seconds,10,0.4805296924,0.000698359149876997,0.14533111292021317,0.479753819,0.481463667
basketball-540p,960,540,21,100,nvcr,decode,throughput,process_seconds,10,1.6391693941001335,0.007265606457330975,0.44324927511958745,1.6222775410005852,1.6439602700000933
basketball-540p,960,540,21,100,nvcr,decode,throughput,throughput_fps,10,208.10408098163248,0.3023298712797663,0.14527820398988248,207.69999244823597,208.44023755441955
basketball-540p,960,540,21,100,nvcr,encode,memory,process_peak_rss_mib,10,540.98828125,0.08713263033500838,0.016106195523067697,540.83984375,541.09375
basketball-540p,960,540,21,100,nvcr,encode,throughput,codec_seconds,10,0.4532964115,0.002836479177816182,0.6257449002144113,0.451254593,0.460931032
basketball-540p,960,540,21,100,nvcr,encode,throughput,process_seconds,10,1.6037626796999689,0.023056821995849738,1.4376704413749792,1.5705413919995408,1.6427830009997706
basketball-540p,960,540,21,100,nvcr,encode,throughput,throughput_fps,10,220.61387803645638,1.3629142999714923,0.6177826672111132,216.9521968744339,221.60439262276938
basketball-540p,960,540,21,100,python,decode,memory,process_peak_rss_mib,10,1278.465625,0.3796719604158854,0.029697471171028587,1277.93359375,1279.37109375
basketball-540p,960,540,21,100,python,decode,throughput,codec_seconds,10,0.6025836026994739,0.003974679643781839,0.65960633943173,0.5968164010027976,0.6087230719990657
basketball-540p,960,540,21,100,python,decode,throughput,process_seconds,10,3.867088114700016,0.014088291865206833,0.3643126674991659,3.8440465359999507,3.8890207279999913
basketball-540p,960,540,21,100,python,decode,throughput,throughput_fps,10,165.95856363741345,1.0928169962901981,0.6584878612698689,164.27831406422112,167.55571702114003
basketball-540p,960,540,21,100,python,encode,memory,process_peak_rss_mib,10,1284.351171875,0.38086082175651137,0.029653947463644217,1283.78125,1285.08984375
basketball-540p,960,540,21,100,python,encode,throughput,codec_seconds,10,1.2054610323994894,0.008368227756069345,0.6941931369952502,1.185737816002984,1.2162142259949178
basketball-540p,960,540,21,100,python,encode,throughput,process_seconds,10,4.541780071400194,0.014677312300373904,0.32316210978152904,4.50484606200007,4.557209209000121
basketball-540p,960,540,21,100,python,encode,throughput,throughput_fps,10,82.95944231042031,0.5809175366620959,0.7002428180367943,82.22235677123042,84.33567577113384
basketball-540p,960,540,42,1,nvcr,decode,memory,process_peak_rss_mib,10,547.238671875,0.22558344793299176,0.04122213204707861,546.66796875,547.421875
basketball-540p,960,540,42,1,nvcr,decode,throughput,codec_seconds,10,1.3092711999,0.0010831345414990257,0.0827280506576295,1.308105039,1.311378171
basketball-540p,960,540,42,1,nvcr,decode,throughput,process_seconds,10,2.543335456099908,0.023631765920208856,0.9291643327477973,2.499143586000173,2.589742218000083
basketball-540p,960,540,42,1,nvcr,decode,throughput,throughput_fps,10,76.37841692003529,0.06315761755192817,0.0826903988047452,76.25565394591275,76.44646035187394
basketball-540p,960,540,42,1,nvcr,encode,memory,process_peak_rss_mib,10,541.898046875,0.2031454483564277,0.037487761679142466,541.54296875,542.19921875
basketball-540p,960,540,42,1,nvcr,encode,throughput,codec_seconds,10,1.314060451,0.0012347572026996515,0.09396502282372178,1.312044393,1.315765322
basketball-540p,960,540,42,1,nvcr,encode,throughput,process_seconds,10,2.5356135001000895,0.028500556266740897,1.1240102746580218,2.508827589000248,2.589396625999143
basketball-540p,960,540,42,1,nvcr,encode,throughput,throughput_fps,10,76.10006024047577,0.07152171436910089,0.09398378154116128,76.0013950268861,76.21693330920701
basketball-540p,960,540,42,1,python,decode,memory,process_peak_rss_mib,10,1275.391015625,0.17787096971819089,0.013946387228627762,1275.08984375,1275.66796875
basketball-540p,960,540,42,1,python,decode,throughput,codec_seconds,10,1.405493745601234,0.007170453008231663,0.5101732420135622,1.3905583660007323,1.4175973790015632
basketball-540p,960,540,42,1,python,decode,throughput,process_seconds,10,4.714651583200203,0.011966170389571729,0.2538081590633544,4.6866759059994365,4.733704036000745
basketball-540p,960,540,42,1,python,decode,throughput,throughput_fps,10,71.15104435091993,0.3638216638969933,0.5113370678055119,70.54189114714053,71.91355821158487
basketball-540p,960,540,42,1,python,encode,memory,process_peak_rss_mib,10,1278.3265625,0.1362305270870544,0.010656942528099459,1278.1015625,1278.53125
basketball-540p,960,540,42,1,python,encode,throughput,codec_seconds,10,2.2400630300984745,0.0021121999262474407,0.09429198633551784,2.236697440998796,2.2436063479945005
basketball-540p,960,540,42,1,python,encode,throughput,process_seconds,10,5.65482413150005,0.020738840979141235,0.3667459941612696,5.6342431789998955,5.699476624999988
basketball-540p,960,540,42,1,python,encode,throughput,throughput_fps,10,44.641636717846154,0.042091328078047274,0.09428715247176554,44.57109870873173,44.70877382295616
basketball-540p,960,540,42,30,nvcr,decode,memory,process_peak_rss_mib,10,542.000390625,0.07097130595903707,0.013094327455594178,541.9140625,542.09765625
basketball-540p,960,540,42,30,nvcr,decode,throughput,codec_seconds,10,0.5097801275,0.0005774611720292288,0.11327651685073362,0.508915448,0.511116972
basketball-540p,960,540,42,30,nvcr,decode,throughput,process_seconds,10,1.6524900138999328,0.019460952998378144,1.1776744691152252,1.6310354009992807,1.7033195290005096
basketball-540p,960,540,42,30,nvcr,decode,throughput,throughput_fps,10,196.16322795974938,0.22196832593497023,0.11315491096043535,195.64993040379807,196.49629499947898
basketball-540p,960,540,42,30,nvcr,encode,memory,process_peak_rss_mib,10,541.9859375,0.07453104981920473,0.01375147299263733,541.8515625,542.0703125
basketball-540p,960,540,42,30,nvcr,encode,throughput,codec_seconds,10,0.4796468422,0.0008958047189306441,0.18676339342126166,0.477696402,0.480768326
basketball-540p,960,540,42,30,nvcr,encode,throughput,process_seconds,10,1.6325074287001597,0.026326920263776914,1.6126677159894467,1.5907405230000222,1.6634326679995866
basketball-540p,960,540,42,30,nvcr,encode,throughput,throughput_fps,10,208.48738205515582,0.39001803140708896,0.1870703289390956,208.00039144009665,209.33798031830267
basketball-540p,960,540,42,30,python,decode,memory,process_peak_rss_mib,10,1278.521484375,0.3002043416668759,0.023480586391055408,1278.015625,1278.875
basketball-540p,960,540,42,30,python,decode,throughput,codec_seconds,10,0.6314813952018085,0.0033984613552813505,0.5381728394698425,0.6279643700017914,0.6371858489965234
basketball-540p,960,540,42,30,python,decode,throughput,process_seconds,10,3.8896400985002173,0.013110226541201319,0.33705500275607536,3.8710664249992988,3.9101112530006503
basketball-540p,960,540,42,30,python,decode,throughput,throughput_fps,10,158.36190532936544,0.8490573909197123,0.5361500224146832,156.94008295615117,159.24470364411715
basketball-540p,960,540,42,30,python,encode,memory,process_peak_rss_mib,10,1284.297265625,0.18521145669587033,0.014421229543437332,1284.00390625,1284.6484375
basketball-540p,960,540,42,30,python,encode,throughput,codec_seconds,10,1.2437020718006806,0.005737672918000186,0.4613382133948654,1.231991699012724,1.2516376640001
basketball-540p,960,540,42,30,python,encode,throughput,process_seconds,10,4.582098037099899,0.012979179456055352,0.28325844080521095,4.5670589940000355,4.6053862509998
basketball-540p,960,540,42,30,python,encode,throughput,throughput_fps,10,80.40665243302296,0.3718595627868971,0.46247362815738197,79.89532663982858,81.16937807303133
basketball-540p,960,540,42,100,nvcr,decode,memory,process_peak_rss_mib,10,541.998828125,0.09300649181391184,0.017159906440325723,541.85546875,542.12109375
basketball-540p,960,540,42,100,nvcr,decode,throughput,codec_seconds,10,0.4840251189,0.0006335094408765079,0.13088358767747993,0.483358741,0.485069906
basketball-540p,960,540,42,100,nvcr,decode,throughput,process_seconds,10,1.6413112346998786,0.0029956770804549938,0.18251730793780663,1.6334171670000615,1.6437959820000287
basketball-540p,960,540,42,100,nvcr,decode,throughput,throughput_fps,10,206.6011662010007,0.27016238612296756,0.13076517964091677,206.15585251334886,206.88567624351703
basketball-540p,960,540,42,100,nvcr,encode,memory,process_peak_rss_mib,10,540.987109375,0.08919128268325345,0.016486766715439066,540.80859375,541.12109375
basketball-540p,960,540,42,100,nvcr,encode,throughput,codec_seconds,10,0.4529493787,0.0008889897106424949,0.19626690143476178,0.451757682,0.454486833
basketball-540p,960,540,42,100,nvcr,encode,throughput,process_seconds,10,1.6070069956001931,0.0276069853534725,1.7179132031819002,1.5706846680004674,1.6425031040002978
basketball-540p,960,540,42,100,nvcr,encode,throughput,throughput_fps,10,220.77598791839532,0.4331508851255089,0.1961947443693981,220.02837648764185,221.3576082586682
basketball-540p,960,540,42,100,python,decode,memory,process_peak_rss_mib,10,1278.473046875,0.478087872162759,0.037395224978059555,1277.16796875,1278.79296875
basketball-540p,960,540,42,100,python,decode,throughput,codec_seconds,10,0.6111137433975727,0.0033982969534754335,0.5560825607655498,0.6056744669986074,0.6179520729983778
basketball-540p,960,540,42,100,python,decode,throughput,process_seconds,10,3.8713148328999067,0.01002415422516844,0.2589341001144976,3.8586833940000815,3.890693207998993
basketball-540p,960,540,42,100,python,decode,throughput,throughput_fps,10,163.64020459355677,0.9083214694452842,0.555072313494925,161.8248475400171,165.10519338143064
basketball-540p,960,540,42,100,python,encode,memory,process_peak_rss_mib,10,1284.11328125,0.29348623278921543,0.0228551668357114,1283.58203125,1284.62890625
basketball-540p,960,540,42,100,python,encode,throughput,codec_seconds,10,1.211154429199587,0.01060496751035374,0.8756082011244611,1.1926174209975215,1.2277073080003902
basketball-540p,960,540,42,100,python,encode,throughput,process_seconds,10,4.548973574899856,0.021324907162884172,0.4687850305517247,4.524222035999628,4.596000530999845
basketball-540p,960,540,42,100,python,encode,throughput,throughput_fps,10,82.57157279746144,0.7257025733605439,0.8788770139338494,81.45263887275665,83.84918603348811
basketball-540p,960,540,63,1,nvcr,decode,memory,process_peak_rss_mib,10,547.275,0.3521561346084448,0.0643471992341044,546.93359375,548.19140625
basketball-540p,960,540,63,1,nvcr,decode,throughput,codec_seconds,10,1.3574444261,0.0024692650664382924,0.18190542603151746,1.354662855,1.362221584
basketball-540p,960,540,63,1,nvcr,decode,throughput,process_seconds,10,2.5930035357000065,0.035646983199594105,1.3747371613194062,2.539406832000168,2.6214354239999693
basketball-540p,960,540,63,1,nvcr,decode,throughput,throughput_fps,10,73.66806003998188,0.13386047576206844,0.18170761614927597,73.40949605743437,73.81910534484982
basketball-540p,960,540,63,1,nvcr,encode,memory,process_peak_rss_mib,10,541.973046875,0.10467729661097123,0.01931411482813349,541.7734375,542.11328125
basketball-540p,960,540,63,1,nvcr,encode,throughput,codec_seconds,10,1.3151346828000001,0.001602472391729776,0.12184853860883789,1.312396143,1.317817676
basketball-540p,960,540,63,1,nvcr,encode,throughput,process_seconds,10,2.559692286300128,0.01984716577762032,0.7753731135514,2.539805208999951,2.5997602909999387
basketball-540p,960,540,63,1,nvcr,encode,throughput,throughput_fps,10,76.03794115733243,0.09265185053381164,0.12184949924157318,75.88303133369111,76.19650555464945
basketball-540p,960,540,63,1,python,decode,memory,process_peak_rss_mib,10,1276.680078125,0.1529429765981812,0.011979741770765419,1276.4921875,1276.89453125
basketball-540p,960,540,63,1,python,decode,throughput,codec_seconds,10,1.4617174406999425,0.007658522224207864,0.5239399907919677,1.4498216140018485,1.471142925991444
basketball-540p,960,540,63,1,python,decode,throughput,process_seconds,10,4.768215099699921,0.01239094705638575,0.2598655219468927,4.744415556000604,4.782841632999407
basketball-540p,960,540,63,1,python,decode,throughput,throughput_fps,10,68.41436542392154,0.3585188540520768,0.5240403120463912,67.9743607730073,68.97400275608838
basketball-540p,960,540,63,1,python,encode,memory,process_peak_rss_mib,10,1278.303125,0.27486112536669716,0.02150203030808496,1277.76953125,1278.7578125
basketball-540p,960,540,63,1,python,encode,throughput,codec_seconds,10,2.2391545832993187,0.0024002389244930575,0.1071939803707695,2.2357443809887627,2.243942531998073
basketball-540p,960,540,63,1,python,encode,throughput,process_seconds,10,5.651975539700061,0.011669930370747763,0.20647524549207555,5.632908218000011,5.674557628999537
basketball-540p,960,540,63,1,python,encode,throughput,throughput_fps,10,44.65975867965987,0.04783628956906209,0.1071127363499368,44.56442113557919,44.727832416948665
basketball-540p,960,540,63,30,nvcr,decode,memory,process_peak_rss_mib,10,541.826953125,0.13504117110272384,0.0249233026012956,541.54296875,541.9921875
basketball-540p,960,540,63,30,nvcr,decode,throughput,codec_seconds,10,0.5240101762,0.0008294203944487491,0.1582832609212884,0.52239795,0.525626385
basketball-540p,960,540,63,30,nvcr,decode,throughput,process_seconds,10,1.673869461899858,0.031074668668676503,1.8564571118590367,1.6409043410003505,1.7036256100000173
basketball-540p,960,540,63,30,nvcr,decode,throughput,throughput_fps,10,190.83641888526523,0.3020664987081698,0.15828556230128085,190.2492014361113,191.42494720739236
basketball-540p,960,540,63,30,nvcr,encode,memory,process_peak_rss_mib,10,541.98515625,0.1459704526500997,0.026932555433818613,541.75390625,542.21484375
basketball-540p,960,540,63,30,nvcr,encode,throughput,codec_seconds,10,0.4794097195,0.0011221222667970833,0.23406331185095702,0.477718062,0.481240144
basketball-540p,960,540,63,30,nvcr,encode,throughput,process_seconds,10,1.630981251999924,0.017770971194619845,1.0895877051210072,1.6035972610000044,1.6722400290000223
basketball-540p,960,540,63,30,nvcr,encode,throughput,throughput_fps,10,208.59087521439704,0.48814044830612335,0.23401812174400985,207.79646346377953,209.3284888189972
basketball-540p,960,540,63,30,python,decode,memory,process_peak_rss_mib,10,1279.0421875,0.20682887776811884,0.01617060639511696,1278.6953125,1279.31640625
basketball-540p,960,540,63,30,python,decode,throughput,codec_seconds,10,0.6512398490020018,0.004819692115154575,0.7400794227411842,0.646771945997898,0.6612441859997489
basketball-540p,960,540,63,30,python,decode,throughput,process_seconds,10,3.9104847238001526,0.008630199900862995,0.22069386560539458,3.8960405959996933,3.92478436500096
basketball-540p,960,540,63,30,python,decode,throughput,throughput_fps,10,153.56077970593003,1.1294161779746257,0.7354847898906646,151.2300631404538,154.6140036202575
basketball-540p,960,540,63,30,python,encode,memory,process_peak_rss_mib,10,1284.439453125,0.30667448835487715,0.023876134262985144,1284.015625,1285.08984375
basketball-540p,960,540,63,30,python,encode,throughput,codec_seconds,10,1.2471831986997473,0.009421674811080267,0.755436316084345,1.221648312999605,1.2543697839989818
basketball-540p,960,540,63,30,python,encode,throughput,process_seconds,10,4.584214568400023,0.019439234775465913,0.4240472274021539,4.54455630800021,4.617914226999346
basketball-540p,960,540,63,30,python,encode,throughput,throughput_fps,10,80.18486736724775,0.6155410737704969,0.7676524186930568,79.72130808284933,81.85661858318494
basketball-540p,960,540,63,100,nvcr,decode,memory,process_peak_rss_mib,10,541.856640625,0.08873389824836218,0.016375899379218243,541.71875,541.94921875
basketball-540p,960,540,63,100,nvcr,decode,throughput,codec_seconds,10,0.4969493765,0.001838315471900784,0.3699200680858051,0.495536437,0.501704544
basketball-540p,960,540,63,100,nvcr,decode,throughput,process_seconds,10,1.6501249822999,0.02051577692115802,1.2432862444494162,1.6324267979998694,1.69251297000028
basketball-540p,960,540,63,100,nvcr,decode,throughput,throughput_fps,10,201.23020173759997,0.739380581077393,0.36743022403840253,199.3204988791172,201.8015074843023
basketball-540p,960,540,63,100,nvcr,encode,memory,process_peak_rss_mib,10,541.11171875,0.09397037178052157,0.017366168302101952,540.97265625,541.2265625
basketball-540p,960,540,63,100,nvcr,encode,throughput,codec_seconds,10,0.4542015595,0.004248106183484619,0.9352909726160064,0.452278681,0.466186628
basketball-540p,960,540,63,100,nvcr,encode,throughput,process_seconds,10,1.6065636902000506,0.027028041809444604,1.6823510934744859,1.562720504999561,1.6433183669996652
basketball-540p,960,540,63,100,nvcr,encode,throughput,throughput_fps,10,220.1835181923962,2.0132876892615754,0.9143680261764034,214.5063671796266,221.10261703889597
basketball-540p,960,540,63,100,python,decode,memory,process_peak_rss_mib,10,1278.9125,0.19172220945669893,0.0149910341369483,1278.62109375,1279.21484375
basketball-540p,960,540,63,100,python,decode,throughput,codec_seconds,10,0.6250604875996715,0.004066265363612861,0.6505394988616134,0.6178085770006874,0.6305049539996617
basketball-540p,960,540,63,100,python,decode,throughput,process_seconds,10,3.8881669730002386,0.012508273183751735,0.32170102957538205,3.879775301000336,3.9206854390013177
basketball-540p,960,540,63,100,python,decode,throughput,throughput_fps,10,159.9906203186536,1.0425120860972745,0.6516082530468982,158.60303613102724,161.86243396858626
basketball-540p,960,540,63,100,python,encode,memory,process_peak_rss_mib,10,1284.379296875,0.3828322078968955,0.029806787514276945,1283.83984375,1284.9921875
basketball-540p,960,540,63,100,python,encode,throughput,codec_seconds,10,1.223250152103128,0.011569959000170844,0.9458375280214493,1.2083936530007122,1.242194227001164
basketball-540p,960,540,63,100,python,encode,throughput,process_seconds,10,4.568365915399977,0.013533103886344796,0.29623511200634467,4.545758737999904,4.585616192000089
basketball-540p,960,540,63,100,python,encode,throughput,throughput_fps,10,81.75597116158757,0.768691295643704,0.9402264870958659,80.50270869589727,82.75448960831397
fourpeople-720p,1280,720,0,1,nvcr,decode,memory,process_peak_rss_mib,10,554.51171875,1.2131266614241012,0.21877385461911866,551.078125,555.1171875
fourpeople-720p,1280,720,0,1,nvcr,decode,throughput,codec_seconds,10,2.3613195193,0.004132258125778533,0.1749978387932658,2.357601781,2.371094585
fourpeople-720p,1280,720,0,1,nvcr,decode,throughput,process_seconds,10,3.7045325634999697,0.01889355989706731,0.5100119805457195,3.6595895840000594,3.7293169199997465
fourpeople-720p,1280,720,0,1,nvcr,decode,throughput,throughput_fps,10,42.34931956806193,0.0739239270653161,0.17455753202010454,42.17461447241254,42.41598424547508
fourpeople-720p,1280,720,0,1,nvcr,encode,memory,process_peak_rss_mib,10,545.958984375,0.12692808246597592,0.023248647993453202,545.7265625,546.09765625
fourpeople-720p,1280,720,0,1,nvcr,encode,throughput,codec_seconds,10,2.6542250643,0.00227120857982631,0.08556955513587154,2.651501115,2.657877721
fourpeople-720p,1280,720,0,1,nvcr,encode,throughput,process_seconds,10,4.013143330000025,0.026767130233391997,0.6669866494250488,3.979294047999929,4.06024497899989
fourpeople-720p,1280,720,0,1,nvcr,encode,throughput,throughput_fps,10,37.675804972568606,0.03222752229120623,0.0855390410760189,37.624003245106394,37.71448536615079
fourpeople-720p,1280,720,0,1,python,decode,memory,process_peak_rss_mib,10,1248.755859375,0.33369553279089714,0.026722239602376012,1248.0,1249.08984375
fourpeople-720p,1280,720,0,1,python,decode,throughput,codec_seconds,10,2.0292478937995213,0.005615168374799626,0.2767118000692317,2.0224994110003536,2.0394951070011302
fourpeople-720p,1280,720,0,1,python,decode,throughput,process_seconds,10,5.392274663500063,0.020574089599378953,0.38154750793099523,5.36751846300001,5.443851215999985
fourpeople-720p,1280,720,0,1,python,decode,throughput,throughput_fps,10,49.27968064385164,0.13616997234364012,0.2763207280658977,49.03174303126415,49.44377212477839
fourpeople-720p,1280,720,0,1,python,encode,memory,process_peak_rss_mib,10,1272.254296875,4.602909870563397,0.3617916545355269,1266.0546875,1276.0
fourpeople-720p,1280,720,0,1,python,encode,throughput,codec_seconds,10,3.6576851542003284,0.00657939741413979,0.17987872484279555,3.6490870169999425,3.674612041999353
fourpeople-720p,1280,720,0,1,python,encode,throughput,process_seconds,10,7.2082638723001535,0.016911679604142502,0.2346151570439942,7.183722996000142,7.235072979000051
fourpeople-720p,1280,720,0,1,python,encode,throughput,throughput_fps,10,27.339775335176626,0.049035803444647454,0.17935700949801042,27.213757223086358,27.404114929058043
fourpeople-720p,1280,720,0,30,nvcr,decode,memory,process_peak_rss_mib,10,544.36875,0.08305209705150604,0.015256587938140468,544.23828125,544.51171875
fourpeople-720p,1280,720,0,30,nvcr,decode,throughput,codec_seconds,10,1.024883722,0.0018117433564526215,0.17677550316801904,1.022670064,1.028720176
fourpeople-720p,1280,720,0,30,nvcr,decode,throughput,process_seconds,10,2.248039419599877,0.019249010063963453,0.8562576748493822,2.2247425689997726,2.29494617499995
fourpeople-720p,1280,720,0,30,nvcr,decode,throughput,throughput_fps,10,97.57231839522004,0.17223531646635104,0.176520676457339,97.2081644095216,97.7832475205806
fourpeople-720p,1280,720,0,30,nvcr,encode,memory,process_peak_rss_mib,10,544.862109375,0.09166611179993052,0.016823726631510272,544.66015625,544.98046875
fourpeople-720p,1280,720,0,30,nvcr,encode,throughput,codec_seconds,10,1.1062974676,0.0006846737009204149,0.06188875243525099,1.105168566,1.107081512
fourpeople-720p,1280,720,0,30,nvcr,encode,throughput,process_seconds,10,2.330092151599979,0.022221989655275103,0.9536957428922358,2.2982017899998937,2.35929855600034
fourpeople-720p,1280,720,0,30,nvcr,encode,throughput,throughput_fps,10,90.39163282433648,0.05596468760348596,0.06191357081937608,90.32758556264284,90.48393437567243
fourpeople-720p,1280,720,0,30,python,decode,memory,process_peak_rss_mib,10,1337.962890625,0.446750275487328,0.03339033381401471,1337.4296875,1338.73828125
fourpeople-720p,1280,720,0,30,python,decode,throughput,codec_seconds,10,0.9833010298995418,0.003377111566002484,0.3434463570476992,0.9788623649956207,0.9896309620003194
fourpeople-720p,1280,720,0,30,python,decode,throughput,process_seconds,10,4.332400369599929,0.02054473546026749,0.4742113772408498,4.306048622000162,4.367036163999728
fourpeople-720p,1280,720,0,30,python,decode,throughput,throughput_fps,10,101.69933372151252,0.3486195186870063,0.3427942995591746,101.04776814770648,102.15940828458287
fourpeople-720p,1280,720,0,30,python,encode,memory,process_peak_rss_mib,10,1350.246484375,0.37668462929894925,0.027897471584479513,1349.66796875,1350.89453125
fourpeople-720p,1280,720,0,30,python,encode,throughput,codec_seconds,10,2.1138493350996783,0.003764769755389807,0.17810019346588293,2.10981334700773,2.122588522001024
fourpeople-720p,1280,720,0,30,python,encode,throughput,process_seconds,10,5.583431057200198,0.008092603767451582,0.1449396201823902,5.57270549200075,5.596649460999743
fourpeople-720p,1280,720,0,30,python,encode,throughput,throughput_fps,10,47.307196025289066,0.08407302320404575,0.17771719794828408,47.11228717364738,47.397557770608614
fourpeople-720p,1280,720,0,100,nvcr,decode,memory,process_peak_rss_mib,10,544.41875,0.08197542743484172,0.01505742177962124,544.28515625,544.5546875
fourpeople-720p,1280,720,0,100,nvcr,decode,throughput,codec_seconds,10,0.9802182092,0.0014131960824290705,0.14417158028337823,0.977846278,0.982090372
fourpeople-720p,1280,720,0,100,nvcr,decode,throughput,process_seconds,10,2.194834772399912,0.027910329137743328,1.2716369126604077,2.1561540310003693,2.2476468799999907
fourpeople-720p,1280,720,0,100,nvcr,decode,throughput,throughput_fps,10,102.01829166922965,0.14715720379896485,0.1442459007999149,101.8236232133635,102.26556284954229
fourpeople-720p,1280,720,0,100,nvcr,encode,memory,process_peak_rss_mib,10,543.541015625,0.209293441956312,0.038505547132565945,543.08203125,543.734375
fourpeople-720p,1280,720,0,100,nvcr,encode,throughput,codec_seconds,10,1.0561389944,0.0012874465704816008,0.12190124380484675,1.054518129,1.058186939
fourpeople-720p,1280,720,0,100,nvcr,encode,throughput,process_seconds,10,2.283988473100004,0.026352411917384858,1.1537891818524524,2.247372138000003,2.310241377000011
fourpeople-720p,1280,720,0,100,nvcr,encode,throughput,throughput_fps,10,94.6846336020616,0.11540299208489986,0.12188143703434805,94.50126089677619,94.83004345769763
fourpeople-720p,1280,720,0,100,python,decode,memory,process_peak_rss_mib,10,1337.84921875,0.5418331575059953,0.04050031572408804,1337.14453125,1338.64453125
fourpeople-720p,1280,720,0,100,python,decode,throughput,codec_seconds,10,0.9479508484997268,0.0048195755887051024,0.5084204098063521,0.9423668550016373,0.9555435699976442
fourpeople-720p,1280,720,0,100,python,decode,throughput,process_seconds,10,4.294676703199798,0.018126005576421286,0.4220575104737523,4.273670409998886,4.328877902999011
fourpeople-720p,1280,720,0,100,python,decode,throughput,throughput_fps,10,105.49314896365635,0.5348747102899175,0.5070231721627612,104.65247544938902,106.11578651057953
fourpeople-720p,1280,720,0,100,python,encode,memory,process_peak_rss_mib,10,1348.523828125,3.3982157145462346,0.2519952294258786,1341.875,1350.8046875
fourpeople-720p,1280,720,0,100,python,encode,throughput,codec_seconds,10,2.063496599899122,0.004551486098125774,0.2205715336942296,2.058748851992277,2.073659174004206
fourpeople-720p,1280,720,0,100,python,encode,throughput,process_seconds,10,5.5383448198997485,0.007703720912128482,0.13909789228811378,5.5322481940002035,5.555774272999997
fourpeople-720p,1280,720,0,100,python,encode,throughput,throughput_fps,10,48.46164358731549,0.10662424772239874,0.22001781167468887,48.22393248303261,48.57319041282221
fourpeople-720p,1280,720,21,1,nvcr,decode,memory,process_peak_rss_mib,10,554.94296875,0.1703710239662005,0.03070063656270093,554.6328125,555.234375
fourpeople-720p,1280,720,21,1,nvcr,decode,throughput,codec_seconds,10,2.3745970702,0.005314196199099899,0.22379359706075572,2.366494825,2.383411927
fourpeople-720p,1280,720,21,1,nvcr,decode,throughput,process_seconds,10,3.721754435099888,0.020252212267556715,0.5441576713540791,3.6992658629997095,3.76910530799978
fourpeople-720p,1280,720,21,1,nvcr,decode,throughput,throughput_fps,10,42.1125974983644,0.09422122879735088,0.2237364456111032,41.956658380018254,42.25658934200289
fourpeople-720p,1280,720,21,1,nvcr,encode,memory,process_peak_rss_mib,10,546.0109375,0.14018788158787915,0.025674921866904756,545.70703125,546.23828125
fourpeople-720p,1280,720,21,1,nvcr,encode,throughput,codec_seconds,10,2.6556979095999997,0.0039225644921997175,0.14770371577355096,2.651255916,2.665474786
fourpeople-720p,1280,720,21,1,nvcr,encode,throughput,process_seconds,10,4.020535679499835,0.02526398132027543,0.6283735137358198,3.9808889679998174,4.0511878289999
fourpeople-720p,1280,720,21,1,nvcr,encode,throughput,throughput_fps,10,37.65495900843145,0.055498013775623224,0.14738567040584608,37.51676831656212,37.7179733561413
fourpeople-720p,1280,720,21,1,python,decode,memory,process_peak_rss_mib,10,1248.543359375,0.2080601235898215,0.016664228921450752,1248.2734375,1248.94140625
fourpeople-720p,1280,720,21,1,python,decode,throughput,codec_seconds,10,2.0408871923005334,0.0054484630525669965,0.26696541940788837,2.032442004002405,2.0486404769944784
fourpeople-720p,1280,720,21,1,python,decode,throughput,process_seconds,10,5.408997252699976,0.0189127873185922,0.3496542230475643,5.389129199999957,5.4434265179997965
fourpeople-720p,1280,720,21,1,python,decode,throughput,throughput_fps,10,48.998612712457685,0.13074574869581213,0.2668356132102707,48.81285961249194,49.20189594737467
fourpeople-720p,1280,720,21,1,python,encode,memory,process_peak_rss_mib,10,1270.26640625,4.881411535130368,0.38428250256109364,1265.76953125,1276.0390625
fourpeople-720p,1280,720,21,1,python,encode,throughput,codec_seconds,10,3.6596524876992134,0.008152803501096451,0.22277534625212558,3.652104718998089,3.677196624993485
fourpeople-720p,1280,720,21,1,python,encode,throughput,process_seconds,10,7.212919899999884,0.02246674932088352,0.31147925711588564,7.175912164999318,7.245439595999869
fourpeople-720p,1280,720,21,1,python,encode,throughput,throughput_fps,10,27.32512060025691,0.06072651314439917,0.22223694465168517,27.194629550215357,27.381471149993146
fourpeople-720p,1280,720,21,30,nvcr,decode,memory,process_peak_rss_mib,10,544.847265625,0.6627219158348882,0.12163443916244546,544.2734375,545.92578125
fourpeople-720p,1280,720,21,30,nvcr,decode,throughput,codec_seconds,10,1.0266386802,0.0025417685555153263,0.2475816082655451,1.023018046,1.031136125
fourpeople-720p,1280,720,21,30,nvcr,decode,throughput,process_seconds,10,2.2670587644000877,0.029651511344909308,1.3079286611591532,2.235959575000379,2.308289403999879
fourpeople-720p,1280,720,21,30,nvcr,decode,throughput,throughput_fps,10,97.40578948171016,0.24093405386317499,0.24735085578092364,96.98040595755484,97.74998631842317
fourpeople-720p,1280,720,21,30,nvcr,encode,memory,process_peak_rss_mib,10,544.867578125,0.054046654409543086,0.00991922745624333,544.76953125,544.9609375
fourpeople-720p,1280,720,21,30,nvcr,encode,throughput,codec_seconds,10,1.1065388572,0.000982741769259235,0.08881222406829682,1.105326857,1.10804263
fourpeople-720p,1280,720,21,30,nvcr,encode,throughput,process_seconds,10,2.311625989099889,0.01760264944633375,0.7614834549073376,2.2863566490000267,2.3481013649998204
fourpeople-720p,1280,720,21,30,nvcr,encode,throughput,throughput_fps,10,90.37194701740555,0.08024668565243376,0.08879601281244758,90.24923526633629,90.47097640548871
fourpeople-720p,1280,720,21,30,python,decode,memory,process_peak_rss_mib,10,1337.994921875,0.20765718728887209,0.015520028057944462,1337.73828125,1338.328125
fourpeople-720p,1280,720,21,30,python,decode,throughput,codec_seconds,10,0.9841512963007062,0.004039063570161392,0.4104108367629748,0.9771396569994977,0.9908482819992059
fourpeople-720p,1280,720,21,30,python,decode,throughput,process_seconds,10,4.322239474899857,0.014739709908666389,0.34102020478649897,4.295698654000262,4.351584386999093
fourpeople-720p,1280,720,21,30,python,decode,throughput,throughput_fps,10,101.61193337081505,0.4170277031064786,0.4104121329771461,100.92362455151347,102.33951644851868
fourpeople-720p,1280,720,21,30,python,encode,memory,process_peak_rss_mib,10,1349.46015625,2.6701928031735447,0.19787118506660575,1341.96484375,1350.84375
fourpeople-720p,1280,720,21,30,python,encode,throughput,codec_seconds,10,2.1370292898006253,0.05832645023572545,2.7293238569119955,2.112439182998969,2.3023423420127074
fourpeople-720p,1280,720,21,30,python,encode,throughput,process_seconds,10,5.604920098499951,0.05640868452835863,1.006413713969898,5.573420312000053,5.763309091998963
fourpeople-720p,1280,720,21,30,python,encode,throughput,throughput_fps,10,46.82332548698282,1.1967108695089381,2.5558006763992687,43.434027240527584,47.33864094398821
fourpeople-720p,1280,720,21,100,nvcr,decode,memory,process_peak_rss_mib,10,544.45546875,0.09064595064345432,0.016648919121258127,544.296875,544.60546875
fourpeople-720p,1280,720,21,100,nvcr,decode,throughput,codec_seconds,10,0.9804487001,0.0015350969636244588,0.15657086020593305,0.977928401,0.98233335
fourpeople-720p,1280,720,21,100,nvcr,decode,throughput,process_seconds,10,2.2050845656998037,0.03864146451325996,1.7523801632975806,2.153482564999649,2.256026381999618
fourpeople-720p,1280,720,21,100,nvcr,decode,throughput,throughput_fps,10,101.99434271614402,0.1597682651060698,0.15664424207400784,101.79843736344694,102.25697494596028
fourpeople-720p,1280,720,21,100,nvcr,encode,memory,process_peak_rss_mib,10,543.493359375,0.15341448419397521,0.02822748089698777,543.2578125,543.75
fourpeople-720p,1280,720,21,100,nvcr,encode,throughput,codec_seconds,10,1.0567075966,0.0011513494322040012,0.10895629367182703,1.055155571,1.05900582
fourpeople-720p,1280,720,21,100,nvcr,encode,throughput,process_seconds,10,2.27415555590012,0.02181231031441184,0.9591388881829783,2.2370379690000846,2.3055670270005066
fourpeople-720p,1280,720,21,100,nvcr,encode,throughput,throughput_fps,10,94.63365938474435,0.10303464436092388,0.10887737516524046,94.42818737294569,94.77275460454352
fourpeople-720p,1280,720,21,100,python,decode,memory,process_peak_rss_mib,10,1337.826953125,0.4254289046073786,0.0317999950302712,1337.21484375,1338.5078125
fourpeople-720p,1280,720,21,100,python,decode,throughput,codec_seconds,10,0.9506734796984802,0.003058106322854938,0.3216778829072692,0.946364223999808,0.9539517040000192
fourpeople-720p,1280,720,21,100,python,decode,throughput,process_seconds,10,4.2950400115999114,0.019702344545365704,0.4587231898225446,4.2717483900000275,4.33538911100004
fourpeople-720p,1280,720,21,100,python,decode,throughput,throughput_fps,10,105.18956740087627,0.3386519344704653,0.32194441220569575,104.82710977997057,105.66756166811763
fourpeople-720p,1280,720,21,100,python,encode,memory,process_peak_rss_mib,10,1349.79296875,0.14006931102979378,0.010377095915643083,1349.60546875,1350.078125
fourpeople-720p,1280,720,21,100,python,encode,throughput,codec_seconds,10,2.0666127859003325,0.01140738310591218,0.5519845412619222,2.059187989998918,2.098162847999845
fourpeople-720p,1280,720,21,100,python,encode,throughput,process_seconds,10,5.546052911499783,0.02142572356399795,0.38632382175026764,5.5259519849987555,5.60134769199999
fourpeople-720p,1280,720,21,100,python,encode,throughput,throughput_fps,10,48.38966883058548,0.2637989804398948,0.5451555813772306,47.660742870997304,48.562831798592875
fourpeople-720p,1280,720,42,1,nvcr,decode,memory,process_peak_rss_mib,10,555.156640625,0.48289722630601756,0.08698395929523023,554.72265625,556.4453125
fourpeople-720p,1280,720,42,1,nvcr,decode,throughput,codec_seconds,10,2.3900423736,0.0020971493562070174,0.0877452793043241,2.386008358,2.392102091
fourpeople-720p,1280,720,42,1,nvcr,decode,throughput,process_seconds,10,3.735809138299851,0.028138836087369883,0.7532193173063368,3.698437926999759,3.7895876459997453
fourpeople-720p,1280,720,42,1,nvcr,decode,throughput,throughput_fps,10,41.84029138168788,0.03673029709763937,0.0877869055991207,41.804235854413626,41.9110015540021
fourpeople-720p,1280,720,42,1,nvcr,encode,memory,process_peak_rss_mib,10,546.00546875,0.10645596356625327,0.01949723393979344,545.89453125,546.1875
fourpeople-720p,1280,720,42,1,nvcr,encode,throughput,codec_seconds,10,2.6551330415,0.002160345188295282,0.08136485646967087,2.651113096,2.65802061
fourpeople-720p,1280,720,42,1,nvcr,encode,throughput,process_seconds,10,4.021495810399779,0.03276974921501037,0.8148646861763786,3.980420168998535,4.0736039229996095
fourpeople-720p,1280,720,42,1,nvcr,encode,throughput,throughput_fps,10,37.66291859792902,0.030658013633319183,0.08140105646248293,37.62198066628235,37.72000528792228
fourpeople-720p,1280,720,42,1,python,decode,memory,process_peak_rss_mib,10,1249.772265625,0.2550092894081739,0.02040446059031771,1249.2109375,1250.0703125
fourpeople-720p,1280,720,42,1,python,decode,throughput,codec_seconds,10,2.0607797219003943,0.00969685531999892,0.47054302878411225,2.0482347759980257,2.082560629999989
fourpeople-720p,1280,720,42,1,python,decode,throughput,process_seconds,10,5.416321707200086,0.01509627609102835,0.27871823180222843,5.398548030000711,5.450806476999787
fourpeople-720p,1280,720,42,1,python,decode,throughput,throughput_fps,10,48.52628467351329,0.2272745116513862,0.4683534154335076,48.01780969037167,48.82252814561937
fourpeople-720p,1280,720,42,1,python,encode,memory,process_peak_rss_mib,10,1274.925,2.658229067679962,0.2085008190819038,1267.3984375,1275.99609375
fourpeople-720p,1280,720,42,1,python,encode,throughput,codec_seconds,10,3.6856703508003648,0.0918770307221341,2.492817370446124,3.6518393020005533,3.9469996789921424
fourpeople-720p,1280,720,42,1,python,encode,throughput,process_seconds,10,7.2394916272000955,0.11214147547289466,1.5490241752826759,7.193988990000435,7.557946356000684
fourpeople-720p,1280,720,42,1,python,encode,throughput,throughput_fps,10,27.14638995589447,0.6366576204871802,2.345275454753197,25.335700059021736,27.383461245191683
fourpeople-720p,1280,720,42,30,nvcr,decode,memory,process_peak_rss_mib,10,545.51875,0.5133043051434689,0.09409471354439586,544.51171875,546.0078125
fourpeople-720p,1280,720,42,30,nvcr,decode,throughput,codec_seconds,10,1.0282223666,0.0018742981644182945,0.18228529404743393,1.025219375,1.031487206
fourpeople-720p,1280,720,42,30,nvcr,decode,throughput,process_seconds,10,2.2520907799998726,0.021122317500008533,0.9378981383694368,2.226651189000222,2.3041087540000262
fourpeople-720p,1280,720,42,30,nvcr,decode,throughput,throughput_fps,10,97.25551797275352,0.177165863868815,0.18216535941790843,96.94739732913372,97.5400996494043
fourpeople-720p,1280,720,42,30,nvcr,encode,memory,process_peak_rss_mib,10,544.844921875,0.11375246224632105,0.020877952180385465,544.59765625,544.9765625
fourpeople-720p,1280,720,42,30,nvcr,encode,throughput,codec_seconds,10,1.1065319794,0.0010282383679634066,0.09292441493836927,1.104726401,1.10823729
fourpeople-720p,1280,720,42,30,nvcr,encode,throughput,process_seconds,10,2.3114496638000106,0.013636728520794297,0.589964329933778,2.286647667000011,2.337472987000183
fourpeople-720p,1280,720,42,30,nvcr,encode,throughput,throughput_fps,10,90.37251482659228,0.0839780035587614,0.09292427428837104,90.2333831412585,90.52015042772568
fourpeople-720p,1280,720,42,30,python,decode,memory,process_peak_rss_mib,10,1337.877734375,0.3201539347531653,0.023929984521547307,1337.125,1338.23046875
fourpeople-720p,1280,720,42,30,python,decode,throughput,codec_seconds,10,0.9874470051997377,0.0033998753250522413,0.34430964974819334,0.9820901819989558,0.9917309640004532
fourpeople-720p,1280,720,42,30,python,decode,throughput,process_seconds,10,4.329801315800319,0.019712141247123886,0.45526664642070996,4.308923632000187,4.36149968799964
fourpeople-720p,1280,720,42,30,python,decode,throughput,throughput_fps,10,101.27233866972045,0.34887979289639565,0.344496629068869,100.83379830818139,101.82364291277104
fourpeople-720p,1280,720,42,30,python,encode,memory,process_peak_rss_mib,10,1349.278125,2.5973653371981524,0.19250036660886002,1341.9765625,1350.95703125
fourpeople-720p,1280,720,42,30,python,encode,throughput,codec_seconds,10,2.120967152799494,0.01019595973464151,0.48072218945888534,2.1092509529926247,2.142407608999747
fourpeople-720p,1280,720,42,30,python,encode,throughput,process_seconds,10,5.598645403200249,0.014447305438178133,0.2580500174188544,5.576461583999844,5.618962743999873
fourpeople-720p,1280,720,42,30,python,encode,throughput,throughput_fps,10,47.149278317068784,0.2256461019098405,0.4785780609247481,46.676458569286105,47.41019548106359
fourpeople-720p,1280,720,42,100,nvcr,decode,memory,process_peak_rss_mib,10,544.526953125,0.09662563812540832,0.01774487701129961,544.39453125,544.71484375
fourpeople-720p,1280,720,42,100,nvcr,decode,throughput,codec_seconds,10,0.9801864309,0.0009544950604912031,0.09737893021175499,0.97804344,0.981357106
fourpeople-720p,1280,720,42,100,nvcr,decode,throughput,process_seconds,10,2.2040927164001003,0.03442349839608843,1.561799017797746,2.1563007189997734,2.2552933409999696
fourpeople-720p,1280,720,42,100,nvcr,decode,throughput,throughput_fps,10,102.02149537228618,0.09944070856282664,0.09747034994925138,101.89970540652507,102.24494732054028
fourpeople-720p,1280,720,42,100,nvcr,encode,memory,process_peak_rss_mib,10,543.600390625,0.09854715150565475,0.01812860204025074,543.421875,543.73828125
fourpeople-720p,1280,720,42,100,nvcr,encode,throughput,codec_seconds,10,1.0561509676,0.0017239981778352253,0.1632340669774552,1.053363149,1.059866094
fourpeople-720p,1280,720,42,100,nvcr,encode,throughput,process_seconds,10,2.2715926338001395,0.021671410187351654,0.9540183334323297,2.236987869000586,2.3007069120001233
fourpeople-720p,1280,720,42,100,nvcr,encode,throughput,throughput_fps,10,94.68366041673208,0.1543992708722866,0.16306854867326384,94.35154173353526,94.93402165714078
fourpeople-720p,1280,720,42,100,python,decode,memory,process_peak_rss_mib,10,1338.248828125,0.47097291930922763,0.035193224863054845,1337.60546875,1339.19921875
fourpeople-720p,1280,720,42,100,python,decode,throughput,codec_seconds,10,0.9522303974014221,0.003299864487005494,0.3465405532117668,0.9463997460006794,0.9575952260056511
fourpeople-720p,1280,720,42,100,python,decode,throughput,process_seconds,10,4.307821135900224,0.016982510443961076,0.39422505968117844,4.283304799000689,4.326946281000005
fourpeople-720p,1280,720,42,100,python,decode,throughput,throughput_fps,10,105.01773683716046,0.36408576226672745,0.3466897813949995,104.42825662062133,105.66359556052565
fourpeople-720p,1280,720,42,100,python,encode,memory,process_peak_rss_mib,10,1349.173046875,2.4839518892519816,0.18410921378880157,1342.15234375,1350.73046875
fourpeople-720p,1280,720,42,100,python,encode,throughput,codec_seconds,10,2.0641550528993435,0.003730122519904489,0.18070941495722923,2.05696435900245,2.0699133429984613
fourpeople-720p,1280,720,42,100,python,encode,throughput,process_seconds,10,5.541233228100157,0.013719844379903348,0.24759550473942557,5.52303892000009,5.56325791800009
fourpeople-720p,1280,720,42,100,python,encode,throughput,throughput_fps,10,48.44611549664149,0.08760403234297827,0.18082777420833956,48.31120120958336,48.61532945981438
fourpeople-720p,1280,720,63,1,nvcr,decode,memory,process_peak_rss_mib,10,556.39453125,0.11301903320379025,0.02031275054948525,556.20703125,556.5625
fourpeople-720p,1280,720,63,1,nvcr,decode,throughput,codec_seconds,10,2.4201262847,0.0031307766367893604,0.12936418469490954,2.414758259,2.424391623
fourpeople-720p,1280,720,63,1,nvcr,decode,throughput,process_seconds,10,3.7669776182000363,0.017377484991472358,0.4613110762196615,3.7198751420000917,3.779822619000697
fourpeople-720p,1280,720,63,1,nvcr,decode,throughput,throughput_fps,10,41.320220072966386,0.05347919330201672,0.12942620636477514,41.247461446124625,41.412012828734255
fourpeople-720p,1280,720,63,1,nvcr,encode,memory,process_peak_rss_mib,10,545.13359375,0.13810433794679378,0.02533403546032954,544.875,545.31640625
fourpeople-720p,1280,720,63,1,nvcr,encode,throughput,codec_seconds,10,2.6534982359,0.0026760469183604706,0.10084977190319566,2.648267854,2.656702591
fourpeople-720p,1280,720,63,1,nvcr,encode,throughput,process_seconds,10,4.039911781500081,0.027930647731529062,0.6913677635098752,3.9913807949997135,4.072123038999962
fourpeople-720p,1280,720,63,1,nvcr,encode,throughput,throughput_fps,10,37.68613457784669,0.0380412863527653,0.10094239374480019,37.64064533936384,37.760530849988555
fourpeople-720p,1280,720,63,1,python,decode,memory,process_peak_rss_mib,10,1251.789453125,0.2514501264065669,0.020087253953038207,1251.33203125,1252.15234375
fourpeople-720p,1280,720,63,1,python,decode,throughput,codec_seconds,10,2.098089562298219,0.006852294733733703,0.32659686492257234,2.091394084993226,2.1126697069830698
fourpeople-720p,1280,720,63,1,python,decode,throughput,process_seconds,10,5.468118712300066,0.014761325125283366,0.2699525358160024,5.444820924999931,5.492674025999804
fourpeople-720p,1280,720,63,1,python,decode,throughput,throughput_fps,10,47.66286388963548,0.15521828062434323,0.325658737132865,47.33347558753128,47.8149960916256
fourpeople-720p,1280,720,63,1,python,encode,memory,process_peak_rss_mib,10,1271.66875,4.631830819849382,0.36423249528223306,1267.078125,1276.2265625
fourpeople-720p,1280,720,63,1,python,encode,throughput,codec_seconds,10,3.660466664000796,0.0026940400945613474,0.07359826879605648,3.655783373998929,3.6642471260008733
fourpeople-720p,1280,720,63,1,python,encode,throughput,process_seconds,10,7.211281066300034,0.019375699263418037,0.2686859530959778,7.1658671160003,7.23674647200005
fourpeople-720p,1280,720,63,1,python,encode,throughput,throughput_fps,10,27.31893442367122,0.0201077123921633,0.0736035750162365,27.290735739523964,27.3539183725248
fourpeople-720p,1280,720,63,30,nvcr,decode,memory,process_peak_rss_mib,10,544.458203125,0.13062498442483958,0.023991737781724618,544.28125,544.73828125
fourpeople-720p,1280,720,63,30,nvcr,decode,throughput,codec_seconds,10,1.0299631858,0.0008339203024385929,0.08096603004221599,1.028928764,1.031419773
fourpeople-720p,1280,720,63,30,nvcr,decode,throughput,process_seconds,10,2.2615936083997554,0.03128498629410951,1.3833160023938142,2.219295619001059,2.3091959879998285
fourpeople-720p,1280,720,63,30,nvcr,decode,throughput,throughput_fps,10,97.09090612083752,0.07858523457025597,0.08093985081615189,96.95373563485096,97.18845803401021
fourpeople-720p,1280,720,63,30,nvcr,encode,memory,process_peak_rss_mib,10,545.143359375,0.10092699813143616,0.018513845284137312,544.9765625,545.265625
fourpeople-720p,1280,720,63,30,nvcr,encode,throughput,codec_seconds,10,1.1069488463,0.0016425499596775886,0.14838535359315355,1.10569087,1.111359389
fourpeople-720p,1280,720,63,30,nvcr,encode,throughput,process_seconds,10,2.3246137756997998,0.02151753713502781,0.9256392334916018,2.289577231000294,2.365938880999238
fourpeople-720p,1280,720,63,30,nvcr,encode,throughput,throughput_fps,10,90.33858962857637,0.1336444316595434,0.14793725716664088,89.97989398369135,90.44119175913968
fourpeople-720p,1280,720,63,30,python,decode,memory,process_peak_rss_mib,10,1338.1859375,0.41821084305023903,0.03125207277484479,1337.66796875,1338.8046875
fourpeople-720p,1280,720,63,30,python,decode,throughput,codec_seconds,10,0.9888436261019364,0.0037084665301445226,0.3750306350017601,0.9830886980034848,0.996184420999839
fourpeople-720p,1280,720,63,30,python,decode,throughput,process_seconds,10,4.334251686900041,0.01935212779793415,0.4464929403251902,4.29553365799984,4.360340076000284
fourpeople-720p,1280,720,63,30,python,decode,throughput,throughput_fps,10,101.1295019944038,0.37855440691725784,0.3743263829561881,100.38301934056864,101.72022138295962
fourpeople-720p,1280,720,63,30,python,encode,memory,process_peak_rss_mib,10,1347.896875,4.070674118213433,0.30200189596948457,1341.77734375,1350.9140625
fourpeople-720p,1280,720,63,30,python,encode,throughput,codec_seconds,10,2.127086225399398,0.024536001257088675,1.1535028981949995,2.1132753739991585,2.1951245790005487
fourpeople-720p,1280,720,63,30,python,encode,throughput,process_seconds,10,5.606450180599756,0.034145564766634974,0.6090407239288482,5.581842853000126,5.694675913999163
fourpeople-720p,1280,720,63,30,python,encode,throughput,throughput_fps,10,47.018153986399064,0.5283851661218487,1.1237896882865597,45.5555010210539,47.319909762048745
fourpeople-720p,1280,720,63,100,nvcr,decode,memory,process_peak_rss_mib,10,544.5140625,0.15402275447988018,0.028286276716660588,544.23046875,544.80078125
fourpeople-720p,1280,720,63,100,nvcr,decode,throughput,codec_seconds,10,0.9846481977,0.0016436093400912404,0.16692351074530795,0.982428388,0.987512896
fourpeople-720p,1280,720,63,100,nvcr,decode,throughput,process_seconds,10,2.217273974499972,0.026238684135602614,1.1833758226256106,2.167620637001164,2.2449877579999793
fourpeople-720p,1280,720,63,100,nvcr,decode,throughput,throughput_fps,10,101.55937000727127,0.1694357032194942,0.16683414165267393,101.26450034734533,101.78858960252276
fourpeople-720p,1280,720,63,100,nvcr,encode,memory,process_peak_rss_mib,10,543.75078125,0.12556566885968695,0.02309250362289699,543.546875,543.9921875
fourpeople-720p,1280,720,63,100,nvcr,encode,throughput,codec_seconds,10,1.0562685856,0.0009297853175071648,0.08802546342690026,1.05525995,1.057961444
fourpeople-720p,1280,720,63,100,nvcr,encode,throughput,process_seconds,10,2.2568268141000543,0.03018591959325008,1.3375381489025422,2.2286623569998483,2.3065453409999463
fourpeople-720p,1280,720,63,100,nvcr,encode,throughput,throughput_fps,10,94.67295634354556,0.0832827644170474,0.08796890646874292,94.52140299358584,94.76338034055021
fourpeople-720p,1280,720,63,100,python,decode,memory,process_peak_rss_mib,10,1338.1984375,0.4282559803188035,0.03200242716759289,1337.5234375,1338.625
fourpeople-720p,1280,720,63,100,python,decode,throughput,codec_seconds,10,0.9503773486004775,0.005219359911337905,0.5491881639460281,0.9438819420010987,0.9601053670176043
fourpeople-720p,1280,720,63,100,python,decode,throughput,process_seconds,10,4.307450607100179,0.019945312626123094,0.46304216682708493,4.270798733999982,4.327719236000121
fourpeople-720p,1280,720,63,100,python,decode,throughput,throughput_fps,10,105.22421148169983,0.5763051123984501,0.547692498031861,104.15523486826464,105.94545308070276
fourpeople-720p,1280,720,63,100,python,encode,memory,process_peak_rss_mib,10,1350.055859375,0.2997623774094345,0.02220370181928677,1349.7421875,1350.5546875
fourpeople-720p,1280,720,63,100,python,encode,throughput,codec_seconds,10,2.084659504300032,0.06128477712960582,2.939797938377637,2.060519044997818,2.2586767090006106
fourpeople-720p,1280,720,63,100,python,encode,throughput,process_seconds,10,5.558563582599959,0.06654313378796003,1.1971282292472256,5.522015129000465,5.742508003999319
fourpeople-720p,1280,720,63,100,python,encode,throughput,throughput_fps,10,48.00424005488752,1.3143861980351323,2.7380627139025173,44.273711063433545,48.53146115914978
waterfall-cif,352,288,0,1,nvcr,decode,memory,process_peak_rss_mib,10,524.41171875,0.21279563534498305,0.04057797103623231,523.9921875,524.78125
waterfall-cif,352,288,0,1,nvcr,decode,throughput,codec_seconds,10,0.3568197215,0.0011853814860987267,0.332207390644109,0.355799237,0.360019758
waterfall-cif,352,288,0,1,nvcr,decode,throughput,process_seconds,10,1.4666676620998829,0.013980211141124904,0.9531955672295191,1.4506232059993636,1.4923924649997389
waterfall-cif,352,288,0,1,nvcr,decode,throughput,throughput_fps,10,280.256332423809,0.92467970770908,0.32994070096898354,277.7625332440782,281.0573761854357
waterfall-cif,352,288,0,1,nvcr,encode,memory,process_peak_rss_mib,10,523.883984375,0.15142339066345517,0.028903993093834533,523.6171875,524.11328125
waterfall-cif,352,288,0,1,nvcr,encode,throughput,codec_seconds,10,0.3834249014,0.006709068507689233,1.7497738105147578,0.380302937,0.402370188
waterfall-cif,352,288,0,1,nvcr,encode,throughput,process_seconds,10,1.4955575735999844,0.029464778215537262,1.9701533886530391,1.4614391439990868,1.5617861300006552
waterfall-cif,352,288,0,1,nvcr,encode,throughput,throughput_fps,10,260.87618722867444,4.376646229280762,1.6776718012381697,248.527358592481,262.9482716826875
waterfall-cif,352,288,0,1,python,decode,memory,process_peak_rss_mib,10,1254.684765625,0.30374592984598736,0.02420894380547304,1253.91796875,1254.9453125
waterfall-cif,352,288,0,1,python,decode,throughput,codec_seconds,10,0.44412587829851874,0.002930107095737584,0.6597469859137809,0.43934396100485174,0.448832918991684
waterfall-cif,352,288,0,1,python,decode,throughput,process_seconds,10,3.636172533399872,0.010063713123993947,0.2767666559150931,3.618243834000168,3.650456249999479
waterfall-cif,352,288,0,1,python,decode,throughput,throughput_fps,10,225.17021495947583,1.486323122396783,0.6600886900890859,222.80005714521312,227.6120963886327
waterfall-cif,352,288,0,1,python,encode,memory,process_peak_rss_mib,10,1278.560546875,0.19384212149686728,0.015160965350498844,1278.28125,1279.01171875
waterfall-cif,352,288,0,1,python,encode,throughput,codec_seconds,10,0.6203046728008303,0.01327447167651136,2.139992210049589,0.606980435011792,0.65502688599463
waterfall-cif,352,288,0,1,python,encode,throughput,process_seconds,10,3.8509479665000526,0.018851291120678487,0.4895233922833694,3.820491955999387,3.8888344640008654
waterfall-cif,352,288,0,1,python,encode,throughput,throughput_fps,10,161.27511828666715,3.3246707545884187,2.061490197563398,152.66548921599505,164.7499560641642
waterfall-cif,352,288,0,30,nvcr,decode,memory,process_peak_rss_mib,10,523.83671875,0.12032546376766132,0.02297003235183412,523.6796875,524.0234375
waterfall-cif,352,288,0,30,nvcr,decode,throughput,codec_seconds,10,0.1711133885,0.00038425430958625707,0.22456121812248322,0.170737763,0.172096062
waterfall-cif,352,288,0,30,nvcr,decode,throughput,process_seconds,10,1.2590023199000142,0.019263182602617408,1.5300355128930363,1.2494162140001208,1.3103745700000218
waterfall-cif,352,288,0,30,nvcr,decode,throughput,throughput_fps,10,584.41044877638,1.3074859035623854,0.22372733175800633,581.0708207838015,585.6935117511175
waterfall-cif,352,288,0,30,nvcr,encode,memory,process_peak_rss_mib,10,523.71875,0.12097468384725973,0.02309916989744204,523.47265625,523.8359375
waterfall-cif,352,288,0,30,nvcr,encode,throughput,codec_seconds,10,0.1806682648,0.006381590425462237,3.532214377841435,0.17836911,0.198825051
waterfall-cif,352,288,0,30,nvcr,encode,throughput,process_seconds,10,1.2783614560000616,0.030047474392171095,2.350467800100009,1.2394617150000613,1.3209184190000087
waterfall-cif,352,288,0,30,nvcr,encode,throughput,throughput_fps,10,554.0718222998618,17.96750126991593,3.242810867972994,502.9547307899345,560.635190700901
waterfall-cif,352,288,0,30,python,decode,memory,process_peak_rss_mib,10,1346.059375,0.14970900955988847,0.011122021237725006,1345.7421875,1346.3046875
waterfall-cif,352,288,0,30,python,decode,throughput,codec_seconds,10,0.29265679130130595,0.0019188770482117539,0.6556748742031299,0.2890390099983051,0.29546321700763656
waterfall-cif,352,288,0,30,python,decode,throughput,process_seconds,10,3.569731023900073,0.015710036425322337,0.44009020063810006,3.5485404580003888,3.6073517259999903
waterfall-cif,352,288,0,30,python,decode,throughput,throughput_fps,10,341.71042907086604,2.2454247857105654,0.6571133318394842,338.45160495025476,345.9740607352149
waterfall-cif,352,288,0,30,python,encode,memory,process_peak_rss_mib,10,1351.69375,0.2252431050669661,0.016663767592841654,1351.35546875,1352.04296875
waterfall-cif,352,288,0,30,python,encode,throughput,codec_seconds,10,0.4655252681989225,0.001564413747777052,0.33605345502074147,0.46332994999784205,0.46818111500078885
waterfall-cif,352,288,0,30,python,encode,throughput,process_seconds,10,3.833422836100169,0.2024779171789031,5.281909297146271,3.7589092940002047,4.409422480999979
waterfall-cif,352,288,0,30,python,encode,throughput,throughput_fps,10,214.81329313236802,0.7215361587572168,0.3358899015214138,213.5925538129224,215.82891414739268
waterfall-cif,352,288,0,100,nvcr,decode,memory,process_peak_rss_mib,10,523.873046875,0.05156808944873138,0.00984362332751124,523.80859375,523.94921875
waterfall-cif,352,288,0,100,nvcr,decode,throughput,codec_seconds,10,0.1650304502,0.00025290418707082636,0.15324698367139664,0.164548413,0.16530726
waterfall-cif,352,288,0,100,nvcr,decode,throughput,process_seconds,10,1.2579140206001285,0.0191433843876165,1.5218356798729002,1.2297310619997006,1.3002490050002962
waterfall-cif,352,288,0,100,nvcr,decode,throughput,throughput_fps,10,605.9500627984079,0.9299194913796389,0.15346470748514662,604.9341087620712,607.7238800230787
waterfall-cif,352,288,0,100,nvcr,encode,memory,process_peak_rss_mib,10,523.682421875,0.1347017637539321,0.025722032691424698,523.390625,523.91015625
waterfall-cif,352,288,0,100,nvcr,encode,throughput,codec_seconds,10,0.17400600189999998,0.006200750844063854,3.5635269912283722,0.171793757,0.191645947
waterfall-cif,352,288,0,100,nvcr,encode,throughput,process_seconds,10,1.2544312626999043,0.02071040167109818,1.6509793949589007,1.2307325700003275,1.2911276369995903
waterfall-cif,352,288,0,100,nvcr,encode,throughput,throughput_fps,10,575.2960334839905,18.808348320668994,3.2693339126233343,521.7955378936347,582.0933295032369
waterfall-cif,352,288,0,100,python,decode,memory,process_peak_rss_mib,10,1346.1390625,0.15664230265449616,0.011636413132799657,1345.8984375,1346.375
waterfall-cif,352,288,0,100,python,decode,throughput,codec_seconds,10,0.2870645697980308,0.0030777916098931827,1.0721600412264793,0.28382117599812773,0.2948941879999438
waterfall-cif,352,288,0,100,python,decode,throughput,process_seconds,10,3.5672140707999005,0.019959017537010054,0.5595127497502416,3.5480708889999732,3.608944122000139
waterfall-cif,352,288,0,100,python,decode,throughput,throughput_fps,10,348.38912100172126,3.6728882618380028,1.0542488385622857,339.1046825243604,352.33452771212416
waterfall-cif,352,288,0,100,python,encode,memory,process_peak_rss_mib,10,1351.59609375,0.15262949519611027,0.011292537460110596,1351.34765625,1351.796875
waterfall-cif,352,288,0,100,python,encode,throughput,codec_seconds,10,0.46020096320139603,0.0029574559596818777,0.6426444523514866,0.45330441099713426,0.46386259000246355
waterfall-cif,352,288,0,100,python,encode,throughput,process_seconds,10,3.7636682149000533,0.00977035761985786,0.25959667701785766,3.748621735999677,3.7793021779998526
waterfall-cif,352,288,0,100,python,encode,throughput,throughput_fps,10,217.3045062335953,1.406315071554072,0.6471633266741045,215.5810840435934,220.60230956065456
waterfall-cif,352,288,21,1,nvcr,decode,memory,process_peak_rss_mib,10,524.783984375,0.14138310795132386,0.026941200981906173,524.57421875,524.9609375
waterfall-cif,352,288,21,1,nvcr,decode,throughput,codec_seconds,10,0.3604089522,0.0009949788210157813,0.2760693969842465,0.359187091,0.362913971
waterfall-cif,352,288,21,1,nvcr,decode,throughput,process_seconds,10,1.47990898369996,0.03243669031059036,2.1918030546374907,1.4517449590002798,1.5346833769999648
waterfall-cif,352,288,21,1,nvcr,decode,throughput,throughput_fps,10,277.4644814556893,0.7627610463410168,0.2749040318022935,275.54739687880465,278.40644195088845
waterfall-cif,352,288,21,1,nvcr,encode,memory,process_peak_rss_mib,10,523.888671875,0.09754768270684698,0.018619925939173942,523.671875,524.015625
waterfall-cif,352,288,21,1,nvcr,encode,throughput,codec_seconds,10,0.3832190206,0.0051351032338327746,1.3399917430488766,0.380496679,0.396790604
waterfall-cif,352,288,21,1,nvcr,encode,throughput,process_seconds,10,1.5139766687002179,0.03970375497758291,2.622481296998418,1.4614420369998697,1.6026458219999995
waterfall-cif,352,288,21,1,nvcr,encode,throughput,throughput_fps,10,260.9884495239067,3.4054733669578248,1.304836812958606,252.02209677323913,262.8143831972841
waterfall-cif,352,288,21,1,python,decode,memory,process_peak_rss_mib,10,1255.084765625,0.18515286198845904,0.014752219695397039,1254.69921875,1255.3125
waterfall-cif,352,288,21,1,python,decode,throughput,codec_seconds,10,0.447652329598759,0.0037201514104959633,0.8310358652283615,0.44070013100463257,0.4526960919997691
waterfall-cif,352,288,21,1,python,decode,throughput,process_seconds,10,3.6479671292000377,0.009960257949910511,0.27303584701144756,3.628707659000611,3.6599920640001073
waterfall-cif,352,288,21,1,python,decode,throughput,throughput_fps,10,223.40160027660187,1.8658123297211195,0.8351830637788573,220.89874811654218,226.91166388364158
waterfall-cif,352,288,21,1,python,encode,memory,process_peak_rss_mib,10,1278.494921875,0.15543461291185767,0.012157624582810405,1278.2109375,1278.671875
waterfall-cif,352,288,21,1,python,encode,throughput,codec_seconds,10,0.6187101596999582,0.0049939152698817236,0.8071493883830045,0.6108027109994509,0.6254715629984275
waterfall-cif,352,288,21,1,python,encode,throughput,process_seconds,10,3.8667274663999365,0.02408032139716563,0.6227571404091036,3.8314169639999136,3.9196706350003296
waterfall-cif,352,288,21,1,python,encode,throughput,throughput_fps,10,161.6360572705666,1.306246909090503,0.8081407893437687,159.87937088716438,163.71898519633436
waterfall-cif,352,288,21,30,nvcr,decode,memory,process_peak_rss_mib,10,523.85703125,0.14857678041611833,0.0283620857510669,523.63671875,524.12109375
waterfall-cif,352,288,21,30,nvcr,decode,throughput,codec_seconds,10,0.1717733353,0.0008773412306581002,0.5107551932468649,0.171157262,0.174188459
waterfall-cif,352,288,21,30,nvcr,decode,throughput,process_seconds,10,1.266123855999831,0.028573512991825763,2.256770761914274,1.2396439129997816,1.3304168209997442
waterfall-cif,352,288,21,30,nvcr,decode,throughput,throughput_fps,10,582.1760478121713,2.940045989877511,0.5050097819939965,574.0908472013062,584.2580024445589
waterfall-cif,352,288,21,30,nvcr,encode,memory,process_peak_rss_mib,10,523.815625,0.11162735432069905,0.02131042851589222,523.6171875,524.015625
waterfall-cif,352,288,21,30,nvcr,encode,throughput,codec_seconds,10,0.1786900685,0.0002454642236892919,0.13736869975473312,0.178419035,0.179262396
waterfall-cif,352,288,21,30,nvcr,encode,throughput,process_seconds,10,1.2743331210000406,0.03917864335611185,3.074442836843648,1.2398537009999018,1.3517581770001925
waterfall-cif,352,288,21,30,nvcr,encode,throughput,throughput_fps,10,559.6291411793975,0.7675804163327019,0.13715876459096732,557.8414783656021,560.4783144354525
waterfall-cif,352,288,21,30,python,decode,memory,process_peak_rss_mib,10,1346.08046875,0.17694157929282447,0.013144948121648056,1345.7109375,1346.34765625
waterfall-cif,352,288,21,30,python,decode,throughput,codec_seconds,10,0.2914673434986298,0.0018418264781573184,0.6319152108256605,0.2892320910004855,0.2950251720003507
waterfall-cif,352,288,21,30,python,decode,throughput,process_seconds,10,3.564316919200087,0.010147806855577667,0.284705515407846,3.5493373529989185,3.5782819949999976
waterfall-cif,352,288,21,30,python,decode,throughput,throughput_fps,10,343.1038935226077,2.1599619475963254,0.6295358310919319,338.9541282934363,345.7431008229033
waterfall-cif,352,288,21,30,python,encode,memory,process_peak_rss_mib,10,1351.665625,0.1897578180573567,0.014038813634648487,1351.34375,1352.05859375
waterfall-cif,352,288,21,30,python,encode,throughput,codec_seconds,10,0.4675886267979422,0.004084542170947336,0.8735332591210303,0.46184239899594104,0.47725251200199637
waterfall-cif,352,288,21,30,python,encode,throughput,process_seconds,10,3.77263206229984,0.01707786671415861,0.45267777064238135,3.750183938999726,3.812305159999596
waterfall-cif,352,288,21,30,python,encode,throughput,throughput_fps,10,213.8777539255226,1.8513603937085363,0.8656161567664605,209.53268444940463,216.52407881433783
waterfall-cif,352,288,21,100,nvcr,decode,memory,process_peak_rss_mib,10,523.835546875,0.14506926420541566,0.027693665515989268,523.52734375,524.07421875
waterfall-cif,352,288,21,100,nvcr,decode,throughput,codec_seconds,10,0.1653016212,0.0004393123837968704,0.2657641108464037,0.164994898,0.166494318
waterfall-cif,352,288,21,100,nvcr,decode,throughput,process_seconds,10,1.2673322898000605,0.02890082583140255,2.280445788685938,1.2398534009998912,1.3221399509998264
waterfall-cif,352,288,21,100,nvcr,decode,throughput,throughput_fps,10,604.9585684215729,1.5987623298050877,0.26427633448956633,600.621097471927,606.0793467686498
waterfall-cif,352,288,21,100,nvcr,encode,memory,process_peak_rss_mib,10,523.59921875,0.12784575345058288,0.024416719672690095,523.48046875,523.796875
waterfall-cif,352,288,21,100,nvcr,encode,throughput,codec_seconds,10,0.1732216113,0.0038090349545062204,2.198937491644393,0.17191023,0.184060329
waterfall-cif,352,288,21,100,nvcr,encode,throughput,process_seconds,10,1.258151050000174,0.01478228558893573,1.1749213728298906,1.2297307229996477,1.2809556739998698
waterfall-cif,352,288,21,100,nvcr,encode,throughput,throughput_fps,10,577.533267668896,12.030822746878917,2.0831393480481326,543.3001263406413,581.6989483406543
waterfall-cif,352,288,21,100,python,decode,memory,process_peak_rss_mib,10,1346.099609375,0.175170137563981,0.013013163093131962,1345.890625,1346.40234375
waterfall-cif,352,288,21,100,python,decode,throughput,codec_seconds,10,0.28596836869778597,0.0014927169701487008,0.5219867417316417,0.28325824899457075,0.2886522429996603
waterfall-cif,352,288,21,100,python,decode,throughput,process_seconds,10,3.5583075537998865,0.0093417554003322,0.2625336697036269,3.54688854899905,3.568432723999649
waterfall-cif,352,288,21,100,python,decode,throughput,throughput_fps,10,349.69759010188534,1.8232524541296777,0.5213797594654479,346.43763360646284,353.0347319273188
waterfall-cif,352,288,21,100,python,encode,memory,process_peak_rss_mib,10,1351.579296875,0.1760082446392486,0.013022413486666972,1351.28515625,1351.796875
waterfall-cif,352,288,21,100,python,encode,throughput,codec_seconds,10,0.45975404110101864,0.0014793349039384236,0.3217665907613804,0.457053383011953,0.46212432799984526
waterfall-cif,352,288,21,100,python,encode,throughput,process_seconds,10,3.7745118830999216,0.020561949634083948,0.5447578460713941,3.7469918080000753,3.8105665809998754
waterfall-cif,352,288,21,100,python,encode,throughput,throughput_fps,10,217.5096313274355,0.7000051201880368,0.3218271834290687,216.391983587658,218.7928231512177
waterfall-cif,352,288,42,1,nvcr,decode,memory,process_peak_rss_mib,10,524.517578125,0.10289342290868053,0.01961677305010349,524.33984375,524.68359375
waterfall-cif,352,288,42,1,nvcr,decode,throughput,codec_seconds,10,0.3761987484,0.000516656988332191,0.13733617948745705,0.375625462,0.376843656
waterfall-cif,352,288,42,1,nvcr,decode,throughput,process_seconds,10,1.4897596707002208,0.03382805949624893,2.270705816620004,1.4417161679999708,1.5235249600000316
waterfall-cif,352,288,42,1,nvcr,decode,throughput,throughput_fps,10,265.81739076993216,0.364975958842084,0.13730326589428254,265.3620365046028,266.22263428989805
waterfall-cif,352,288,42,1,nvcr,encode,memory,process_peak_rss_mib,10,523.72421875,0.20309328010878946,0.03877866877982516,523.328125,523.984375
waterfall-cif,352,288,42,1,nvcr,encode,throughput,codec_seconds,10,0.3814143028,0.002038126926524922,0.5343603822832105,0.380130725,0.38712544
waterfall-cif,352,288,42,1,nvcr,encode,throughput,process_seconds,10,1.5054888689998052,0.025309542964036567,1.6811511187625952,1.4716894079992926,1.5414579769999364
waterfall-cif,352,288,42,1,nvcr,encode,throughput,throughput_fps,10,262.1887456557231,1.3834255026246152,0.5276448839040462,258.31420430545717,263.06739609117363
waterfall-cif,352,288,42,1,python,decode,memory,process_peak_rss_mib,10,1255.444921875,0.19381763002566965,0.015438162730086486,1255.0703125,1255.65625
waterfall-cif,352,288,42,1,python,decode,throughput,codec_seconds,10,0.4687543717010044,0.002858587801103236,0.6098263768143778,0.4642555169957632,0.47432773200034717
waterfall-cif,352,288,42,1,python,decode,throughput,process_seconds,10,3.667355991200202,0.007902828139682285,0.2154911647149901,3.658925229000033,3.6823049869999522
waterfall-cif,352,288,42,1,python,decode,throughput,throughput_fps,10,213.33846399013774,1.2973518327697542,0.6081190463758699,210.82469620377753,215.39862497942616
waterfall-cif,352,288,42,1,python,encode,memory,process_peak_rss_mib,10,1278.616015625,0.16403201188276947,0.012828871989577655,1278.3828125,1278.88671875
waterfall-cif,352,288,42,1,python,encode,throughput,codec_seconds,10,0.6250934654969796,0.003941659711701861,0.630571255223097,0.6207003659937982,0.6344373369865934
waterfall-cif,352,288,42,1,python,encode,throughput,process_seconds,10,3.864752140500002,0.012002464492655315,0.31056233508166187,3.840274579000834,3.8815235490001214
waterfall-cif,352,288,42,1,python,encode,throughput,throughput_fps,10,159.9817565586678,1.000907578415386,0.6256385727633499,157.6199794214084,161.1083309736588
waterfall-cif,352,288,42,30,nvcr,decode,memory,process_peak_rss_mib,10,523.849609375,0.10567350880064305,0.020172489758410073,523.6796875,524.05859375
waterfall-cif,352,288,42,30,nvcr,decode,throughput,codec_seconds,10,0.1727943579,0.0005071435813964834,0.29349545179593123,0.172285405,0.174184823
waterfall-cif,352,288,42,30,nvcr,decode,throughput,process_seconds,10,1.2792984145999413,0.03399850991402044,2.6575902483747202,1.2302822660003585,1.3294257719999223
waterfall-cif,352,288,42,30,nvcr,decode,throughput,throughput_fps,10,578.7270579651528,1.6878480835272063,0.29164837902375,574.1028309911939,580.4322194326327
waterfall-cif,352,288,42,30,nvcr,encode,memory,process_peak_rss_mib,10,523.6859375,0.16451862849921856,0.03141551390220757,523.453125,524.03125
waterfall-cif,352,288,42,30,nvcr,encode,throughput,codec_seconds,10,0.1799919926,0.004569587407802402,2.5387726097113066,0.178316284,0.192991989
waterfall-cif,352,288,42,30,nvcr,encode,throughput,process_seconds,10,1.2659879308999848,0.014804182113424047,1.1693778236021433,1.2394526080006472,1.2798484120000921
waterfall-cif,352,288,42,30,nvcr,encode,throughput,throughput_fps,10,555.8832980745804,13.262227610467432,2.385793503133476,518.1562225362629,560.8012782500559
waterfall-cif,352,288,42,30,python,decode,memory,process_peak_rss_mib,10,1346.083203125,0.19358655810670505,0.014381470451253243,1345.78125,1346.35546875
waterfall-cif,352,288,42,30,python,decode,throughput,codec_seconds,10,0.29408371720203375,0.00197491239722733,0.6715476858144368,0.29138557999431214,0.2981705580009475
waterfall-cif,352,288,42,30,python,decode,throughput,process_seconds,10,3.5709313411002315,0.013182617735354465,0.369164693356798,3.55672537800001,3.5977767180002047
waterfall-cif,352,288,42,30,python,decode,throughput,throughput_fps,10,340.05297046324876,2.2739239226215835,0.6686969737461352,335.378518491025,343.1878818504059
waterfall-cif,352,288,42,30,python,encode,memory,process_peak_rss_mib,10,1351.672265625,0.18925905545472477,0.01400184499363189,1351.31640625,1351.88671875
waterfall-cif,352,288,42,30,python,encode,throughput,codec_seconds,10,0.4693414637969909,0.007155897286641068,1.5246676116679696,0.46442502598620194,0.4887914529999762
waterfall-cif,352,288,42,30,python,encode,throughput,process_seconds,10,3.7740282557001366,0.021945118385454453,0.581477320746326,3.758733054000004,3.828642899999977
waterfall-cif,352,288,42,30,python,encode,throughput,throughput_fps,10,213.10767990104586,3.1476832145508142,1.4770388453444783,204.58622872033908,215.32000733089478
waterfall-cif,352,288,42,100,nvcr,decode,memory,process_peak_rss_mib,10,523.88046875,0.10481892144743132,0.020008175089545426,523.73046875,524.02734375
waterfall-cif,352,288,42,100,nvcr,decode,throughput,codec_seconds,10,0.1657847824,0.0001876301302570202,0.11317693188770032,0.16552973,0.166121985
waterfall-cif,352,288,42,100,nvcr,decode,throughput,process_seconds,10,1.2720876579001867,0.02527150225177352,1.9866164171020066,1.2309364490010921,1.3102476929998375
waterfall-cif,352,288,42,100,nvcr,decode,throughput,throughput_fps,10,603.1923663331338,0.6821809601899138,0.1130950917593602,601.967283258745,604.1210844722576
waterfall-cif,352,288,42,100,nvcr,encode,memory,process_peak_rss_mib,10,523.649609375,0.10586265818504405,0.020216315698467918,523.4765625,523.86328125
waterfall-cif,352,288,42,100,nvcr,encode,throughput,codec_seconds,10,0.1720920197,0.00019589148718447376,0.11382950094139302,0.171752312,0.172499722
waterfall-cif,352,288,42,100,nvcr,encode,throughput,process_seconds,10,1.2673817320001546,0.022932788760343405,1.8094618362654928,1.2319082220001292,1.3106202529997972
waterfall-cif,352,288,42,100,nvcr,encode,throughput,throughput_fps,10,581.085146952195,0.6611190439033183,0.11377317891722115,579.7110791865508,582.2337925791649
waterfall-cif,352,288,42,100,python,decode,memory,process_peak_rss_mib,10,1346.183984375,0.1873140896905905,0.01391444942628372,1345.9140625,1346.546875
waterfall-cif,352,288,42,100,python,decode,throughput,codec_seconds,10,0.28649916040039897,0.0016985558272471911,0.5928659005050354,0.2840757359986128,0.28935234500295337
waterfall-cif,352,288,42,100,python,decode,throughput,process_seconds,10,3.5668094743000665,0.017005752175483457,0.4767777000149576,3.548738722000053,3.608222955000201
waterfall-cif,352,288,42,100,python,decode,throughput,throughput_fps,10,349.0521926264954,2.0672238759998116,0.5922391893443432,345.5994109844844,352.0188010724306
waterfall-cif,352,288,42,100,python,encode,memory,process_peak_rss_mib,10,1351.552734375,0.14161316104318256,0.010477812477562623,1351.3125,1351.78125
waterfall-cif,352,288,42,100,python,encode,throughput,codec_seconds,10,0.4605667463983309,0.00445261308534164,0.9667682524110639,0.4555679929997041,0.47039763199973095
waterfall-cif,352,288,42,100,python,encode,throughput,process_seconds,10,3.7624640675997854,0.012076844714596075,0.3209823269435325,3.7401319339996917,3.7792629609994037
waterfall-cif,352,288,42,100,python,encode,throughput,throughput_fps,10,217.14188436605437,2.0790798543455136,0.9574752749408002,212.5861041750678,219.5062022280063
waterfall-cif,352,288,63,1,nvcr,decode,memory,process_peak_rss_mib,10,525.06640625,0.11570239526834927,0.022035764217842545,524.86328125,525.21875
waterfall-cif,352,288,63,1,nvcr,decode,throughput,codec_seconds,10,0.407733507,0.0005092650134504291,0.12490143799990151,0.407195,0.408490955
waterfall-cif,352,288,63,1,nvcr,decode,throughput,process_seconds,10,1.5261253159000034,0.01086877374882469,0.7121809484180555,1.5023974119999366,1.5421941049999077
waterfall-cif,352,288,63,1,nvcr,decode,throughput,throughput_fps,10,245.258578415197,0.3061036513738864,0.12480854017496794,244.80346204972886,245.58258328319357
waterfall-cif,352,288,63,1,nvcr,encode,memory,process_peak_rss_mib,10,523.990625,0.1390756665115253,0.026541632593431477,523.7578125,524.203125
waterfall-cif,352,288,63,1,nvcr,encode,throughput,codec_seconds,10,0.3810383985,0.00027904281436537425,0.07323220322777371,0.380701166,0.381659157
waterfall-cif,352,288,63,1,nvcr,encode,throughput,process_seconds,10,1.5068128189998675,0.023803642692343793,1.579734549122248,1.4516088540000283,1.5318827280000278
waterfall-cif,352,288,63,1,nvcr,encode,throughput,throughput_fps,10,262.4408685047794,0.192069410999545,0.07318578546620194,262.0138890051575,262.67321702923283
waterfall-cif,352,288,63,1,python,decode,memory,process_peak_rss_mib,10,1256.453515625,0.18983151466630474,0.015108518723979733,1256.21875,1256.703125
waterfall-cif,352,288,63,1,python,decode,throughput,codec_seconds,10,0.5016883729011511,0.0035885052625385773,0.7152857144739189,0.4961860030180105,0.506644538002547
waterfall-cif,352,288,63,1,python,decode,throughput,process_seconds,10,3.702558251799894,0.017525397679307175,0.47333212572111993,3.6878691699994306,3.748186901999361
waterfall-cif,352,288,63,1,python,decode,throughput,throughput_fps,10,199.33610986701893,1.4269922114265983,0.7158724088568665,197.37704149392658,201.53732550244914
waterfall-cif,352,288,63,1,python,encode,memory,process_peak_rss_mib,10,1279.6421875,0.3138220731876451,0.02452420498895478,1278.82421875,1279.94921875
waterfall-cif,352,288,63,1,python,encode,throughput,codec_seconds,10,0.6353166804997613,0.0075383866828913635,1.1865557625468637,0.6265748730011182,0.650318987000901
waterfall-cif,352,288,63,1,python,encode,throughput,process_seconds,10,3.8826458173997933,0.011809705614347025,0.304166441384447,3.8716505140000663,3.910648544999276
waterfall-cif,352,288,63,1,python,encode,throughput,throughput_fps,10,157.4215867104174,1.8513780330171086,1.1760636337777386,153.77069099761877,159.5978458584335
waterfall-cif,352,288,63,30,nvcr,decode,memory,process_peak_rss_mib,10,523.83984375,0.15760050048060162,0.030085626811506092,523.6953125,524.171875
waterfall-cif,352,288,63,30,nvcr,decode,throughput,codec_seconds,10,0.1756630351,0.00014259005824737188,0.08117248922984815,0.175485592,0.175940665
waterfall-cif,352,288,63,30,nvcr,decode,throughput,process_seconds,10,1.2721317690001115,0.025306053321350257,1.9892635289849474,1.249794257000758,1.311118747999899
waterfall-cif,352,288,63,30,nvcr,decode,throughput,throughput_fps,10,569.2720680231241,0.46182599211123526,0.08112570738188328,568.3734343052529,569.8473524823622
waterfall-cif,352,288,63,30,nvcr,encode,memory,process_peak_rss_mib,10,523.91015625,0.18062857431103996,0.034477013311581504,523.51953125,524.1015625
waterfall-cif,352,288,63,30,nvcr,encode,throughput,codec_seconds,10,0.17870713230000002,0.00012712422180777592,0.07113550543375594,0.17847044,0.178888821
waterfall-cif,352,288,63,30,nvcr,encode,throughput,process_seconds,10,1.2904871196999352,0.03348430849275398,2.5947030374499027,1.2391176699993594,1.3507836270000553
waterfall-cif,352,288,63,30,nvcr,encode,throughput,throughput_fps,10,559.5750111460171,0.3981115619666442,0.07114534316879276,559.0064233247979,560.3168793666895
waterfall-cif,352,288,63,30,python,decode,memory,process_peak_rss_mib,10,1346.3140625,0.10886538020392178,0.008086180129602693,1346.1171875,1346.51171875
waterfall-cif,352,288,63,30,python,decode,throughput,codec_seconds,10,0.2965609003999248,0.0036221048549735543,1.2213696579990803,0.29214680399491044,0.3041406740005641
waterfall-cif,352,288,63,30,python,decode,throughput,process_seconds,10,3.569550742200113,0.017484882287147775,0.4898342550628897,3.528141578000941,3.5876080610000827
waterfall-cif,352,288,63,30,python,decode,throughput,throughput_fps,10,337.2437796551291,4.086081893374292,1.2116107515912626,328.7952205952385,342.29366411874946
waterfall-cif,352,288,63,30,python,encode,memory,process_peak_rss_mib,10,1351.686328125,0.23136119288539012,0.017116485390980037,1351.27734375,1352.125
waterfall-cif,352,288,63,30,python,encode,throughput,codec_seconds,10,0.4696591109006363,0.003987430291290117,0.8490052037197082,0.4614881229972525,0.4759679940011665
waterfall-cif,352,288,63,30,python,encode,throughput,process_seconds,10,3.7875093174999845,0.021416170893513102,0.565442064909539,3.746767717999319,3.818601222000325
waterfall-cif,352,288,63,30,python,encode,throughput,throughput_fps,10,212.9342693446698,1.816817913669083,0.8532294586778133,210.09816050731118,216.6903003928345
waterfall-cif,352,288,63,100,nvcr,decode,memory,process_peak_rss_mib,10,523.80546875,0.08290089621801444,0.015826657254237465,523.71484375,523.9609375
waterfall-cif,352,288,63,100,nvcr,decode,throughput,codec_seconds,10,0.1675603754,0.00022288587714603512,0.13301824886340946,0.167273509,0.168052167
waterfall-cif,352,288,63,100,nvcr,decode,throughput,process_seconds,10,1.2630719244001967,0.028532526118442817,2.2589787301298974,1.2392694250002023,1.3199897980002788
waterfall-cif,352,288,63,100,nvcr,decode,throughput,throughput_fps,10,596.800757971351,0.7928565224156027,0.1328511252416444,595.0533205561104,597.8232931073384
waterfall-cif,352,288,63,100,nvcr,encode,memory,process_peak_rss_mib,10,523.58828125,0.14355077529155166,0.027416728072836648,523.28125,523.80078125
waterfall-cif,352,288,63,100,nvcr,encode,throughput,codec_seconds,10,0.1727257464,0.0023664118937226594,1.3700400450101395,0.17184369,0.179455889
waterfall-cif,352,288,63,100,nvcr,encode,throughput,process_seconds,10,1.2658616715000335,0.03549651534963399,2.804138568124191,1.2284169100003055,1.330359927000245
waterfall-cif,352,288,63,100,nvcr,encode,throughput,throughput_fps,10,579.0470352161041,7.668140169450324,1.3242689631574618,557.2400023049676,581.9241893606917
waterfall-cif,352,288,63,100,python,decode,memory,process_peak_rss_mib,10,1346.274609375,0.15576149765418826,0.01156981618531004,1345.96875,1346.54296875
waterfall-cif,352,288,63,100,python,decode,throughput,codec_seconds,10,0.2885915072986222,0.005220833999693236,1.809074025969496,0.2837645799936581,0.3021871280052437
waterfall-cif,352,288,63,100,python,decode,throughput,process_seconds,10,3.561571533200015,0.009630742859509612,0.27040711578398496,3.5473154179999256,3.577597776999937
waterfall-cif,352,288,63,100,python,decode,throughput,throughput_fps,10,346.60948946803893,6.078341733388389,1.7536570457771257,330.92077965102715,352.4047997894413
waterfall-cif,352,288,63,100,python,encode,memory,process_peak_rss_mib,10,1351.74921875,0.1412241288069842,0.010447509556364165,1351.5078125,1351.92578125
waterfall-cif,352,288,63,100,python,encode,throughput,codec_seconds,10,0.46239063699907773,0.0018040813116379315,0.3901638933146325,0.4579303429979973,0.46427985800437455
waterfall-cif,352,288,63,100,python,encode,throughput,process_seconds,10,3.763442771699874,0.016024817694044496,0.42580208245883316,3.7395657160000155,3.7893044739994366
waterfall-cif,352,288,63,100,python,encode,throughput,throughput_fps,10,216.27033498639477,0.8486759283255234,0.3924143957972379,215.38733217898456,218.37382372462125
